-- MySQL dump 10.11
--
-- Host: localhost    Database: uvt
-- ------------------------------------------------------
-- Server version	5.0.95-log

/*!40101 SET @OLD_CHARACTER_SET_CLIENT=@@CHARACTER_SET_CLIENT */;
/*!40101 SET @OLD_CHARACTER_SET_RESULTS=@@CHARACTER_SET_RESULTS */;
/*!40101 SET @OLD_COLLATION_CONNECTION=@@COLLATION_CONNECTION */;
/*!40101 SET NAMES utf8 */;
/*!40103 SET @OLD_TIME_ZONE=@@TIME_ZONE */;
/*!40103 SET TIME_ZONE='+00:00' */;
/*!40014 SET @OLD_UNIQUE_CHECKS=@@UNIQUE_CHECKS, UNIQUE_CHECKS=0 */;
/*!40014 SET @OLD_FOREIGN_KEY_CHECKS=@@FOREIGN_KEY_CHECKS, FOREIGN_KEY_CHECKS=0 */;
/*!40101 SET @OLD_SQL_MODE=@@SQL_MODE, SQL_MODE='NO_AUTO_VALUE_ON_ZERO' */;
/*!40111 SET @OLD_SQL_NOTES=@@SQL_NOTES, SQL_NOTES=0 */;

--
-- Table structure for table `choices`
--

DROP TABLE IF EXISTS `choices`;
/*!40101 SET @saved_cs_client     = @@character_set_client */;
/*!40101 SET character_set_client = utf8 */;
CREATE TABLE `choices` (
  `choice_id` int(11) NOT NULL auto_increment,
  `question_id` int(11) NOT NULL,
  `name` text NOT NULL,
  `score` int(11) NOT NULL,
  PRIMARY KEY  (`choice_id`)
) ENGINE=InnoDB AUTO_INCREMENT=729 DEFAULT CHARSET=utf8;
/*!40101 SET character_set_client = @saved_cs_client */;

--
-- Dumping data for table `choices`
--

LOCK TABLES `choices` WRITE;
/*!40000 ALTER TABLE `choices` DISABLE KEYS */;
INSERT INTO `choices` VALUES (1,1,'{\"ro\":\"foarte usor\",\"en\":\"foarte usor\"}',1),(2,1,'{\"ro\":\"putin\",\"en\":\"putin\"}',2),(3,1,'{\"ro\":\"moderat\",\"en\":\"moderat\"}',3),(4,1,'{\"ro\":\"destul de mult\",\"en\":\"destul de mult\"}',4),(5,1,'{\"ro\":\"extrem\",\"en\":\"extrem\"}',5),(6,2,'{\"ro\":\"foarte usor\",\"en\":\"foarte usor\"}',1),(7,2,'{\"ro\":\"putin\",\"en\":\"putin\"}',2),(8,2,'{\"ro\":\"moderat\",\"en\":\"moderat\"}',3),(9,2,'{\"ro\":\"destul de mult\",\"en\":\"destul de mult\"}',4),(10,2,'{\"ro\":\"extrem\",\"en\":\"extrem\"}',5),(11,3,'{\"ro\":\"foarte usor\",\"en\":\"foarte usor\"}',1),(12,3,'{\"ro\":\"putin\",\"en\":\"putin\"}',2),(13,3,'{\"ro\":\"moderat\",\"en\":\"moderat\"}',3),(14,3,'{\"ro\":\"destul de mult\",\"en\":\"destul de mult\"}',4),(15,3,'{\"ro\":\"extrem\",\"en\":\"extrem\"}',5),(16,4,'{\"ro\":\"foarte usor\",\"en\":\"foarte usor\"}',1),(17,4,'{\"ro\":\"putin\",\"en\":\"putin\"}',2),(18,4,'{\"ro\":\"moderat\",\"en\":\"moderat\"}',3),(19,4,'{\"ro\":\"destul de mult\",\"en\":\"destul de mult\"}',4),(20,4,'{\"ro\":\"extrem\",\"en\":\"extrem\"}',5),(21,5,'{\"ro\":\"foarte usor\",\"en\":\"foarte usor\"}',1),(22,5,'{\"ro\":\"putin\",\"en\":\"putin\"}',2),(23,5,'{\"ro\":\"moderat\",\"en\":\"moderat\"}',3),(24,5,'{\"ro\":\"destul de mult\",\"en\":\"destul de mult\"}',4),(25,5,'{\"ro\":\"extrem\",\"en\":\"extrem\"}',5),(26,6,'{\"ro\":\"foarte usor\",\"en\":\"foarte usor\"}',1),(27,6,'{\"ro\":\"putin\",\"en\":\"putin\"}',2),(28,6,'{\"ro\":\"moderat\",\"en\":\"moderat\"}',3),(29,6,'{\"ro\":\"destul de mult\",\"en\":\"destul de mult\"}',4),(30,6,'{\"ro\":\"extrem\",\"en\":\"extrem\"}',5),(31,7,'{\"ro\":\"foarte usor\",\"en\":\"foarte usor\"}',1),(32,7,'{\"ro\":\"putin\",\"en\":\"putin\"}',2),(33,7,'{\"ro\":\"moderat\",\"en\":\"moderat\"}',3),(34,7,'{\"ro\":\"destul de mult\",\"en\":\"destul de mult\"}',4),(35,7,'{\"ro\":\"extrem\",\"en\":\"extrem\"}',5),(36,8,'{\"ro\":\"foarte usor\",\"en\":\"foarte usor\"}',1),(37,8,'{\"ro\":\"putin\",\"en\":\"putin\"}',2),(38,8,'{\"ro\":\"moderat\",\"en\":\"moderat\"}',3),(39,8,'{\"ro\":\"destul de mult\",\"en\":\"destul de mult\"}',4),(40,8,'{\"ro\":\"extrem\",\"en\":\"extrem\"}',5),(41,9,'{\"ro\":\"foarte usor\",\"en\":\"foarte usor\"}',1),(42,9,'{\"ro\":\"putin\",\"en\":\"putin\"}',2),(43,9,'{\"ro\":\"moderat\",\"en\":\"moderat\"}',3),(44,9,'{\"ro\":\"destul de mult\",\"en\":\"destul de mult\"}',4),(45,9,'{\"ro\":\"extrem\",\"en\":\"extrem\"}',5),(46,10,'{\"ro\":\"foarte usor\",\"en\":\"foarte usor\"}',1),(47,10,'{\"ro\":\"putin\",\"en\":\"putin\"}',2),(48,10,'{\"ro\":\"moderat\",\"en\":\"moderat\"}',3),(49,10,'{\"ro\":\"destul de mult\",\"en\":\"destul de mult\"}',4),(50,10,'{\"ro\":\"extrem\",\"en\":\"extrem\"}',5),(51,11,'{\"ro\":\"foarte usor\",\"en\":\"foarte usor\"}',1),(52,11,'{\"ro\":\"putin\",\"en\":\"putin\"}',2),(53,11,'{\"ro\":\"moderat\",\"en\":\"moderat\"}',3),(54,11,'{\"ro\":\"destul de mult\",\"en\":\"destul de mult\"}',4),(55,11,'{\"ro\":\"extrem\",\"en\":\"extrem\"}',5),(56,12,'{\"ro\":\"foarte usor\",\"en\":\"foarte usor\"}',1),(57,12,'{\"ro\":\"putin\",\"en\":\"putin\"}',2),(58,12,'{\"ro\":\"moderat\",\"en\":\"moderat\"}',3),(59,12,'{\"ro\":\"destul de mult\",\"en\":\"destul de mult\"}',4),(60,12,'{\"ro\":\"extrem\",\"en\":\"extrem\"}',5),(61,13,'{\"ro\":\"foarte usor\",\"en\":\"foarte usor\"}',1),(62,13,'{\"ro\":\"putin\",\"en\":\"putin\"}',2),(63,13,'{\"ro\":\"moderat\",\"en\":\"moderat\"}',3),(64,13,'{\"ro\":\"destul de mult\",\"en\":\"destul de mult\"}',4),(65,13,'{\"ro\":\"extrem\",\"en\":\"extrem\"}',5),(66,14,'{\"ro\":\"foarte usor\",\"en\":\"foarte usor\"}',1),(67,14,'{\"ro\":\"putin\",\"en\":\"putin\"}',2),(68,14,'{\"ro\":\"moderat\",\"en\":\"moderat\"}',3),(69,14,'{\"ro\":\"destul de mult\",\"en\":\"destul de mult\"}',4),(70,14,'{\"ro\":\"extrem\",\"en\":\"extrem\"}',5),(71,15,'{\"ro\":\"foarte usor\",\"en\":\"foarte usor\"}',1),(72,15,'{\"ro\":\"putin\",\"en\":\"putin\"}',2),(73,15,'{\"ro\":\"moderat\",\"en\":\"moderat\"}',3),(74,15,'{\"ro\":\"destul de mult\",\"en\":\"destul de mult\"}',4),(75,15,'{\"ro\":\"extrem\",\"en\":\"extrem\"}',5),(76,16,'{\"ro\":\"foarte usor\",\"en\":\"foarte usor\"}',1),(77,16,'{\"ro\":\"putin\",\"en\":\"putin\"}',2),(78,16,'{\"ro\":\"moderat\",\"en\":\"moderat\"}',3),(79,16,'{\"ro\":\"destul de mult\",\"en\":\"destul de mult\"}',4),(80,16,'{\"ro\":\"extrem\",\"en\":\"extrem\"}',5),(81,17,'{\"ro\":\"foarte usor\",\"en\":\"foarte usor\"}',1),(82,17,'{\"ro\":\"putin\",\"en\":\"putin\"}',2),(83,17,'{\"ro\":\"moderat\",\"en\":\"moderat\"}',3),(84,17,'{\"ro\":\"destul de mult\",\"en\":\"destul de mult\"}',4),(85,17,'{\"ro\":\"extrem\",\"en\":\"extrem\"}',5),(86,18,'{\"ro\":\"foarte usor\",\"en\":\"foarte usor\"}',1),(87,18,'{\"ro\":\"putin\",\"en\":\"putin\"}',2),(88,18,'{\"ro\":\"moderat\",\"en\":\"moderat\"}',3),(89,18,'{\"ro\":\"destul de mult\",\"en\":\"destul de mult\"}',4),(90,18,'{\"ro\":\"extrem\",\"en\":\"extrem\"}',5),(91,19,'{\"ro\":\"foarte usor\",\"en\":\"foarte usor\"}',1),(92,19,'{\"ro\":\"putin\",\"en\":\"putin\"}',2),(93,19,'{\"ro\":\"moderat\",\"en\":\"moderat\"}',3),(94,19,'{\"ro\":\"destul de mult\",\"en\":\"destul de mult\"}',4),(95,19,'{\"ro\":\"extrem\",\"en\":\"extrem\"}',5),(96,20,'{\"ro\":\"foarte usor\",\"en\":\"foarte usor\"}',1),(97,20,'{\"ro\":\"putin\",\"en\":\"putin\"}',2),(98,20,'{\"ro\":\"moderat\",\"en\":\"moderat\"}',3),(99,20,'{\"ro\":\"destul de mult\",\"en\":\"destul de mult\"}',4),(100,20,'{\"ro\":\"extrem\",\"en\":\"extrem\"}',5),(101,21,'{\"ro\":\"foarte usor\",\"en\":\"foarte usor\"}',1),(102,21,'{\"ro\":\"putin\",\"en\":\"putin\"}',2),(103,21,'{\"ro\":\"moderat\",\"en\":\"moderat\"}',3),(104,21,'{\"ro\":\"destul de mult\",\"en\":\"destul de mult\"}',4),(105,21,'{\"ro\":\"extrem\",\"en\":\"extrem\"}',5),(106,22,'{\"ro\":\"foarte usor\",\"en\":\"foarte usor\"}',1),(107,22,'{\"ro\":\"putin\",\"en\":\"putin\"}',2),(108,22,'{\"ro\":\"moderat\",\"en\":\"moderat\"}',3),(109,22,'{\"ro\":\"destul de mult\",\"en\":\"destul de mult\"}',4),(110,22,'{\"ro\":\"extrem\",\"en\":\"extrem\"}',5),(111,23,'{\"ro\":\"foarte usor\",\"en\":\"foarte usor\"}',1),(112,23,'{\"ro\":\"putin\",\"en\":\"putin\"}',2),(113,23,'{\"ro\":\"moderat\",\"en\":\"moderat\"}',3),(114,23,'{\"ro\":\"destul de mult\",\"en\":\"destul de mult\"}',4),(115,23,'{\"ro\":\"extrem\",\"en\":\"extrem\"}',5),(116,24,'{\"ro\":\"foarte usor\",\"en\":\"foarte usor\"}',1),(117,24,'{\"ro\":\"putin\",\"en\":\"putin\"}',2),(118,24,'{\"ro\":\"moderat\",\"en\":\"moderat\"}',3),(119,24,'{\"ro\":\"destul de mult\",\"en\":\"destul de mult\"}',4),(120,24,'{\"ro\":\"extrem\",\"en\":\"extrem\"}',5),(121,25,'{\"ro\":\"foarte usor\",\"en\":\"foarte usor\"}',1),(122,25,'{\"ro\":\"putin\",\"en\":\"putin\"}',2),(123,25,'{\"ro\":\"moderat\",\"en\":\"moderat\"}',3),(124,25,'{\"ro\":\"destul de mult\",\"en\":\"destul de mult\"}',4),(125,25,'{\"ro\":\"extrem\",\"en\":\"extrem\"}',5),(126,26,'{\"ro\":\"foarte usor\",\"en\":\"foarte usor\"}',1),(127,26,'{\"ro\":\"putin\",\"en\":\"putin\"}',2),(128,26,'{\"ro\":\"moderat\",\"en\":\"moderat\"}',3),(129,26,'{\"ro\":\"destul de mult\",\"en\":\"destul de mult\"}',4),(130,26,'{\"ro\":\"extrem\",\"en\":\"extrem\"}',5),(131,27,'{\"ro\":\"foarte usor\",\"en\":\"foarte usor\"}',1),(132,27,'{\"ro\":\"putin\",\"en\":\"putin\"}',2),(133,27,'{\"ro\":\"moderat\",\"en\":\"moderat\"}',3),(134,27,'{\"ro\":\"destul de mult\",\"en\":\"destul de mult\"}',4),(135,27,'{\"ro\":\"extrem\",\"en\":\"extrem\"}',5),(136,28,'{\"ro\":\"foarte usor\",\"en\":\"foarte usor\"}',1),(137,28,'{\"ro\":\"putin\",\"en\":\"putin\"}',2),(138,28,'{\"ro\":\"moderat\",\"en\":\"moderat\"}',3),(139,28,'{\"ro\":\"destul de mult\",\"en\":\"destul de mult\"}',4),(140,28,'{\"ro\":\"extrem\",\"en\":\"extrem\"}',5),(141,29,'{\"ro\":\"foarte usor\",\"en\":\"foarte usor\"}',1),(142,29,'{\"ro\":\"putin\",\"en\":\"putin\"}',2),(143,29,'{\"ro\":\"moderat\",\"en\":\"moderat\"}',3),(144,29,'{\"ro\":\"destul de mult\",\"en\":\"destul de mult\"}',4),(145,29,'{\"ro\":\"extrem\",\"en\":\"extrem\"}',5),(146,30,'{\"ro\":\"foarte usor\",\"en\":\"foarte usor\"}',1),(147,30,'{\"ro\":\"putin\",\"en\":\"putin\"}',2),(148,30,'{\"ro\":\"moderat\",\"en\":\"moderat\"}',3),(149,30,'{\"ro\":\"destul de mult\",\"en\":\"destul de mult\"}',4),(150,30,'{\"ro\":\"extrem\",\"en\":\"extrem\"}',5),(151,31,'{\"ro\":\"foarte usor\",\"en\":\"foarte usor\"}',1),(152,31,'{\"ro\":\"putin\",\"en\":\"putin\"}',2),(153,31,'{\"ro\":\"moderat\",\"en\":\"moderat\"}',3),(154,31,'{\"ro\":\"destul de mult\",\"en\":\"destul de mult\"}',4),(155,31,'{\"ro\":\"extrem\",\"en\":\"extrem\"}',5),(156,32,'{\"ro\":\"foarte usor\",\"en\":\"foarte usor\"}',1),(157,32,'{\"ro\":\"putin\",\"en\":\"putin\"}',2),(158,32,'{\"ro\":\"moderat\",\"en\":\"moderat\"}',3),(159,32,'{\"ro\":\"destul de mult\",\"en\":\"destul de mult\"}',4),(160,32,'{\"ro\":\"extrem\",\"en\":\"extrem\"}',5),(161,33,'{\"ro\":\"In foarte mica masura sau deloc\",\"en\":\"In foarte mica masura sau deloc\"}',1),(162,33,'{\"ro\":\"In mica masura\",\"en\":\"In mica masura\"}',2),(163,33,'{\"ro\":\"Moderat\",\"en\":\"Moderat\"}',3),(164,33,'{\"ro\":\"In mare masura\",\"en\":\"In mare masura\"}',4),(165,33,'{\"ro\":\"Foarte mult\",\"en\":\"Foarte mult\"}',5),(166,34,'{\"ro\":\"In foarte mica masura sau deloc\",\"en\":\"In foarte mica masura sau deloc\"}',1),(167,34,'{\"ro\":\"In mica masura\",\"en\":\"In mica masura\"}',2),(168,34,'{\"ro\":\"Moderat\",\"en\":\"Moderat\"}',3),(169,34,'{\"ro\":\"In mare masura\",\"en\":\"In mare masura\"}',4),(170,34,'{\"ro\":\"Foarte mult\",\"en\":\"Foarte mult\"}',5),(171,35,'{\"ro\":\"In foarte mica masura sau deloc\",\"en\":\"In foarte mica masura sau deloc\"}',1),(172,35,'{\"ro\":\"In mica masura\",\"en\":\"In mica masura\"}',2),(173,35,'{\"ro\":\"Moderat\",\"en\":\"Moderat\"}',3),(174,35,'{\"ro\":\"In mare masura\",\"en\":\"In mare masura\"}',4),(175,35,'{\"ro\":\"Foarte mult\",\"en\":\"Foarte mult\"}',5),(176,36,'{\"ro\":\"In foarte mica masura sau deloc\",\"en\":\"In foarte mica masura sau deloc\"}',1),(177,36,'{\"ro\":\"In mica masura\",\"en\":\"In mica masura\"}',2),(178,36,'{\"ro\":\"Moderat\",\"en\":\"Moderat\"}',3),(179,36,'{\"ro\":\"In mare masura\",\"en\":\"In mare masura\"}',4),(180,36,'{\"ro\":\"Foarte mult\",\"en\":\"Foarte mult\"}',5),(181,37,'{\"ro\":\"In foarte mica masura sau deloc\",\"en\":\"In foarte mica masura sau deloc\"}',1),(182,37,'{\"ro\":\"In mica masura\",\"en\":\"In mica masura\"}',2),(183,37,'{\"ro\":\"Moderat\",\"en\":\"Moderat\"}',3),(184,37,'{\"ro\":\"In mare masura\",\"en\":\"In mare masura\"}',4),(185,37,'{\"ro\":\"Foarte mult\",\"en\":\"Foarte mult\"}',5),(186,38,'{\"ro\":\"In foarte mica masura sau deloc\",\"en\":\"In foarte mica masura sau deloc\"}',1),(187,38,'{\"ro\":\"In mica masura\",\"en\":\"In mica masura\"}',2),(188,38,'{\"ro\":\"Moderat\",\"en\":\"Moderat\"}',3),(189,38,'{\"ro\":\"In mare masura\",\"en\":\"In mare masura\"}',4),(190,38,'{\"ro\":\"Foarte mult\",\"en\":\"Foarte mult\"}',5),(191,39,'{\"ro\":\"In foarte mica masura sau deloc\",\"en\":\"In foarte mica masura sau deloc\"}',1),(192,39,'{\"ro\":\"In mica masura\",\"en\":\"In mica masura\"}',2),(193,39,'{\"ro\":\"Moderat\",\"en\":\"Moderat\"}',3),(194,39,'{\"ro\":\"In mare masura\",\"en\":\"In mare masura\"}',4),(195,39,'{\"ro\":\"Foarte mult\",\"en\":\"Foarte mult\"}',5),(196,40,'{\"ro\":\"In foarte mica masura sau deloc\",\"en\":\"In foarte mica masura sau deloc\"}',1),(197,40,'{\"ro\":\"In mica masura\",\"en\":\"In mica masura\"}',2),(198,40,'{\"ro\":\"Moderat\",\"en\":\"Moderat\"}',3),(199,40,'{\"ro\":\"In mare masura\",\"en\":\"In mare masura\"}',4),(200,40,'{\"ro\":\"Foarte mult\",\"en\":\"Foarte mult\"}',5),(201,41,'{\"ro\":\"In foarte mica masura sau deloc\",\"en\":\"In foarte mica masura sau deloc\"}',1),(202,41,'{\"ro\":\"In mica masura\",\"en\":\"In mica masura\"}',2),(203,41,'{\"ro\":\"Moderat\",\"en\":\"Moderat\"}',3),(204,41,'{\"ro\":\"In mare masura\",\"en\":\"In mare masura\"}',4),(205,41,'{\"ro\":\"Foarte mult\",\"en\":\"Foarte mult\"}',5),(206,42,'{\"ro\":\"In foarte mica masura sau deloc\",\"en\":\"In foarte mica masura sau deloc\"}',1),(207,42,'{\"ro\":\"In mica masura\",\"en\":\"In mica masura\"}',2),(208,42,'{\"ro\":\"Moderat\",\"en\":\"Moderat\"}',3),(209,42,'{\"ro\":\"In mare masura\",\"en\":\"In mare masura\"}',4),(210,42,'{\"ro\":\"Foarte mult\",\"en\":\"Foarte mult\"}',5),(211,43,'{\"ro\":\"In foarte mica masura sau deloc\",\"en\":\"In foarte mica masura sau deloc\"}',1),(212,43,'{\"ro\":\"In mica masura\",\"en\":\"In mica masura\"}',2),(213,43,'{\"ro\":\"Moderat\",\"en\":\"Moderat\"}',3),(214,43,'{\"ro\":\"In mare masura\",\"en\":\"In mare masura\"}',4),(215,43,'{\"ro\":\"Foarte mult\",\"en\":\"Foarte mult\"}',5),(216,44,'{\"ro\":\"In foarte mica masura sau deloc\",\"en\":\"In foarte mica masura sau deloc\"}',1),(217,44,'{\"ro\":\"In mica masura\",\"en\":\"In mica masura\"}',2),(218,44,'{\"ro\":\"Moderat\",\"en\":\"Moderat\"}',3),(219,44,'{\"ro\":\"In mare masura\",\"en\":\"In mare masura\"}',4),(220,44,'{\"ro\":\"Foarte mult\",\"en\":\"Foarte mult\"}',5),(221,45,'{\"ro\":\"In foarte mica masura sau deloc\",\"en\":\"In foarte mica masura sau deloc\"}',1),(222,45,'{\"ro\":\"In mica masura\",\"en\":\"In mica masura\"}',2),(223,45,'{\"ro\":\"Moderat\",\"en\":\"Moderat\"}',3),(224,45,'{\"ro\":\"In mare masura\",\"en\":\"In mare masura\"}',4),(225,45,'{\"ro\":\"Foarte mult\",\"en\":\"Foarte mult\"}',5),(226,46,'{\"ro\":\"In foarte mica masura sau deloc\",\"en\":\"In foarte mica masura sau deloc\"}',1),(227,46,'{\"ro\":\"In mica masura\",\"en\":\"In mica masura\"}',2),(228,46,'{\"ro\":\"Moderat\",\"en\":\"Moderat\"}',3),(229,46,'{\"ro\":\"In mare masura\",\"en\":\"In mare masura\"}',4),(230,46,'{\"ro\":\"Foarte mult\",\"en\":\"Foarte mult\"}',5),(231,47,'{\"ro\":\"In foarte mica masura sau deloc\",\"en\":\"In foarte mica masura sau deloc\"}',1),(232,47,'{\"ro\":\"In mica masura\",\"en\":\"In mica masura\"}',2),(233,47,'{\"ro\":\"Moderat\",\"en\":\"Moderat\"}',3),(234,47,'{\"ro\":\"In mare masura\",\"en\":\"In mare masura\"}',4),(235,47,'{\"ro\":\"Foarte mult\",\"en\":\"Foarte mult\"}',5),(236,50,'{\"ro\":\"Comunica exact obiectivele sarcinii, clarifica si se asigura ca acestea au fost clar intelese.\",\"en\":\"Comunica exact obiectivele sarcinii, clarifica si se asigura ca acestea au fost clar intelese.\"}',3),(237,50,'{\"ro\":\"Comunica doar cerintele sarcinii.\",\"en\":\"Comunica doar cerintele sarcinii.\"}',2),(238,50,'{\"ro\":\"Comunica lacunar cerintele sarcinii.\",\"en\":\"Comunica lacunar cerintele sarcinii.\"}',1),(239,51,'{\"ro\":\"Formuleaza intrebari care incurajeaza explorarea solutiilor pentru rezolvarea problemei (minim 2 solutii generate).\",\"en\":\"Formuleaza intrebari care incurajeaza explorarea solutiilor pentru rezolvarea problemei (minim 2 solutii generate).\"}',3),(240,51,'{\"ro\":\"Formuleaza intrebari dar se opreste la prima solutie identificata.\",\"en\":\"Formuleaza intrebari dar se opreste la prima solutie identificata.\"}',2),(241,51,'{\"ro\":\"Nu formuleaza intrebari care incurajeaza explorarea solutiilor pentru rezolvarea problemei.\",\"en\":\"Nu formuleaza intrebari care incurajeaza explorarea solutiilor pentru rezolvarea problemei.\"}',1),(242,52,'{\"ro\":\"Face sumarizari periodice (cel putin doua).\",\"en\":\"Face sumarizari periodice (cel putin doua).\"}',3),(243,52,'{\"ro\":\"Face o singura sumarizare.\",\"en\":\"Face o singura sumarizare.\"}',2),(244,52,'{\"ro\":\"Nu sumarizeaza.\",\"en\":\"Nu sumarizeaza.\"}',1),(245,53,'{\"ro\":\"Ofera in repetate randuri feedback pozitiv specific (cel putin in doua randuri pe parcursul sarcinii).\",\"en\":\"Ofera in repetate randuri feedback pozitiv specific (cel putin in doua randuri pe parcursul sarcinii).\"}',3),(246,53,'{\"ro\":\"Ofera feedback pozitiv general sau cel mult un singur feedback pozitiv specific.\",\"en\":\"Ofera feedback pozitiv general sau cel mult un singur feedback pozitiv specific.\"}',2),(247,53,'{\"ro\":\"Nu ofera nici un fel de feedback pozitiv.\",\"en\":\"Nu ofera nici un fel de feedback pozitiv.\"}',1),(248,54,'{\"ro\":\"Ofera in repetate randuri feedback negativ specific constructiv (cel putin in doua randuri pe parcursul sarcinii).\",\"en\":\"Ofera in repetate randuri feedback negativ specific constructiv (cel putin in doua randuri pe parcursul sarcinii).\"}',3),(249,54,'{\"ro\":\"Nu ofera feedback negativ.\",\"en\":\"Nu ofera feedback negativ.\"}',2),(250,54,'{\"ro\":\"Ofera feedback negativ general.\",\"en\":\"Ofera feedback negativ general.\"}',1),(251,55,'{\"ro\":\"Formuleaza intrebari pentru obtinerea unei perspective diferite asupra sarcinii sau problemei.\",\"en\":\"Formuleaza intrebari pentru obtinerea unei perspective diferite asupra sarcinii sau problemei.\"}',3),(252,55,'{\"ro\":\"Ofera o perspectiva diferita asupra sarcinii.\",\"en\":\"Ofera o perspectiva diferita asupra sarcinii.\"}',2),(253,55,'{\"ro\":\"Nu este interesat de generarea altei perspective asupra sarcinii.\",\"en\":\"Nu este interesat de generarea altei perspective asupra sarcinii.\"}',1),(254,56,'{\"ro\":\"Foloseste cel putin doua analogii/scenarii/metafore pentru a facilita procesul de realizare a sarcinii.\",\"en\":\"Foloseste cel putin doua analogii/scenarii/metafore pentru a facilita procesul de realizare a sarcinii.\"}',3),(255,56,'{\"ro\":\"Foloseste o singura analogie/metafora/scenariu pentru a facilita procesul de realizare a sarcinii.\",\"en\":\"Foloseste o singura analogie/metafora/scenariu pentru a facilita procesul de realizare a sarcinii.\"}',2),(256,56,'{\"ro\":\"Nu foloseste analogii/scenarii/metafore pentru a facilita procesul de realizare a sarcinii.\",\"en\":\"Nu foloseste analogii/scenarii/metafore pentru a facilita procesul de realizare a sarcinii.\"}',1),(257,57,'{\"ro\":\"Pune intrebari care vizeaza identificarea a cel putin urmatorilor doi pasi in rezolvarea sarcinii.\",\"en\":\"Pune intrebari care vizeaza identificarea a cel putin urmatorilor doi pasi in rezolvarea sarcinii.\"}',3),(258,57,'{\"ro\":\"Identifica cel putin urmatorii doi pasi in rezolvarea sarcinii, oferindu-i direct sau prin combinare cu ghidarea.\",\"en\":\"Identifica cel putin urmatorii doi pasi in rezolvarea sarcinii, oferindu-i direct sau prin combinare cu ghidarea.\"}',2),(259,57,'{\"ro\":\"Se opreste la cel mult identificarea primului pas in rezolvarea problemei (nu face aproape deloc planificare)\",\"en\":\"Se opreste la cel mult identificarea primului pas in rezolvarea problemei (nu face aproape deloc planificare)\"}',1),(260,58,'{\"ro\":\"Foloseste doar intrebari pentru anticiparea de catre subordonat a obstacolelor in implementarea solutiei alese (exclus avertizari directe!)\",\"en\":\"Foloseste doar intrebari pentru anticiparea de catre subordonat a obstacolelor in implementarea solutiei alese (exclus avertizari directe!)\"}',3),(261,58,'{\"ro\":\"Avertizeaza direct cu privire la posibile obstacole in implementarea solutiei sau combina avertizarile directe cu intrebari de anticipare a obstacolelor.\",\"en\":\"Avertizeaza direct cu privire la posibile obstacole in implementarea solutiei sau combina avertizarile directe cu intrebari de anticipare a obstacolelor.\"}',2),(262,58,'{\"ro\":\"Nu anticipeaza obstacole in implementarea solutiei.\",\"en\":\"Nu anticipeaza obstacole in implementarea solutiei.\"}',1),(263,59,'{\"ro\":\"Pune intrebari care vizeaza auto-evaluarea subordonatului la nivel de performanta.\",\"en\":\"Pune intrebari care vizeaza auto-evaluarea subordonatului la nivel de performanta.\"}',3),(264,59,'{\"ro\":\"Realizeaza direct evaluarea performantei subordonatului.\",\"en\":\"Realizeaza direct evaluarea performantei subordonatului.\"}',2),(265,59,'{\"ro\":\"Nu realizeaza nici un fel de evaluare a performantei subordonatului.\",\"en\":\"Nu realizeaza nici un fel de evaluare a performantei subordonatului.\"}',1),(266,60,'{\"ro\":\"Argumenteaza capacitatea de realizare a sarcinii pe baza progreselor anterioare, a experientei subordonatului sau a abilitatilor acestuia.\",\"en\":\"Argumenteaza capacitatea de realizare a sarcinii pe baza progreselor anterioare, a experientei subordonatului sau a abilitatilor acestuia.\"}',3),(267,60,'{\"ro\":\"Transmite mesaje pozitive care atesta capacitatea de finalizare a sarcinii fara insa a argumenta de ce subordonatul are capacitatea de a o finaliza.\",\"en\":\"Transmite mesaje pozitive care atesta capacitatea de finalizare a sarcinii fara insa a argumenta de ce subordonatul are capacitatea de a o finaliza.\"}',2),(268,60,'{\"ro\":\"Transmite mesaje negative legate de finalizarea sarcinii.\",\"en\":\"Transmite mesaje negative legate de finalizarea sarcinii.\"}',1),(269,61,'{\"ro\":\"Pre-test\",\"en\":\"Pre-test\"}',1),(270,61,'{\"ro\":\"Post-test\",\"en\":\"Post-test\"}',2),(271,62,'{\"ro\":\"Acord puternic\",\"en\":\"Acord puternic\"}',1),(272,62,'{\"ro\":\"Intrucatva de acord\",\"en\":\"Intrucatva de acord\"}',2),(273,62,'{\"ro\":\"Dezacord partial\",\"en\":\"Dezacord partial\"}',3),(274,62,'{\"ro\":\"Dezacord puternic\",\"en\":\"Dezacord puternic\"}',4),(275,63,'{\"ro\":\"Acord puternic\",\"en\":\"Acord puternic\"}',1),(276,63,'{\"ro\":\"Intrucatva de acord\",\"en\":\"Intrucatva de acord\"}',2),(277,63,'{\"ro\":\"Dezacord partial\",\"en\":\"Dezacord partial\"}',3),(278,63,'{\"ro\":\"Dezacord puternic\",\"en\":\"Dezacord puternic\"}',4),(279,64,'{\"ro\":\"Acord puternic\",\"en\":\"Acord puternic\"}',1),(280,64,'{\"ro\":\"Intrucatva de acord\",\"en\":\"Intrucatva de acord\"}',2),(281,64,'{\"ro\":\"Dezacord partial\",\"en\":\"Dezacord partial\"}',3),(282,64,'{\"ro\":\"Dezacord puternic\",\"en\":\"Dezacord puternic\"}',4),(283,65,'{\"ro\":\"Acord puternic\",\"en\":\"Acord puternic\"}',1),(284,65,'{\"ro\":\"Intrucatva de acord\",\"en\":\"Intrucatva de acord\"}',2),(285,65,'{\"ro\":\"Dezacord partial\",\"en\":\"Dezacord partial\"}',3),(286,65,'{\"ro\":\"Dezacord puternic\",\"en\":\"Dezacord puternic\"}',4),(287,66,'{\"ro\":\"Acord puternic\",\"en\":\"Acord puternic\"}',1),(288,66,'{\"ro\":\"Intrucatva de acord\",\"en\":\"Intrucatva de acord\"}',2),(289,66,'{\"ro\":\"Dezacord partial\",\"en\":\"Dezacord partial\"}',3),(290,66,'{\"ro\":\"Dezacord puternic\",\"en\":\"Dezacord puternic\"}',4),(291,67,'{\"ro\":\"Acord puternic\",\"en\":\"Acord puternic\"}',1),(292,67,'{\"ro\":\"Intrucatva de acord\",\"en\":\"Intrucatva de acord\"}',2),(293,67,'{\"ro\":\"Dezacord partial\",\"en\":\"Dezacord partial\"}',3),(294,67,'{\"ro\":\"Dezacord puternic\",\"en\":\"Dezacord puternic\"}',4),(295,68,'{\"ro\":\"Acord puternic\",\"en\":\"Acord puternic\"}',1),(296,68,'{\"ro\":\"Intrucatva de acord\",\"en\":\"Intrucatva de acord\"}',2),(297,68,'{\"ro\":\"Dezacord partial\",\"en\":\"Dezacord partial\"}',3),(298,68,'{\"ro\":\"Dezacord puternic\",\"en\":\"Dezacord puternic\"}',4),(299,69,'{\"ro\":\"Acord puternic\",\"en\":\"Acord puternic\"}',1),(300,69,'{\"ro\":\"Intrucatva de acord\",\"en\":\"Intrucatva de acord\"}',2),(301,69,'{\"ro\":\"Dezacord partial\",\"en\":\"Dezacord partial\"}',3),(302,69,'{\"ro\":\"Dezacord puternic\",\"en\":\"Dezacord puternic\"}',4),(303,70,'{\"ro\":\"Acord puternic\",\"en\":\"Acord puternic\"}',1),(304,70,'{\"ro\":\"Intrucatva de acord\",\"en\":\"Intrucatva de acord\"}',2),(305,70,'{\"ro\":\"Dezacord partial\",\"en\":\"Dezacord partial\"}',3),(306,70,'{\"ro\":\"Dezacord puternic\",\"en\":\"Dezacord puternic\"}',4),(307,71,'{\"ro\":\"Acord puternic\",\"en\":\"Acord puternic\"}',1),(308,71,'{\"ro\":\"Intrucatva de acord\",\"en\":\"Intrucatva de acord\"}',2),(309,71,'{\"ro\":\"Dezacord partial\",\"en\":\"Dezacord partial\"}',3),(310,71,'{\"ro\":\"Dezacord puternic\",\"en\":\"Dezacord puternic\"}',4),(311,72,'{\"ro\":\"Acord puternic\",\"en\":\"Acord puternic\"}',1),(312,72,'{\"ro\":\"Intrucatva de acord\",\"en\":\"Intrucatva de acord\"}',2),(313,72,'{\"ro\":\"Dezacord partial\",\"en\":\"Dezacord partial\"}',3),(314,72,'{\"ro\":\"Dezacord puternic\",\"en\":\"Dezacord puternic\"}',4),(315,73,'{\"ro\":\"Acord puternic\",\"en\":\"Acord puternic\"}',1),(316,73,'{\"ro\":\"Intrucatva de acord\",\"en\":\"Intrucatva de acord\"}',2),(317,73,'{\"ro\":\"Dezacord partial\",\"en\":\"Dezacord partial\"}',3),(318,73,'{\"ro\":\"Dezacord puternic\",\"en\":\"Dezacord puternic\"}',4),(319,74,'{\"ro\":\"Acord puternic\",\"en\":\"Acord puternic\"}',1),(320,74,'{\"ro\":\"Intrucatva de acord\",\"en\":\"Intrucatva de acord\"}',2),(321,74,'{\"ro\":\"Dezacord partial\",\"en\":\"Dezacord partial\"}',3),(322,74,'{\"ro\":\"Dezacord puternic\",\"en\":\"Dezacord puternic\"}',4),(323,75,'{\"ro\":\"Acord puternic\",\"en\":\"Acord puternic\"}',1),(324,75,'{\"ro\":\"Intrucatva de acord\",\"en\":\"Intrucatva de acord\"}',2),(325,75,'{\"ro\":\"Dezacord partial\",\"en\":\"Dezacord partial\"}',3),(326,75,'{\"ro\":\"Dezacord puternic\",\"en\":\"Dezacord puternic\"}',4),(327,76,'{\"ro\":\"Acord puternic\",\"en\":\"Acord puternic\"}',1),(328,76,'{\"ro\":\"Intrucatva de acord\",\"en\":\"Intrucatva de acord\"}',2),(329,76,'{\"ro\":\"Dezacord partial\",\"en\":\"Dezacord partial\"}',3),(330,76,'{\"ro\":\"Dezacord puternic\",\"en\":\"Dezacord puternic\"}',4),(331,77,'{\"ro\":\"Acord puternic\",\"en\":\"Acord puternic\"}',1),(332,77,'{\"ro\":\"Intrucatva de acord\",\"en\":\"Intrucatva de acord\"}',2),(333,77,'{\"ro\":\"Dezacord partial\",\"en\":\"Dezacord partial\"}',3),(334,77,'{\"ro\":\"Dezacord puternic\",\"en\":\"Dezacord puternic\"}',4),(335,78,'{\"ro\":\"Acord puternic\",\"en\":\"Acord puternic\"}',1),(336,78,'{\"ro\":\"Intrucatva de acord\",\"en\":\"Intrucatva de acord\"}',2),(337,78,'{\"ro\":\"Dezacord partial\",\"en\":\"Dezacord partial\"}',3),(338,78,'{\"ro\":\"Dezacord puternic\",\"en\":\"Dezacord puternic\"}',4),(339,79,'{\"ro\":\"Acord puternic\",\"en\":\"Acord puternic\"}',1),(340,79,'{\"ro\":\"Intrucatva de acord\",\"en\":\"Intrucatva de acord\"}',2),(341,79,'{\"ro\":\"Dezacord partial\",\"en\":\"Dezacord partial\"}',3),(342,79,'{\"ro\":\"Dezacord puternic\",\"en\":\"Dezacord puternic\"}',4),(343,80,'{\"ro\":\"Acord puternic\",\"en\":\"Acord puternic\"}',1),(344,80,'{\"ro\":\"Intrucatva de acord\",\"en\":\"Intrucatva de acord\"}',2),(345,80,'{\"ro\":\"Dezacord partial\",\"en\":\"Dezacord partial\"}',3),(346,80,'{\"ro\":\"Dezacord puternic\",\"en\":\"Dezacord puternic\"}',4),(347,81,'{\"ro\":\"Acord puternic\",\"en\":\"Acord puternic\"}',1),(348,81,'{\"ro\":\"Intrucatva de acord\",\"en\":\"Intrucatva de acord\"}',2),(349,81,'{\"ro\":\"Dezacord partial\",\"en\":\"Dezacord partial\"}',3),(350,81,'{\"ro\":\"Dezacord puternic\",\"en\":\"Dezacord puternic\"}',4),(351,82,'{\"ro\":\"Acord puternic\",\"en\":\"Acord puternic\"}',1),(352,82,'{\"ro\":\"Intrucatva de acord\",\"en\":\"Intrucatva de acord\"}',2),(353,82,'{\"ro\":\"Dezacord partial\",\"en\":\"Dezacord partial\"}',3),(354,82,'{\"ro\":\"Dezacord puternic\",\"en\":\"Dezacord puternic\"}',4),(355,83,'{\"ro\":\"Acord puternic\",\"en\":\"Acord puternic\"}',1),(356,83,'{\"ro\":\"Intrucatva de acord\",\"en\":\"Intrucatva de acord\"}',2),(357,83,'{\"ro\":\"Dezacord partial\",\"en\":\"Dezacord partial\"}',3),(358,83,'{\"ro\":\"Dezacord puternic\",\"en\":\"Dezacord puternic\"}',4),(359,84,'{\"ro\":\"Acord puternic\",\"en\":\"Acord puternic\"}',1),(360,84,'{\"ro\":\"Intrucatva de acord\",\"en\":\"Intrucatva de acord\"}',2),(361,84,'{\"ro\":\"Dezacord partial\",\"en\":\"Dezacord partial\"}',3),(362,84,'{\"ro\":\"Dezacord puternic\",\"en\":\"Dezacord puternic\"}',4),(363,85,'{\"ro\":\"Acord puternic\",\"en\":\"Acord puternic\"}',1),(364,85,'{\"ro\":\"Intrucatva de acord\",\"en\":\"Intrucatva de acord\"}',2),(365,85,'{\"ro\":\"Dezacord partial\",\"en\":\"Dezacord partial\"}',3),(366,85,'{\"ro\":\"Dezacord puternic\",\"en\":\"Dezacord puternic\"}',4),(367,86,'{\"ro\":\"Acord puternic\",\"en\":\"Acord puternic\"}',1),(368,86,'{\"ro\":\"Intrucatva de acord\",\"en\":\"Intrucatva de acord\"}',2),(369,86,'{\"ro\":\"Dezacord partial\",\"en\":\"Dezacord partial\"}',3),(370,86,'{\"ro\":\"Dezacord puternic\",\"en\":\"Dezacord puternic\"}',4),(371,87,'{\"ro\":\"Acord puternic\",\"en\":\"Acord puternic\"}',1),(372,87,'{\"ro\":\"Intrucatva de acord\",\"en\":\"Intrucatva de acord\"}',2),(373,87,'{\"ro\":\"Dezacord partial\",\"en\":\"Dezacord partial\"}',3),(374,87,'{\"ro\":\"Dezacord puternic\",\"en\":\"Dezacord puternic\"}',4),(375,88,'{\"ro\":\"Acord puternic\",\"en\":\"Acord puternic\"}',1),(376,88,'{\"ro\":\"Intrucatva de acord\",\"en\":\"Intrucatva de acord\"}',2),(377,88,'{\"ro\":\"Dezacord partial\",\"en\":\"Dezacord partial\"}',3),(378,88,'{\"ro\":\"Dezacord puternic\",\"en\":\"Dezacord puternic\"}',4),(379,89,'{\"ro\":\"Acord puternic\",\"en\":\"Acord puternic\"}',1),(380,89,'{\"ro\":\"Intrucatva de acord\",\"en\":\"Intrucatva de acord\"}',2),(381,89,'{\"ro\":\"Dezacord partial\",\"en\":\"Dezacord partial\"}',3),(382,89,'{\"ro\":\"Dezacord puternic\",\"en\":\"Dezacord puternic\"}',4),(383,90,'{\"ro\":\"Acord puternic\",\"en\":\"Acord puternic\"}',1),(384,90,'{\"ro\":\"Intrucatva de acord\",\"en\":\"Intrucatva de acord\"}',2),(385,90,'{\"ro\":\"Dezacord partial\",\"en\":\"Dezacord partial\"}',3),(386,90,'{\"ro\":\"Dezacord puternic\",\"en\":\"Dezacord puternic\"}',4),(387,91,'{\"ro\":\"Acord puternic\",\"en\":\"Acord puternic\"}',1),(388,91,'{\"ro\":\"Intrucatva de acord\",\"en\":\"Intrucatva de acord\"}',2),(389,91,'{\"ro\":\"Dezacord partial\",\"en\":\"Dezacord partial\"}',3),(390,91,'{\"ro\":\"Dezacord puternic\",\"en\":\"Dezacord puternic\"}',4),(391,92,'{\"ro\":\"Acord puternic\",\"en\":\"Acord puternic\"}',1),(392,92,'{\"ro\":\"Intrucatva de acord\",\"en\":\"Intrucatva de acord\"}',2),(393,92,'{\"ro\":\"Dezacord partial\",\"en\":\"Dezacord partial\"}',3),(394,92,'{\"ro\":\"Dezacord puternic\",\"en\":\"Dezacord puternic\"}',4),(395,93,'{\"ro\":\"Acord puternic\",\"en\":\"Acord puternic\"}',1),(396,93,'{\"ro\":\"Intrucatva de acord\",\"en\":\"Intrucatva de acord\"}',2),(397,93,'{\"ro\":\"Dezacord partial\",\"en\":\"Dezacord partial\"}',3),(398,93,'{\"ro\":\"Dezacord puternic\",\"en\":\"Dezacord puternic\"}',4),(399,94,'{\"ro\":\"Acord puternic\",\"en\":\"Acord puternic\"}',1),(400,94,'{\"ro\":\"Intrucatva de acord\",\"en\":\"Intrucatva de acord\"}',2),(401,94,'{\"ro\":\"Dezacord partial\",\"en\":\"Dezacord partial\"}',3),(402,94,'{\"ro\":\"Dezacord puternic\",\"en\":\"Dezacord puternic\"}',4),(403,95,'{\"ro\":\"Acord puternic\",\"en\":\"Acord puternic\"}',1),(404,95,'{\"ro\":\"Intrucatva de acord\",\"en\":\"Intrucatva de acord\"}',2),(405,95,'{\"ro\":\"Dezacord partial\",\"en\":\"Dezacord partial\"}',3),(406,95,'{\"ro\":\"Dezacord puternic\",\"en\":\"Dezacord puternic\"}',4),(407,96,'{\"ro\":\"Acord puternic\",\"en\":\"Acord puternic\"}',1),(408,96,'{\"ro\":\"Intrucatva de acord\",\"en\":\"Intrucatva de acord\"}',2),(409,96,'{\"ro\":\"Dezacord partial\",\"en\":\"Dezacord partial\"}',3),(410,96,'{\"ro\":\"Dezacord puternic\",\"en\":\"Dezacord puternic\"}',4),(411,97,'{\"ro\":\"Acord puternic\",\"en\":\"Acord puternic\"}',1),(412,97,'{\"ro\":\"Intrucatva de acord\",\"en\":\"Intrucatva de acord\"}',2),(413,97,'{\"ro\":\"Dezacord partial\",\"en\":\"Dezacord partial\"}',3),(414,97,'{\"ro\":\"Dezacord puternic\",\"en\":\"Dezacord puternic\"}',4),(415,98,'{\"ro\":\"Acord puternic\",\"en\":\"Acord puternic\"}',1),(416,98,'{\"ro\":\"Intrucatva de acord\",\"en\":\"Intrucatva de acord\"}',2),(417,98,'{\"ro\":\"Dezacord partial\",\"en\":\"Dezacord partial\"}',3),(418,98,'{\"ro\":\"Dezacord puternic\",\"en\":\"Dezacord puternic\"}',4),(419,99,'{\"ro\":\"Acord puternic\",\"en\":\"Acord puternic\"}',1),(420,99,'{\"ro\":\"Intrucatva de acord\",\"en\":\"Intrucatva de acord\"}',2),(421,99,'{\"ro\":\"Dezacord partial\",\"en\":\"Dezacord partial\"}',3),(422,99,'{\"ro\":\"Dezacord puternic\",\"en\":\"Dezacord puternic\"}',4),(423,100,'{\"ro\":\"Acord puternic\",\"en\":\"Acord puternic\"}',1),(424,100,'{\"ro\":\"Intrucatva de acord\",\"en\":\"Intrucatva de acord\"}',2),(425,100,'{\"ro\":\"Dezacord partial\",\"en\":\"Dezacord partial\"}',3),(426,100,'{\"ro\":\"Dezacord puternic\",\"en\":\"Dezacord puternic\"}',4),(427,101,'{\"ro\":\"Acord puternic\",\"en\":\"Acord puternic\"}',1),(428,101,'{\"ro\":\"Intrucatva de acord\",\"en\":\"Intrucatva de acord\"}',2),(429,101,'{\"ro\":\"Dezacord partial\",\"en\":\"Dezacord partial\"}',3),(430,101,'{\"ro\":\"Dezacord puternic\",\"en\":\"Dezacord puternic\"}',4),(431,102,'{\"ro\":\"Acord puternic\",\"en\":\"Acord puternic\"}',1),(432,102,'{\"ro\":\"Intrucatva de acord\",\"en\":\"Intrucatva de acord\"}',2),(433,102,'{\"ro\":\"Dezacord partial\",\"en\":\"Dezacord partial\"}',3),(434,102,'{\"ro\":\"Dezacord puternic\",\"en\":\"Dezacord puternic\"}',4),(435,103,'{\"ro\":\"Acord puternic\",\"en\":\"Acord puternic\"}',1),(436,103,'{\"ro\":\"Intrucatva de acord\",\"en\":\"Intrucatva de acord\"}',2),(437,103,'{\"ro\":\"Dezacord partial\",\"en\":\"Dezacord partial\"}',3),(438,103,'{\"ro\":\"Dezacord puternic\",\"en\":\"Dezacord puternic\"}',4),(439,104,'{\"ro\":\"Acord puternic\",\"en\":\"Acord puternic\"}',1),(440,104,'{\"ro\":\"Intrucatva de acord\",\"en\":\"Intrucatva de acord\"}',2),(441,104,'{\"ro\":\"Dezacord partial\",\"en\":\"Dezacord partial\"}',3),(442,104,'{\"ro\":\"Dezacord puternic\",\"en\":\"Dezacord puternic\"}',4),(443,105,'{\"ro\":\"Acord puternic\",\"en\":\"Acord puternic\"}',1),(444,105,'{\"ro\":\"Intrucatva de acord\",\"en\":\"Intrucatva de acord\"}',2),(445,105,'{\"ro\":\"Dezacord partial\",\"en\":\"Dezacord partial\"}',3),(446,105,'{\"ro\":\"Dezacord puternic\",\"en\":\"Dezacord puternic\"}',4),(447,106,'{\"ro\":\"Acord puternic\",\"en\":\"Acord puternic\"}',1),(448,106,'{\"ro\":\"Intrucatva de acord\",\"en\":\"Intrucatva de acord\"}',2),(449,106,'{\"ro\":\"Dezacord partial\",\"en\":\"Dezacord partial\"}',3),(450,106,'{\"ro\":\"Dezacord puternic\",\"en\":\"Dezacord puternic\"}',4),(451,107,'{\"ro\":\"Acord puternic\",\"en\":\"Acord puternic\"}',1),(452,107,'{\"ro\":\"Intrucatva de acord\",\"en\":\"Intrucatva de acord\"}',2),(453,107,'{\"ro\":\"Dezacord partial\",\"en\":\"Dezacord partial\"}',3),(454,107,'{\"ro\":\"Dezacord puternic\",\"en\":\"Dezacord puternic\"}',4),(455,108,'{\"ro\":\"Acord puternic\",\"en\":\"Acord puternic\"}',1),(456,108,'{\"ro\":\"Intrucatva de acord\",\"en\":\"Intrucatva de acord\"}',2),(457,108,'{\"ro\":\"Dezacord partial\",\"en\":\"Dezacord partial\"}',3),(458,108,'{\"ro\":\"Dezacord puternic\",\"en\":\"Dezacord puternic\"}',4),(459,109,'{\"ro\":\"Acord puternic\",\"en\":\"Acord puternic\"}',1),(460,109,'{\"ro\":\"Intrucatva de acord\",\"en\":\"Intrucatva de acord\"}',2),(461,109,'{\"ro\":\"Dezacord partial\",\"en\":\"Dezacord partial\"}',3),(462,109,'{\"ro\":\"Dezacord puternic\",\"en\":\"Dezacord puternic\"}',4),(463,110,'{\"ro\":\"Acord puternic\",\"en\":\"Acord puternic\"}',1),(464,110,'{\"ro\":\"Intrucatva de acord\",\"en\":\"Intrucatva de acord\"}',2),(465,110,'{\"ro\":\"Dezacord partial\",\"en\":\"Dezacord partial\"}',3),(466,110,'{\"ro\":\"Dezacord puternic\",\"en\":\"Dezacord puternic\"}',4),(467,111,'{\"ro\":\"Acord puternic\",\"en\":\"Acord puternic\"}',1),(468,111,'{\"ro\":\"Intrucatva de acord\",\"en\":\"Intrucatva de acord\"}',2),(469,111,'{\"ro\":\"Dezacord partial\",\"en\":\"Dezacord partial\"}',3),(470,111,'{\"ro\":\"Dezacord puternic\",\"en\":\"Dezacord puternic\"}',4),(471,112,'{\"ro\":\"Acord puternic\",\"en\":\"Acord puternic\"}',1),(472,112,'{\"ro\":\"Intrucatva de acord\",\"en\":\"Intrucatva de acord\"}',2),(473,112,'{\"ro\":\"Dezacord partial\",\"en\":\"Dezacord partial\"}',3),(474,112,'{\"ro\":\"Dezacord puternic\",\"en\":\"Dezacord puternic\"}',4),(475,113,'{\"ro\":\"Acord puternic\",\"en\":\"Acord puternic\"}',1),(476,113,'{\"ro\":\"Intrucatva de acord\",\"en\":\"Intrucatva de acord\"}',2),(477,113,'{\"ro\":\"Dezacord partial\",\"en\":\"Dezacord partial\"}',3),(478,113,'{\"ro\":\"Dezacord puternic\",\"en\":\"Dezacord puternic\"}',4),(479,114,'{\"ro\":\"Acord puternic\",\"en\":\"Acord puternic\"}',1),(480,114,'{\"ro\":\"Intrucatva de acord\",\"en\":\"Intrucatva de acord\"}',2),(481,114,'{\"ro\":\"Dezacord partial\",\"en\":\"Dezacord partial\"}',3),(482,114,'{\"ro\":\"Dezacord puternic\",\"en\":\"Dezacord puternic\"}',4),(483,115,'{\"ro\":\"Acord puternic\",\"en\":\"Acord puternic\"}',1),(484,115,'{\"ro\":\"Intrucatva de acord\",\"en\":\"Intrucatva de acord\"}',2),(485,115,'{\"ro\":\"Dezacord partial\",\"en\":\"Dezacord partial\"}',3),(486,115,'{\"ro\":\"Dezacord puternic\",\"en\":\"Dezacord puternic\"}',4),(487,116,'{\"ro\":\"Acord puternic\",\"en\":\"Acord puternic\"}',1),(488,116,'{\"ro\":\"Intrucatva de acord\",\"en\":\"Intrucatva de acord\"}',2),(489,116,'{\"ro\":\"Dezacord partial\",\"en\":\"Dezacord partial\"}',3),(490,116,'{\"ro\":\"Dezacord puternic\",\"en\":\"Dezacord puternic\"}',4),(491,117,'{\"ro\":\"Acord puternic\",\"en\":\"Acord puternic\"}',1),(492,117,'{\"ro\":\"Intrucatva de acord\",\"en\":\"Intrucatva de acord\"}',2),(493,117,'{\"ro\":\"Dezacord partial\",\"en\":\"Dezacord partial\"}',3),(494,117,'{\"ro\":\"Dezacord puternic\",\"en\":\"Dezacord puternic\"}',4),(495,118,'{\"ro\":\"Acord puternic\",\"en\":\"Acord puternic\"}',1),(496,118,'{\"ro\":\"Intrucatva de acord\",\"en\":\"Intrucatva de acord\"}',2),(497,118,'{\"ro\":\"Dezacord partial\",\"en\":\"Dezacord partial\"}',3),(498,118,'{\"ro\":\"Dezacord puternic\",\"en\":\"Dezacord puternic\"}',4),(499,119,'{\"ro\":\"Acord puternic\",\"en\":\"Acord puternic\"}',1),(500,119,'{\"ro\":\"Intrucatva de acord\",\"en\":\"Intrucatva de acord\"}',2),(501,119,'{\"ro\":\"Dezacord partial\",\"en\":\"Dezacord partial\"}',3),(502,119,'{\"ro\":\"Dezacord puternic\",\"en\":\"Dezacord puternic\"}',4),(503,120,'{\"ro\":\"Acord puternic\",\"en\":\"Acord puternic\"}',1),(504,120,'{\"ro\":\"Intrucatva de acord\",\"en\":\"Intrucatva de acord\"}',2),(505,120,'{\"ro\":\"Dezacord partial\",\"en\":\"Dezacord partial\"}',3),(506,120,'{\"ro\":\"Dezacord puternic\",\"en\":\"Dezacord puternic\"}',4),(507,121,'{\"ro\":\"Acord puternic\",\"en\":\"Acord puternic\"}',1),(508,121,'{\"ro\":\"Intrucatva de acord\",\"en\":\"Intrucatva de acord\"}',2),(509,121,'{\"ro\":\"Dezacord partial\",\"en\":\"Dezacord partial\"}',3),(510,121,'{\"ro\":\"Dezacord puternic\",\"en\":\"Dezacord puternic\"}',4),(511,124,'{\"ro\":\"deloc\",\"en\":\"deloc\"}',1),(512,124,'{\"ro\":\"foarte putin\",\"en\":\"foarte putin\"}',2),(513,124,'{\"ro\":\"mediu\",\"en\":\"mediu\"}',3),(514,124,'{\"ro\":\"mult\",\"en\":\"mult\"}',4),(515,124,'{\"ro\":\"foarte mult\",\"en\":\"foarte mult\"}',5),(516,125,'{\"ro\":\"deloc\",\"en\":\"deloc\"}',1),(517,125,'{\"ro\":\"foarte putin\",\"en\":\"foarte putin\"}',2),(518,125,'{\"ro\":\"mediu\",\"en\":\"mediu\"}',3),(519,125,'{\"ro\":\"mult\",\"en\":\"mult\"}',4),(520,125,'{\"ro\":\"foarte mult\",\"en\":\"foarte mult\"}',5),(521,126,'{\"ro\":\"deloc\",\"en\":\"deloc\"}',1),(522,126,'{\"ro\":\"foarte putin\",\"en\":\"foarte putin\"}',2),(523,126,'{\"ro\":\"mediu\",\"en\":\"mediu\"}',3),(524,126,'{\"ro\":\"mult\",\"en\":\"mult\"}',4),(525,126,'{\"ro\":\"foarte mult\",\"en\":\"foarte mult\"}',5),(526,127,'{\"ro\":\"deloc\",\"en\":\"deloc\"}',1),(527,127,'{\"ro\":\"foarte putin\",\"en\":\"foarte putin\"}',2),(528,127,'{\"ro\":\"mediu\",\"en\":\"mediu\"}',3),(529,127,'{\"ro\":\"mult\",\"en\":\"mult\"}',4),(530,127,'{\"ro\":\"foarte mult\",\"en\":\"foarte mult\"}',5),(531,128,'{\"ro\":\"deloc\",\"en\":\"deloc\"}',1),(532,128,'{\"ro\":\"foarte putin\",\"en\":\"foarte putin\"}',2),(533,128,'{\"ro\":\"mediu\",\"en\":\"mediu\"}',3),(534,128,'{\"ro\":\"mult\",\"en\":\"mult\"}',4),(535,128,'{\"ro\":\"foarte mult\",\"en\":\"foarte mult\"}',5),(536,129,'{\"ro\":\"deloc\",\"en\":\"deloc\"}',1),(537,129,'{\"ro\":\"foarte putin\",\"en\":\"foarte putin\"}',2),(538,129,'{\"ro\":\"mediu\",\"en\":\"mediu\"}',3),(539,129,'{\"ro\":\"mult\",\"en\":\"mult\"}',4),(540,129,'{\"ro\":\"foarte mult\",\"en\":\"foarte mult\"}',5),(541,130,'{\"ro\":\"deloc\",\"en\":\"deloc\"}',1),(542,130,'{\"ro\":\"foarte putin\",\"en\":\"foarte putin\"}',2),(543,130,'{\"ro\":\"mediu\",\"en\":\"mediu\"}',3),(544,130,'{\"ro\":\"mult\",\"en\":\"mult\"}',4),(545,130,'{\"ro\":\"foarte mult\",\"en\":\"foarte mult\"}',5),(546,131,'{\"ro\":\"deloc\",\"en\":\"deloc\"}',1),(547,131,'{\"ro\":\"foarte putin\",\"en\":\"foarte putin\"}',2),(548,131,'{\"ro\":\"mediu\",\"en\":\"mediu\"}',3),(549,131,'{\"ro\":\"mult\",\"en\":\"mult\"}',4),(550,131,'{\"ro\":\"foarte mult\",\"en\":\"foarte mult\"}',5),(551,132,'{\"ro\":\"deloc\",\"en\":\"deloc\"}',1),(552,132,'{\"ro\":\"foarte putin\",\"en\":\"foarte putin\"}',2),(553,132,'{\"ro\":\"mediu\",\"en\":\"mediu\"}',3),(554,132,'{\"ro\":\"mult\",\"en\":\"mult\"}',4),(555,132,'{\"ro\":\"foarte mult\",\"en\":\"foarte mult\"}',5),(556,133,'{\"ro\":\"deloc\",\"en\":\"deloc\"}',1),(557,133,'{\"ro\":\"foarte putin\",\"en\":\"foarte putin\"}',2),(558,133,'{\"ro\":\"mediu\",\"en\":\"mediu\"}',3),(559,133,'{\"ro\":\"mult\",\"en\":\"mult\"}',4),(560,133,'{\"ro\":\"foarte mult\",\"en\":\"foarte mult\"}',5),(561,134,'{\"ro\":\"deloc\",\"en\":\"deloc\"}',1),(562,134,'{\"ro\":\"foarte putin\",\"en\":\"foarte putin\"}',2),(563,134,'{\"ro\":\"mediu\",\"en\":\"mediu\"}',3),(564,134,'{\"ro\":\"mult\",\"en\":\"mult\"}',4),(565,134,'{\"ro\":\"foarte mult\",\"en\":\"foarte mult\"}',5),(566,135,'{\"ro\":\"deloc\",\"en\":\"deloc\"}',1),(567,135,'{\"ro\":\"foarte putin\",\"en\":\"foarte putin\"}',2),(568,135,'{\"ro\":\"mediu\",\"en\":\"mediu\"}',3),(569,135,'{\"ro\":\"mult\",\"en\":\"mult\"}',4),(570,135,'{\"ro\":\"foarte mult\",\"en\":\"foarte mult\"}',5),(571,136,'{\"ro\":\"deloc\",\"en\":\"deloc\"}',1),(572,136,'{\"ro\":\"foarte putin\",\"en\":\"foarte putin\"}',2),(573,136,'{\"ro\":\"mediu\",\"en\":\"mediu\"}',3),(574,136,'{\"ro\":\"mult\",\"en\":\"mult\"}',4),(575,136,'{\"ro\":\"foarte mult\",\"en\":\"foarte mult\"}',5),(576,137,'{\"ro\":\"deloc\",\"en\":\"deloc\"}',1),(577,137,'{\"ro\":\"foarte putin\",\"en\":\"foarte putin\"}',2),(578,137,'{\"ro\":\"mediu\",\"en\":\"mediu\"}',3),(579,137,'{\"ro\":\"mult\",\"en\":\"mult\"}',4),(580,137,'{\"ro\":\"foarte mult\",\"en\":\"foarte mult\"}',5),(581,138,'{\"ro\":\"deloc\",\"en\":\"deloc\"}',1),(582,138,'{\"ro\":\"foarte putin\",\"en\":\"foarte putin\"}',2),(583,138,'{\"ro\":\"mediu\",\"en\":\"mediu\"}',3),(584,138,'{\"ro\":\"mult\",\"en\":\"mult\"}',4),(585,138,'{\"ro\":\"foarte mult\",\"en\":\"foarte mult\"}',5),(586,139,'{\"ro\":\"deloc\",\"en\":\"deloc\"}',1),(587,139,'{\"ro\":\"foarte putin\",\"en\":\"foarte putin\"}',2),(588,139,'{\"ro\":\"mediu\",\"en\":\"mediu\"}',3),(589,139,'{\"ro\":\"mult\",\"en\":\"mult\"}',4),(590,139,'{\"ro\":\"foarte mult\",\"en\":\"foarte mult\"}',5),(591,140,'{\"ro\":\"deloc\",\"en\":\"deloc\"}',1),(592,140,'{\"ro\":\"foarte putin\",\"en\":\"foarte putin\"}',2),(593,140,'{\"ro\":\"mediu\",\"en\":\"mediu\"}',3),(594,140,'{\"ro\":\"mult\",\"en\":\"mult\"}',4),(595,140,'{\"ro\":\"foarte mult\",\"en\":\"foarte mult\"}',5),(596,141,'{\"ro\":\"deloc\",\"en\":\"deloc\"}',1),(597,141,'{\"ro\":\"foarte putin\",\"en\":\"foarte putin\"}',2),(598,141,'{\"ro\":\"mediu\",\"en\":\"mediu\"}',3),(599,141,'{\"ro\":\"mult\",\"en\":\"mult\"}',4),(600,141,'{\"ro\":\"foarte mult\",\"en\":\"foarte mult\"}',5),(601,142,'{\"ro\":\"deloc\",\"en\":\"deloc\"}',1),(602,142,'{\"ro\":\"foarte putin\",\"en\":\"foarte putin\"}',2),(603,142,'{\"ro\":\"mediu\",\"en\":\"mediu\"}',3),(604,142,'{\"ro\":\"mult\",\"en\":\"mult\"}',4),(605,142,'{\"ro\":\"foarte mult\",\"en\":\"foarte mult\"}',5),(606,143,'{\"ro\":\"deloc\",\"en\":\"deloc\"}',1),(607,143,'{\"ro\":\"foarte putin\",\"en\":\"foarte putin\"}',2),(608,143,'{\"ro\":\"mediu\",\"en\":\"mediu\"}',3),(609,143,'{\"ro\":\"mult\",\"en\":\"mult\"}',4),(610,143,'{\"ro\":\"foarte mult\",\"en\":\"foarte mult\"}',5),(611,144,'{\"ro\":\"deloc\",\"en\":\"deloc\"}',1),(612,144,'{\"ro\":\"foarte putin\",\"en\":\"foarte putin\"}',2),(613,144,'{\"ro\":\"mediu\",\"en\":\"mediu\"}',3),(614,144,'{\"ro\":\"mult\",\"en\":\"mult\"}',4),(615,144,'{\"ro\":\"foarte mult\",\"en\":\"foarte mult\"}',5),(616,145,'{\"ro\":\"deloc\",\"en\":\"deloc\"}',1),(617,145,'{\"ro\":\"foarte putin\",\"en\":\"foarte putin\"}',2),(618,145,'{\"ro\":\"mediu\",\"en\":\"mediu\"}',3),(619,145,'{\"ro\":\"mult\",\"en\":\"mult\"}',4),(620,145,'{\"ro\":\"foarte mult\",\"en\":\"foarte mult\"}',5),(621,146,'{\"ro\":\"deloc\",\"en\":\"deloc\"}',1),(622,146,'{\"ro\":\"foarte putin\",\"en\":\"foarte putin\"}',2),(623,146,'{\"ro\":\"mediu\",\"en\":\"mediu\"}',3),(624,146,'{\"ro\":\"mult\",\"en\":\"mult\"}',4),(625,146,'{\"ro\":\"foarte mult\",\"en\":\"foarte mult\"}',5),(626,147,'{\"ro\":\"deloc\",\"en\":\"deloc\"}',1),(627,147,'{\"ro\":\"foarte putin\",\"en\":\"foarte putin\"}',2),(628,147,'{\"ro\":\"mediu\",\"en\":\"mediu\"}',3),(629,147,'{\"ro\":\"mult\",\"en\":\"mult\"}',4),(630,147,'{\"ro\":\"foarte mult\",\"en\":\"foarte mult\"}',5),(631,148,'{\"ro\":\"deloc\",\"en\":\"deloc\"}',1),(632,148,'{\"ro\":\"foarte putin\",\"en\":\"foarte putin\"}',2),(633,148,'{\"ro\":\"mediu\",\"en\":\"mediu\"}',3),(634,148,'{\"ro\":\"mult\",\"en\":\"mult\"}',4),(635,148,'{\"ro\":\"foarte mult\",\"en\":\"foarte mult\"}',5),(636,149,'{\"ro\":\"deloc\",\"en\":\"deloc\"}',1),(637,149,'{\"ro\":\"foarte putin\",\"en\":\"foarte putin\"}',2),(638,149,'{\"ro\":\"mediu\",\"en\":\"mediu\"}',3),(639,149,'{\"ro\":\"mult\",\"en\":\"mult\"}',4),(640,149,'{\"ro\":\"foarte mult\",\"en\":\"foarte mult\"}',5),(641,150,'{\"ro\":\"deloc\",\"en\":\"deloc\"}',1),(642,150,'{\"ro\":\"foarte putin\",\"en\":\"foarte putin\"}',2),(643,150,'{\"ro\":\"mediu\",\"en\":\"mediu\"}',3),(644,150,'{\"ro\":\"mult\",\"en\":\"mult\"}',4),(645,150,'{\"ro\":\"foarte mult\",\"en\":\"foarte mult\"}',5),(646,151,'{\"ro\":\"deloc\",\"en\":\"deloc\"}',1),(647,151,'{\"ro\":\"foarte putin\",\"en\":\"foarte putin\"}',2),(648,151,'{\"ro\":\"mediu\",\"en\":\"mediu\"}',3),(649,151,'{\"ro\":\"mult\",\"en\":\"mult\"}',4),(650,151,'{\"ro\":\"foarte mult\",\"en\":\"foarte mult\"}',5),(651,152,'{\"ro\":\"deloc\",\"en\":\"deloc\"}',1),(652,152,'{\"ro\":\"foarte putin\",\"en\":\"foarte putin\"}',2),(653,152,'{\"ro\":\"mediu\",\"en\":\"mediu\"}',3),(654,152,'{\"ro\":\"mult\",\"en\":\"mult\"}',4),(655,152,'{\"ro\":\"foarte mult\",\"en\":\"foarte mult\"}',5),(656,153,'{\"ro\":\"deloc\",\"en\":\"deloc\"}',1),(657,153,'{\"ro\":\"foarte putin\",\"en\":\"foarte putin\"}',2),(658,153,'{\"ro\":\"mediu\",\"en\":\"mediu\"}',3),(659,153,'{\"ro\":\"mult\",\"en\":\"mult\"}',4),(660,153,'{\"ro\":\"foarte mult\",\"en\":\"foarte mult\"}',5),(661,154,'{\"ro\":\"deloc\",\"en\":\"deloc\"}',1),(662,154,'{\"ro\":\"foarte putin\",\"en\":\"foarte putin\"}',2),(663,154,'{\"ro\":\"mediu\",\"en\":\"mediu\"}',3),(664,154,'{\"ro\":\"mult\",\"en\":\"mult\"}',4),(665,154,'{\"ro\":\"foarte mult\",\"en\":\"foarte mult\"}',5),(666,155,'{\"ro\":\"deloc\",\"en\":\"deloc\"}',1),(667,155,'{\"ro\":\"foarte putin\",\"en\":\"foarte putin\"}',2),(668,155,'{\"ro\":\"mediu\",\"en\":\"mediu\"}',3),(669,155,'{\"ro\":\"mult\",\"en\":\"mult\"}',4),(670,155,'{\"ro\":\"foarte mult\",\"en\":\"foarte mult\"}',5),(671,156,'{\"ro\":\"deloc\",\"en\":\"deloc\"}',1),(672,156,'{\"ro\":\"foarte putin\",\"en\":\"foarte putin\"}',2),(673,156,'{\"ro\":\"mediu\",\"en\":\"mediu\"}',3),(674,156,'{\"ro\":\"mult\",\"en\":\"mult\"}',4),(675,156,'{\"ro\":\"foarte mult\",\"en\":\"foarte mult\"}',5),(676,157,'{\"ro\":\"deloc\",\"en\":\"deloc\"}',1),(677,157,'{\"ro\":\"foarte putin\",\"en\":\"foarte putin\"}',2),(678,157,'{\"ro\":\"mediu\",\"en\":\"mediu\"}',3),(679,157,'{\"ro\":\"mult\",\"en\":\"mult\"}',4),(680,157,'{\"ro\":\"foarte mult\",\"en\":\"foarte mult\"}',5),(681,158,'{\"ro\":\"deloc\",\"en\":\"deloc\"}',1),(682,158,'{\"ro\":\"foarte putin\",\"en\":\"foarte putin\"}',2),(683,158,'{\"ro\":\"mediu\",\"en\":\"mediu\"}',3),(684,158,'{\"ro\":\"mult\",\"en\":\"mult\"}',4),(685,158,'{\"ro\":\"foarte mult\",\"en\":\"foarte mult\"}',5),(686,159,'{\"ro\":\"deloc\",\"en\":\"deloc\"}',1),(687,159,'{\"ro\":\"foarte putin\",\"en\":\"foarte putin\"}',2),(688,159,'{\"ro\":\"mediu\",\"en\":\"mediu\"}',3),(689,159,'{\"ro\":\"mult\",\"en\":\"mult\"}',4),(690,159,'{\"ro\":\"foarte mult\",\"en\":\"foarte mult\"}',5),(691,160,'{\"ro\":\"deloc\",\"en\":\"deloc\"}',1),(692,160,'{\"ro\":\"foarte putin\",\"en\":\"foarte putin\"}',2),(693,160,'{\"ro\":\"mediu\",\"en\":\"mediu\"}',3),(694,160,'{\"ro\":\"mult\",\"en\":\"mult\"}',4),(695,160,'{\"ro\":\"foarte mult\",\"en\":\"foarte mult\"}',5),(696,161,'{\"ro\":\"deloc\",\"en\":\"deloc\"}',1),(697,161,'{\"ro\":\"foarte putin\",\"en\":\"foarte putin\"}',2),(698,161,'{\"ro\":\"mediu\",\"en\":\"mediu\"}',3),(699,161,'{\"ro\":\"mult\",\"en\":\"mult\"}',4),(700,161,'{\"ro\":\"foarte mult\",\"en\":\"foarte mult\"}',5),(701,162,'{\"ro\":\"deloc\",\"en\":\"deloc\"}',1),(702,162,'{\"ro\":\"foarte putin\",\"en\":\"foarte putin\"}',2),(703,162,'{\"ro\":\"mediu\",\"en\":\"mediu\"}',3),(704,162,'{\"ro\":\"mult\",\"en\":\"mult\"}',4),(705,162,'{\"ro\":\"foarte mult\",\"en\":\"foarte mult\"}',5),(706,163,'{\"ro\":\"deloc\",\"en\":\"deloc\"}',1),(707,163,'{\"ro\":\"foarte putin\",\"en\":\"foarte putin\"}',2),(708,163,'{\"ro\":\"mediu\",\"en\":\"mediu\"}',3),(709,163,'{\"ro\":\"mult\",\"en\":\"mult\"}',4),(710,163,'{\"ro\":\"foarte mult\",\"en\":\"foarte mult\"}',5),(711,164,'{\"ro\":\"deloc\",\"en\":\"deloc\"}',1),(712,164,'{\"ro\":\"foarte putin\",\"en\":\"foarte putin\"}',2),(713,164,'{\"ro\":\"mediu\",\"en\":\"mediu\"}',3),(714,164,'{\"ro\":\"mult\",\"en\":\"mult\"}',4),(715,164,'{\"ro\":\"foarte mult\",\"en\":\"foarte mult\"}',5),(716,165,'{\"ro\":\"deloc\",\"en\":\"deloc\"}',1),(717,165,'{\"ro\":\"foarte putin\",\"en\":\"foarte putin\"}',2),(718,165,'{\"ro\":\"mediu\",\"en\":\"mediu\"}',3),(719,165,'{\"ro\":\"mult\",\"en\":\"mult\"}',4),(720,165,'{\"ro\":\"foarte mult\",\"en\":\"foarte mult\"}',5),(721,166,'{\"ro\":\"deloc\",\"en\":\"deloc\"}',1),(722,166,'{\"ro\":\"foarte putin\",\"en\":\"foarte putin\"}',2),(723,166,'{\"ro\":\"mediu\",\"en\":\"mediu\"}',3),(724,166,'{\"ro\":\"mult\",\"en\":\"mult\"}',4),(725,166,'{\"ro\":\"foarte mult\",\"en\":\"foarte mult\"}',5),(726,167,'{\"ro\":\"bbbbbb\",\"en\":\"bbbbbbbbbbb\"}',5),(727,167,'{\"ro\":\"cccccccccc\",\"en\":\"cccccccccc\"}',3),(728,167,'{\"ro\":\"dddddddd\",\"en\":\"ddddddddd\"}',4);
/*!40000 ALTER TABLE `choices` ENABLE KEYS */;
UNLOCK TABLES;

--
-- Table structure for table `emails`
--

DROP TABLE IF EXISTS `emails`;
/*!40101 SET @saved_cs_client     = @@character_set_client */;
/*!40101 SET character_set_client = utf8 */;
CREATE TABLE `emails` (
  `email_id` int(11) NOT NULL auto_increment,
  `name` text NOT NULL,
  `body` text NOT NULL,
  PRIMARY KEY  (`email_id`)
) ENGINE=InnoDB AUTO_INCREMENT=6 DEFAULT CHARSET=utf8;
/*!40101 SET character_set_client = @saved_cs_client */;

--
-- Dumping data for table `emails`
--

LOCK TABLES `emails` WRITE;
/*!40000 ALTER TABLE `emails` DISABLE KEYS */;
INSERT INTO `emails` VALUES (1,'{\"ro\":\"Invitatie participare studiu\",\"en\":\"Invitatie participare studiu\"}','{\"ro\":\"Buna ziua [nume]!\\r\\n\\r\\nVa rugam sa participati la studiul &quot;[studiu]&quot; completand chestionarul accesibil prin linkul de mai jos:\\r\\n\\r\\n[url]\\r\\n\\r\\nVa multumim!\",\"en\":\"Buna ziua [nume]!\\r\\n\\r\\nVa rugam sa participati la studiul &quot;[studiu]&quot; completand chestionarul accesibil prin linkul de mai jos:\\r\\n\\r\\n[url]\\r\\n\\r\\nVa multumim!\"}');
/*!40000 ALTER TABLE `emails` ENABLE KEYS */;
UNLOCK TABLES;

--
-- Table structure for table `liste`
--

DROP TABLE IF EXISTS `liste`;
/*!40101 SET @saved_cs_client     = @@character_set_client */;
/*!40101 SET character_set_client = utf8 */;
CREATE TABLE `liste` (
  `list_id` int(11) NOT NULL auto_increment,
  `name` text NOT NULL,
  `desc` text NOT NULL,
  `public` enum('0','1') NOT NULL default '0',
  PRIMARY KEY  (`list_id`)
) ENGINE=MyISAM AUTO_INCREMENT=12 DEFAULT CHARSET=utf8;
/*!40101 SET character_set_client = @saved_cs_client */;

--
-- Dumping data for table `liste`
--

LOCK TABLES `liste` WRITE;
/*!40000 ALTER TABLE `liste` DISABLE KEYS */;
INSERT INTO `liste` VALUES (1,'{\"ro\":\"Interesat de participare la studiu\",\"en\":\"Interest in being evaluated\"}','{\"ro\":\"descriere lista nr. 1\",\"en\":\"description list no 1\"}','1'),(2,'{\"ro\":\"Interesat de evaluarea personalului companiei\",\"en\":\"Interested in evaluating the company staff\"}','{\"ro\":\"descriere lista nr. 2\",\"en\":\"description list no. 2\"}','1'),(3,'{\"ro\":\"Newsletter\",\"en\":\"Newsletter\"}','{\"ro\":\"list_desc_ro\",\"en\":\"list_desc_en\"}','1'),(11,'{\"ro\":\"lista test\",\"en\":\"test list\"}','{\"ro\":\"test\",\"en\":\"test\"}','0');
/*!40000 ALTER TABLE `liste` ENABLE KEYS */;
UNLOCK TABLES;

--
-- Table structure for table `mails`
--

DROP TABLE IF EXISTS `mails`;
/*!40101 SET @saved_cs_client     = @@character_set_client */;
/*!40101 SET character_set_client = utf8 */;
CREATE TABLE `mails` (
  `id` smallint(11) NOT NULL auto_increment,
  `study_id` int(11) NOT NULL,
  `subj_id` int(11) NOT NULL,
  `nume` varchar(255) NOT NULL,
  `email` varchar(255) NOT NULL,
  `titlu` varchar(255) NOT NULL,
  `body` text NOT NULL,
  `status` int(1) NOT NULL default '0',
  PRIMARY KEY  (`id`),
  UNIQUE KEY `study_id` (`study_id`,`subj_id`)
) ENGINE=MyISAM AUTO_INCREMENT=20 DEFAULT CHARSET=utf8;
/*!40101 SET character_set_client = @saved_cs_client */;

--
-- Dumping data for table `mails`
--

LOCK TABLES `mails` WRITE;
/*!40000 ALTER TABLE `mails` DISABLE KEYS */;
INSERT INTO `mails` VALUES (1,1,2,'Dan Fratean','alexandru.dan.fratean@gmail.com','studiu test','Buna ziua [nume]!\r\n\r\nVa rugam sa participati la studiul &quot;[studiu]&quot; completand chestionarul accesibil prin linkul de mai jos:\r\n\r\n[url]\r\n\r\nVa multumim!',2),(2,1,1,'Relu Tatar','relu.tatar@gmail.com','studiu test','Buna ziua [nume]!\r\n\r\nVa rugam sa participati la studiul &quot;[studiu]&quot; completand chestionarul accesibil prin linkul de mai jos:\r\n\r\n[url]\r\n\r\nVa multumim!',2),(3,1,3,'Oana Gavita','oanagavita@gmail.com','studiu test','Buna ziua [nume]!\r\n\r\nVa rugam sa participati la studiul &quot;[studiu]&quot; completand chestionarul accesibil prin linkul de mai jos:\r\n\r\n[url]\r\n\r\nVa multumim!',2),(4,3,2,'Dan Fratean','alexandru.dan.fratean@gmail.com','Un titlu','Buna ziua [nume]!\r\n\r\nVa rugam sa participati la studiul &quot;[studiu]&quot; completand chestionarul accesibil prin linkul de mai jos:\r\n\r\n[url]\r\n\r\nVa multumim!',2),(5,4,2,'Dan Fratean','alexandru.dan.fratean@gmail.com','','Buna ziua [nume]!\r\n\r\nVa rugam sa participati la studiul &quot;[studiu]&quot; completand chestionarul accesibil prin linkul de mai jos:\r\n\r\n[url]\r\n\r\nVa multumim!',2),(6,5,2,'Dan Fratean','alexandru.dan.fratean@gmail.com','test3','Buna ziua [nume]!\r\n\r\nVa rugam sa participati la studiul &quot;[studiu]&quot; completand chestionarul accesibil prin linkul de mai jos:\r\n\r\n[url]\r\n\r\nVa multumim!',2),(7,6,1,'Relu Tatar','relu.tatar@gmail.com','Profilul Distresului Afectiv ','Buna ziua [nume]!\r\n\r\nVa rugam sa participati la studiul &quot;[studiu]&quot; completand chestionarul accesibil prin linkul de mai jos:\r\n\r\n[url]\r\n\r\nVa multumim!',2),(8,6,2,'Dan Fratean','alexandru.dan.fratean@gmail.com','Profilul Distresului Afectiv ','Buna ziua [nume]!\r\n\r\nVa rugam sa participati la studiul &quot;[studiu]&quot; completand chestionarul accesibil prin linkul de mai jos:\r\n\r\n[url]\r\n\r\nVa multumim!',2),(9,6,3,'Oana Gavita','oanagavita@gmail.com','Profilul Distresului Afectiv ','Buna ziua [nume]!\r\n\r\nVa rugam sa participati la studiul &quot;[studiu]&quot; completand chestionarul accesibil prin linkul de mai jos:\r\n\r\n[url]\r\n\r\nVa multumim!',2),(10,7,1,'Relu Tatar','relu.tatar@gmail.com','Roata Profilului afectiv binar','Buna ziua [nume]!\r\n\r\nVa rugam sa participati la studiul &quot;[studiu]&quot; completand chestionarul accesibil prin linkul de mai jos:\r\n\r\n[url]\r\n\r\nVa multumim!',2),(11,7,2,'Dan Fratean','alexandru.dan.fratean@gmail.com','Roata Profilului afectiv binar','Buna ziua [nume]!\r\n\r\nVa rugam sa participati la studiul &quot;[studiu]&quot; completand chestionarul accesibil prin linkul de mai jos:\r\n\r\n[url]\r\n\r\nVa multumim!',2),(12,7,3,'Oana Gavita','oanagavita@gmail.com','Roata Profilului afectiv binar','Buna ziua [nume]!\r\n\r\nVa rugam sa participati la studiul &quot;[studiu]&quot; completand chestionarul accesibil prin linkul de mai jos:\r\n\r\n[url]\r\n\r\nVa multumim!',2),(13,8,1,'Relu Tatar','relu.tatar@gmail.com','Test 360','Buna ziua [nume]!\r\n\r\nVa rugam sa participati la studiul &quot;[studiu]&quot; completand chestionarul accesibil prin linkul de mai jos:\r\n\r\n[url]\r\n\r\nVa multumim!',2),(14,8,2,'Dan Fratean','alexandru.dan.fratean@gmail.com','Test 360','Buna ziua [nume]!\r\n\r\nVa rugam sa participati la studiul &quot;[studiu]&quot; completand chestionarul accesibil prin linkul de mai jos:\r\n\r\n[url]\r\n\r\nVa multumim!',2),(15,8,3,'Oana Gavita','oanagavita@gmail.com','Test 360','Buna ziua [nume]!\r\n\r\nVa rugam sa participati la studiul &quot;[studiu]&quot; completand chestionarul accesibil prin linkul de mai jos:\r\n\r\n[url]\r\n\r\nVa multumim!',2),(16,9,1,'Relu Tatar','relu.tatar@gmail.com','Un titlu','Buna ziua [nume]!\r\n\r\nVa rugam sa participati la studiul &quot;[studiu]&quot; completand chestionarul accesibil prin linkul de mai jos:\r\n\r\n[url]\r\n\r\nVa multumim!',2),(17,9,2,'Dan Fratean','alexandru.dan.fratean@gmail.com','Un titlu','Buna ziua [nume]!\r\n\r\nVa rugam sa participati la studiul &quot;[studiu]&quot; completand chestionarul accesibil prin linkul de mai jos:\r\n\r\n[url]\r\n\r\nVa multumim!',2),(18,10,1,'Relu Tatar','relu.tatar@gmail.com','','Buna ziua [nume]!\r\n\r\nVa rugam sa participati la studiul &quot;[studiu]&quot; completand chestionarul accesibil prin linkul de mai jos:\r\n\r\n[url]\r\n\r\nVa multumim!',2),(19,10,2,'Dan Fratean','alexandru.dan.fratean@gmail.com','','Buna ziua [nume]!\r\n\r\nVa rugam sa participati la studiul &quot;[studiu]&quot; completand chestionarul accesibil prin linkul de mai jos:\r\n\r\n[url]\r\n\r\nVa multumim!',2);
/*!40000 ALTER TABLE `mails` ENABLE KEYS */;
UNLOCK TABLES;

--
-- Table structure for table `marital_satiffaction`
--

DROP TABLE IF EXISTS `marital_satiffaction`;
/*!40101 SET @saved_cs_client     = @@character_set_client */;
/*!40101 SET character_set_client = utf8 */;
CREATE TABLE `marital_satiffaction` (
  `id` int(11) NOT NULL auto_increment,
  `email` varchar(255) default NULL,
  `ip` varchar(255) default NULL,
  `data` text,
  KEY `id` (`id`),
  KEY `email` (`email`,`ip`)
) ENGINE=MyISAM AUTO_INCREMENT=79 DEFAULT CHARSET=latin1;
/*!40101 SET character_set_client = @saved_cs_client */;

--
-- Dumping data for table `marital_satiffaction`
--

LOCK TABLES `marital_satiffaction` WRITE;
/*!40000 ALTER TABLE `marital_satiffaction` DISABLE KEYS */;
INSERT INTO `marital_satiffaction` VALUES (14,'','188.24.52.182','{\"a1\":\"ELENACAPRAR@YAHOO.COM\",\"a2\":\"Feminin\",\"a3\":\"31\",\"a4\":\"6\",\"a5\":\"1\",\"a6\":\"1\",\"a7\":\"licenta sau masterat\",\"a8\":\"mult peste media din tara mea\",\"a9\":\"Ortodox\",\"a10\":\"\",\"a11\":\"5\",\"a12\":\"-1 Dezacord usor\",\"a13\":\"+1 Mai degraba da\",\"a14\":\"0 Nici da nici nu\",\"a15\":\"0 Nici da nici nu\",\"a16\":\"0 Nici da nici nu\",\"a17\":\"+2 Da\",\"a18\":\"+2 Da\",\"a19\":\"+1 Mai degraba da\",\"a20\":\"+1 Mai degraba da\",\"a21\":\"+1 Mai degraba da\",\"a22\":\"5\",\"a23\":\"4\",\"a24\":\"4\",\"a25\":\"Acord usor\",\"a26\":\"Acord puternic\",\"a27\":\"Dezacord usor\",\"a28\":\"Nici acord, nici dezacord\",\"a29\":\"Dezacord usor\",\"a30\":\"Acord moderat\",\"a31\":\"Dezacord usor\",\"a32\":\"Acord usor\",\"a33\":\"des\",\"a34\":\"des\",\"a35\":\"rar\",\"a36\":\"foarte des\",\"a37\":\"rar\",\"a38\":\"cateodata\",\"a39\":\"cateodata\",\"a40\":\"rar\",\"a41\":\"rar\",\"a42\":\"cateodata\",\"a43\":\"cateodata\",\"a44\":\"De obicei\",\"a45\":\"Multa influenta\",\"a46\":\"De obicei\",\"a47\":\"Multa influenta\",\"a48\":\"Da\",\"a49\":\"Foarte important\",\"a50\":\"Mai sensibil decat ceilalti\",\"a51\":\"\",\"a52\":\"\",\"a53\":\"\"}'),(15,'','92.141.29.120','{\"a1\":\"monica_tkd@yahoo.com\",\"a2\":\"Feminin\",\"a3\":\"25\",\"a4\":\"1\",\"a5\":\"0\",\"a6\":\"2\",\"a7\":\"licenta sau masterat\",\"a8\":\"similara cu media din tara mea\",\"a9\":\"Ortodox\",\"a10\":\"\",\"a11\":\"2\",\"a12\":\"+1 Acord usor\",\"a13\":\"+2 Da\",\"a14\":\"+2 Da\",\"a15\":\"+2 Da\",\"a16\":\"+2 Da\",\"a17\":\"+2 Da\",\"a18\":\"+2 Da\",\"a19\":\"+2 Da\",\"a20\":\"+2 Da\",\"a21\":\"+2 Da\",\"a22\":\"7 foarte satisfacut\",\"a23\":\"7 foarte satisfacut\",\"a24\":\"7 foarte satisfacut\",\"a25\":\"Acord moderat\",\"a26\":\"Acord puternic\",\"a27\":\"Nici acord, nici dezacord\",\"a28\":\"Acord puternic\",\"a29\":\"Dezacord moderat\",\"a30\":\"Acord moderat\",\"a31\":\"Dezacord puternic\",\"a32\":\"Dezacord puternic\",\"a33\":\"foarte des\",\"a34\":\"foarte des\",\"a35\":\"niciodata / foarte rar\",\"a36\":\"niciodata / foarte rar\",\"a37\":\"des\",\"a38\":\"foarte des\",\"a39\":\"rar\",\"a40\":\"foarte des\",\"a41\":\"rar\",\"a42\":\"foarte des\",\"a43\":\"des\",\"a44\":\"Intotdeauna\",\"a45\":\"Influenta moderata\",\"a46\":\"Intotdeauna\",\"a47\":\"(Aproape) nu are influenta\",\"a48\":\"Da\",\"a49\":\"Destul de important\",\"a50\":\"Mai putin sensibil decat ceilalti\",\"a51\":\"4\",\"a52\":\"3\",\"a53\":\"2\"}'),(16,'','89.123.1.114','{\"a1\":\"monituric@yahoo.com\",\"a2\":\"Feminin\",\"a3\":\"38\",\"a4\":\"10\",\"a5\":\"0\",\"a6\":\"0\",\"a7\":\"nicio educatie formala\",\"a8\":\"peste media din tara mea\",\"a9\":\"Ortodox\",\"a10\":\"\",\"a11\":\"2\",\"a12\":\"-2 Dezacord\",\"a13\":\"+2 Da\",\"a14\":\"0 Nici da nici nu\",\"a15\":\"+1 Mai degraba da\",\"a16\":\"+1 Mai degraba da\",\"a17\":\"+2 Da\",\"a18\":\"+2 Da\",\"a19\":\"+2 Da\",\"a20\":\"-1 Mai degraba nu\",\"a21\":\"+2 Da\",\"a22\":\"4\",\"a23\":\"3\",\"a24\":\"4\",\"a25\":\"Dezacord moderat\",\"a26\":\"Acord moderat\",\"a27\":\"Acord puternic\",\"a28\":\"Acord puternic\",\"a29\":\"Nici acord, nici dezacord\",\"a30\":\"Acord moderat\",\"a31\":\"Acord puternic\",\"a32\":\"Dezacord moderat\",\"a33\":\"cateodata\",\"a34\":\"des\",\"a35\":\"cateodata\",\"a36\":\"des\",\"a37\":\"rar\",\"a38\":\"des\",\"a39\":\"cateodata\",\"a40\":\"cateodata\",\"a41\":\"cateodata\",\"a42\":\"des\",\"a43\":\"cateodata\",\"a44\":\"Intotdeauna\",\"a45\":\"Foarte multa influenta\",\"a46\":\"Intotdeauna\",\"a47\":\"Influenta moderata\",\"a48\":\"Da\",\"a49\":\"Foarte important\",\"a50\":\"Mai sensibil decat ceilalti\",\"a51\":\"2\",\"a52\":\"2\",\"a53\":\"2\"}'),(17,'','79.112.179.224','{\"a1\":\"cristianonesifereanu@yahoo.com\",\"a2\":\"Masculin\",\"a3\":\"42\",\"a4\":\"3\",\"a5\":\"1\",\"a6\":\"1 copil care este al meu din prima casatorie\",\"a7\":\"licenta sau masterat\",\"a8\":\"similara cu media din tara mea\",\"a9\":\"Ortodox\",\"a10\":\"\",\"a11\":\"4 - moderat\",\"a12\":\"+1 Acord usor\",\"a13\":\"+1 Mai degraba da\",\"a15\":\"+2 Da\",\"a16\":\"+1 Mai degraba da\",\"a17\":\"0 Nici da nici nu\",\"a18\":\"+1 Mai degraba da\",\"a19\":\"+2 Da\",\"a20\":\"+1 Mai degraba da\",\"a21\":\"+1 Mai degraba da\",\"a22\":\"5\",\"a23\":\"6\",\"a24\":\"6\",\"a25\":\"Acord usor\",\"a26\":\"Acord moderat\",\"a27\":\"Nici acord, nici dezacord\",\"a28\":\"Nici acord, nici dezacord\",\"a29\":\"Acord usor\",\"a30\":\"Acord usor\",\"a31\":\"Acord moderat\",\"a32\":\"Acord usor\",\"a33\":\"cateodata\",\"a34\":\"cateodata\",\"a35\":\"cateodata\",\"a36\":\"rar\",\"a37\":\"cateodata\",\"a38\":\"des\",\"a39\":\"rar\",\"a40\":\"des\",\"a41\":\"rar\",\"a42\":\"cateodata\",\"a43\":\"cateodata\",\"a44\":\"Rar\",\"a45\":\"Multa influenta\",\"a46\":\"Cateodata\",\"a47\":\"Influenta moderata\",\"a48\":\"Probabil\",\"a49\":\"Destul de important\",\"a50\":\"La fel de sensibil ca ceilalti\",\"a51\":\"3\",\"a52\":\"3\",\"a53\":\"2\"}'),(18,'','188.241.43.41','{\"a1\":\"opricopi@yahoo.com\",\"a2\":\"Feminin\",\"a3\":\"39\",\"a4\":\"15\",\"a5\":\"2\",\"a6\":\"2\",\"a7\":\"licenta sau masterat\",\"a8\":\"peste media din tara mea\",\"a9\":\"Ortodox\",\"a10\":\"\",\"a11\":\"4 - moderat\",\"a12\":\"0 Nici acord, nici dezacord\",\"a13\":\"+2 Da\",\"a14\":\"+2 Da\",\"a15\":\"+2 Da\",\"a16\":\"+1 Mai degraba da\",\"a17\":\"+2 Da\",\"a18\":\"+2 Da\",\"a19\":\"+2 Da\",\"a20\":\"+2 Da\",\"a21\":\"+2 Da\",\"a22\":\"7 foarte satisfacut\",\"a23\":\"6\",\"a24\":\"7 foarte satisfacut\",\"a25\":\"Acord usor\",\"a26\":\"Acord puternic\",\"a27\":\"Dezacord usor\",\"a28\":\"Acord usor\",\"a29\":\"Acord usor\",\"a30\":\"Acord puternic\",\"a31\":\"Dezacord puternic\",\"a32\":\"Nici acord, nici dezacord\",\"a33\":\"cateodata\",\"a34\":\"des\",\"a35\":\"foarte des\",\"a36\":\"des\",\"a37\":\"foarte des\",\"a38\":\"cateodata\",\"a39\":\"cateodata\",\"a40\":\"cateodata\",\"a41\":\"rar\",\"a42\":\"des\",\"a43\":\"des\",\"a44\":\"Intotdeauna\",\"a45\":\"Multa influenta\",\"a46\":\"De obicei\",\"a47\":\"Multa influenta\",\"a48\":\"Da\",\"a49\":\"Putin important\",\"a50\":\"Mai putin sensibil decat ceilalti\",\"a51\":\"5\",\"a52\":\"2\",\"a53\":\"2\"}'),(19,'','92.86.70.167','{\"a1\":\"daninicoara@yahoo.it\",\"a2\":\"Masculin\",\"a3\":\"28\",\"a4\":\"3\",\"a5\":\"1\",\"a6\":\"1\",\"a7\":\"licenta sau masterat\",\"a8\":\"peste media din tara mea\",\"a9\":\"Nici una\",\"a10\":\"\",\"a11\":\"4 - moderat\",\"a12\":\"0 Nici acord, nici dezacord\",\"a13\":\"+2 Da\",\"a14\":\"+2 Da\",\"a15\":\"+2 Da\",\"a16\":\"+2 Da\",\"a18\":\"+2 Da\",\"a19\":\"+2 Da\",\"a20\":\"+2 Da\",\"a21\":\"+2 Da\",\"a22\":\"5\",\"a23\":\"5\",\"a24\":\"4\",\"a25\":\"Nici acord, nici dezacord\",\"a26\":\"Nici acord, nici dezacord\",\"a27\":\"Nici acord, nici dezacord\",\"a28\":\"Nici acord, nici dezacord\",\"a29\":\"Nici acord, nici dezacord\",\"a30\":\"Nici acord, nici dezacord\",\"a32\":\"Nici acord, nici dezacord\",\"a33\":\"des\",\"a34\":\"foarte des\",\"a35\":\"rar\",\"a36\":\"rar\",\"a37\":\"des\",\"a38\":\"des\",\"a39\":\"niciodata / foarte rar\",\"a40\":\"foarte des\",\"a41\":\"foarte des\",\"a42\":\"des\",\"a43\":\"des\",\"a44\":\"Cateodata\",\"a45\":\"Multa influenta\",\"a46\":\"De obicei\",\"a47\":\"Multa influenta\",\"a48\":\"Nu\",\"a49\":\"Destul de important\",\"a50\":\"La fel de sensibil ca ceilalti\",\"a51\":\"3\",\"a52\":\"3\",\"a53\":\"2\"}'),(20,'','188.24.17.58','{\"a1\":\"izabela_moldovanu@yahoo.com\",\"a2\":\"Feminin\",\"a3\":\"27\",\"a4\":\"4\",\"a5\":\"nu\",\"a6\":\"nu\",\"a7\":\"licenta sau masterat\",\"a8\":\"similara cu media din tara mea\",\"a9\":\"Catolic\",\"a10\":\"\",\"a11\":\"3\",\"a12\":\"-2 Dezacord\",\"a13\":\"+2 Da\",\"a14\":\"+2 Da\",\"a15\":\"+2 Da\",\"a16\":\"+2 Da\",\"a17\":\"+2 Da\",\"a18\":\"+2 Da\",\"a19\":\"+2 Da\",\"a20\":\"+2 Da\",\"a21\":\"+2 Da\",\"a22\":\"5\",\"a23\":\"6\",\"a24\":\"6\",\"a25\":\"Nici acord, nici dezacord\",\"a26\":\"Acord moderat\",\"a27\":\"Dezacord usor\",\"a28\":\"Dezacord usor\",\"a29\":\"Acord usor\",\"a30\":\"Acord usor\",\"a31\":\"Dezacord moderat\",\"a32\":\"Dezacord puternic\",\"a33\":\"des\",\"a34\":\"foarte des\",\"a35\":\"cateodata\",\"a36\":\"cateodata\",\"a37\":\"cateodata\",\"a38\":\"des\",\"a39\":\"cateodata\",\"a40\":\"cateodata\",\"a41\":\"cateodata\",\"a42\":\"des\",\"a43\":\"des\",\"a44\":\"Cateodata\",\"a45\":\"Multa influenta\",\"a46\":\"De obicei\",\"a47\":\"Multa influenta\",\"a48\":\"Da\",\"a49\":\"Foarte important\",\"a50\":\"Mai sensibil decat ceilalti\",\"a51\":\"9\",\"a52\":\"9\",\"a53\":\"10\"}'),(21,'','79.114.225.35','{\"a1\":\"andre_satumare@yahoo.com\",\"a2\":\"Feminin\",\"a3\":\"37\",\"a4\":\"5 ani\",\"a5\":\"1\",\"a6\":\"1\",\"a7\":\"licenta sau masterat\",\"a8\":\"similara cu media din tara mea\",\"a9\":\"Catolic\",\"a10\":\"\",\"a11\":\"4 - moderat\",\"a12\":\"+1 Acord usor\",\"a13\":\"+2 Da\",\"a14\":\"+2 Da\",\"a15\":\"+2 Da\",\"a16\":\"+2 Da\",\"a17\":\"+1 Mai degraba da\",\"a18\":\"+2 Da\",\"a19\":\"+2 Da\",\"a20\":\"+1 Mai degraba da\",\"a21\":\"+2 Da\",\"a22\":\"6\",\"a23\":\"6\",\"a24\":\"6\",\"a25\":\"Acord moderat\",\"a26\":\"Acord moderat\",\"a27\":\"Acord usor\",\"a28\":\"Dezacord usor\",\"a29\":\"Acord moderat\",\"a30\":\"Acord moderat\",\"a31\":\"Acord moderat\",\"a32\":\"Acord usor\",\"a33\":\"des\",\"a34\":\"cateodata\",\"a35\":\"niciodata / foarte rar\",\"a36\":\"cateodata\",\"a37\":\"cateodata\",\"a38\":\"cateodata\",\"a39\":\"niciodata / foarte rar\",\"a40\":\"cateodata\",\"a41\":\"niciodata / foarte rar\",\"a42\":\"des\",\"a43\":\"des\",\"a44\":\"Rar\",\"a45\":\"Influenta moderata\",\"a46\":\"Rar\",\"a47\":\"Influenta moderata\",\"a48\":\"Probabil\",\"a49\":\"Destul de important\",\"a50\":\"La fel de sensibil ca ceilalti\",\"a51\":\"8\",\"a52\":\"8\",\"a53\":\"8\"}'),(22,'','92.80.23.23','{\"a1\":\"gabi2baicus@yahoo.com\",\"a2\":\"Feminin\",\"a3\":\"29\",\"a4\":\"5 ani\",\"a5\":\"0\",\"a6\":\"0\",\"a7\":\"licenta sau masterat\",\"a8\":\"similara cu media din tara mea\",\"a9\":\"Ortodox\",\"a10\":\"\",\"a11\":\"5\",\"a12\":\"+1 Acord usor\",\"a13\":\"+2 Da\",\"a14\":\"+2 Da\",\"a15\":\"+2 Da\",\"a16\":\"+2 Da\",\"a17\":\"+2 Da\",\"a18\":\"+2 Da\",\"a19\":\"+2 Da\",\"a20\":\"+2 Da\",\"a21\":\"+2 Da\",\"a22\":\"7 foarte satisfacut\",\"a23\":\"6\",\"a24\":\"6\",\"a25\":\"Dezacord usor\",\"a26\":\"Acord moderat\",\"a27\":\"Dezacord usor\",\"a28\":\"Acord moderat\",\"a29\":\"Acord usor\",\"a30\":\"Acord usor\",\"a31\":\"Dezacord usor\",\"a32\":\"Dezacord moderat\",\"a33\":\"des\",\"a34\":\"foarte des\",\"a35\":\"rar\",\"a36\":\"rar\",\"a37\":\"cateodata\",\"a38\":\"foarte des\",\"a39\":\"des\",\"a40\":\"foarte des\",\"a41\":\"niciodata / foarte rar\",\"a42\":\"foarte des\",\"a43\":\"des\",\"a44\":\"Cateodata\",\"a45\":\"Multa influenta\",\"a46\":\"De obicei\",\"a47\":\"Multa influenta\",\"a48\":\"Da\",\"a49\":\"Foarte important\",\"a50\":\"Mai sensibil decat ceilalti\",\"a51\":\"3\",\"a52\":\"2\",\"a53\":\"1\"}'),(23,'','82.79.71.147','{\"a1\":\"mircea_prv@yahoo.com\",\"a2\":\"Masculin\",\"a3\":\"33\",\"a4\":\"9 ani\",\"a5\":\"1 \",\"a6\":\"1 al meu si 2 frati ai sotie  peste 25 ani ii ajut sa zic asa\",\"a10\":\"\",\"a51\":\"1\",\"a52\":\"1\",\"a53\":\"1\"}'),(24,'','109.99.239.16','{\"a1\":\"pacostin@gmail.com\",\"a2\":\"Masculin\",\"a3\":\"45\",\"a4\":\"23\",\"a5\":\"1\",\"a6\":\"1\",\"a7\":\"licenta sau masterat\",\"a8\":\"peste media din tara mea\",\"a9\":\"Ortodox\",\"a10\":\"\",\"a11\":\"2\",\"a12\":\"-3 Dezacord puternic\",\"a13\":\"+2 Da\",\"a14\":\"+2 Da\",\"a15\":\"+2 Da\",\"a16\":\"+2 Da\",\"a17\":\"+2 Da\",\"a18\":\"+1 Mai degraba da\",\"a19\":\"+1 Mai degraba da\",\"a20\":\"+2 Da\",\"a21\":\"+2 Da\",\"a22\":\"7 foarte satisfacut\",\"a23\":\"7 foarte satisfacut\",\"a24\":\"6\",\"a25\":\"Acord usor\",\"a26\":\"Acord puternic\",\"a27\":\"Acord usor\",\"a28\":\"Acord moderat\",\"a29\":\"Dezacord usor\",\"a30\":\"Acord moderat\",\"a31\":\"Dezacord moderat\",\"a32\":\"Dezacord usor\",\"a33\":\"cateodata\",\"a34\":\"cateodata\",\"a35\":\"rar\",\"a36\":\"foarte des\",\"a37\":\"des\",\"a38\":\"des\",\"a39\":\"rar\",\"a40\":\"des\",\"a41\":\"rar\",\"a42\":\"cateodata\",\"a43\":\"foarte des\",\"a44\":\"Rar\",\"a45\":\"Foarte multa influenta\",\"a46\":\"De obicei\",\"a47\":\"Multa influenta\",\"a48\":\"Da\",\"a49\":\"Destul de important\",\"a50\":\"La fel de sensibil ca ceilalti\",\"a51\":\"9\",\"a52\":\"10\",\"a53\":\"10\"}'),(25,'','213.233.90.28','{\"a1\":\"alina.costin@cfcecas.ro\",\"a2\":\"Feminin\",\"a3\":\"38 ani\",\"a4\":\"3 ani\",\"a5\":\"0\",\"a6\":\"3\",\"a7\":\"licenta sau masterat\",\"a8\":\"peste media din tara mea\",\"a9\":\"Ortodox\",\"a10\":\"\",\"a11\":\"5\",\"a12\":\"-2 Dezacord\",\"a13\":\"+2 Da\",\"a14\":\"+2 Da\",\"a15\":\"+2 Da\",\"a16\":\"+2 Da\",\"a17\":\"+2 Da\",\"a18\":\"+2 Da\",\"a19\":\"+2 Da\",\"a20\":\"+2 Da\",\"a21\":\"+2 Da\",\"a22\":\"7 foarte satisfacut\",\"a23\":\"7 foarte satisfacut\",\"a24\":\"7 foarte satisfacut\",\"a25\":\"Acord usor\",\"a26\":\"Acord puternic\",\"a27\":\"Acord usor\",\"a28\":\"Acord moderat\",\"a29\":\"Acord moderat\",\"a30\":\"Acord moderat\",\"a31\":\"Dezacord puternic\",\"a32\":\"Dezacord puternic\",\"a33\":\"des\",\"a34\":\"foarte des\",\"a35\":\"niciodata / foarte rar\",\"a36\":\"cateodata\",\"a37\":\"cateodata\",\"a38\":\"cateodata\",\"a39\":\"niciodata / foarte rar\",\"a40\":\"des\",\"a41\":\"rar\",\"a42\":\"des\",\"a43\":\"des\",\"a44\":\"De obicei\",\"a45\":\"Foarte multa influenta\",\"a46\":\"Intotdeauna\",\"a47\":\"Multa influenta\",\"a48\":\"Da\",\"a49\":\"Foarte important\",\"a50\":\"Mult mai sensibil decat ceilalti\",\"a51\":\"\",\"a52\":\"\",\"a53\":\"\"}'),(26,'','194.102.208.11','{\"a1\":\"\",\"a3\":\"\",\"a4\":\"\",\"a5\":\"\",\"a6\":\"\",\"a10\":\"\",\"a51\":\"\",\"a52\":\"\",\"a53\":\"\"}'),(27,'','85.186.103.188','{\"a1\":\"lumilaza@yahoo.com\",\"a2\":\"Feminin\",\"a3\":\"35\",\"a4\":\"4\",\"a5\":\"1\",\"a6\":\"1\",\"a7\":\"licenta sau masterat\",\"a8\":\"peste media din tara mea\",\"a9\":\"Ortodox\",\"a10\":\"\",\"a11\":\"4 - moderat\",\"a12\":\"-2 Dezacord\",\"a13\":\"+2 Da\",\"a14\":\"+1 Mai degraba da\",\"a15\":\"+2 Da\",\"a16\":\"+2 Da\",\"a17\":\"+2 Da\",\"a18\":\"+2 Da\",\"a19\":\"+2 Da\",\"a20\":\"+2 Da\",\"a21\":\"+2 Da\",\"a22\":\"6\",\"a23\":\"6\",\"a24\":\"6\",\"a25\":\"Acord moderat\",\"a26\":\"Acord puternic\",\"a27\":\"Acord usor\",\"a28\":\"Acord moderat\",\"a29\":\"Acord moderat\",\"a30\":\"Acord puternic\",\"a31\":\"Dezacord moderat\",\"a32\":\"Dezacord moderat\",\"a33\":\"des\",\"a34\":\"foarte des\",\"a35\":\"niciodata / foarte rar\",\"a36\":\"cateodata\",\"a37\":\"des\",\"a38\":\"des\",\"a39\":\"rar\",\"a40\":\"cateodata\",\"a41\":\"rar\",\"a42\":\"des\",\"a43\":\"des\",\"a44\":\"Cateodata\",\"a45\":\"Multa influenta\",\"a46\":\"Cateodata\",\"a47\":\"Multa influenta\",\"a48\":\"Probabil\",\"a49\":\"Destul de important\",\"a50\":\"La fel de sensibil ca ceilalti\",\"a51\":\"\",\"a52\":\"\",\"a53\":\"\"}'),(28,'','86.123.3.252','{\"a1\":\"crisan77cristina@yahoo.com\",\"a2\":\"Feminin\",\"a3\":\"34\",\"a4\":\"9 ani\",\"a5\":\"1\",\"a6\":\"\",\"a7\":\"licenta sau masterat\",\"a8\":\"peste media din tara mea\",\"a9\":\"Ortodox\",\"a10\":\"\",\"a11\":\"4 - moderat\",\"a12\":\"0 Nici acord, nici dezacord\",\"a13\":\"+2 Da\",\"a14\":\"+2 Da\",\"a15\":\"+2 Da\",\"a16\":\"+2 Da\",\"a17\":\"+2 Da\",\"a18\":\"+2 Da\",\"a19\":\"+2 Da\",\"a20\":\"+1 Mai degraba da\",\"a21\":\"+2 Da\",\"a22\":\"7 foarte satisfacut\",\"a23\":\"6\",\"a24\":\"7 foarte satisfacut\",\"a25\":\"Acord moderat\",\"a26\":\"Acord puternic\",\"a27\":\"Dezacord usor\",\"a28\":\"Acord usor\",\"a29\":\"Acord moderat\",\"a30\":\"Acord puternic\",\"a31\":\"Dezacord puternic\",\"a32\":\"Dezacord moderat\",\"a33\":\"foarte des\",\"a34\":\"foarte des\",\"a35\":\"niciodata / foarte rar\",\"a36\":\"cateodata\",\"a37\":\"foarte des\",\"a38\":\"foarte des\",\"a39\":\"niciodata / foarte rar\",\"a40\":\"niciodata / foarte rar\",\"a41\":\"rar\",\"a43\":\"foarte des\",\"a44\":\"Cateodata\",\"a45\":\"Foarte multa influenta\",\"a46\":\"Intotdeauna\",\"a47\":\"Putina influenta\",\"a48\":\"Da\",\"a49\":\"Foarte important\",\"a50\":\"Mult mai sensibil decat ceilalti\",\"a51\":\"\",\"a52\":\"\",\"a53\":\"\"}'),(29,'','217.91.30.31','{\"a1\":\"youngrenton@yahoo.com\",\"a2\":\"Masculin\",\"a3\":\"30\",\"a4\":\"2\",\"a5\":\"1\",\"a6\":\"1\",\"a7\":\"licenta sau masterat\",\"a8\":\"peste media din tara mea\",\"a9\":\"Ortodox\",\"a10\":\"\",\"a11\":\"4 - moderat\",\"a12\":\"-2 Dezacord\",\"a13\":\"+2 Da\",\"a14\":\"+2 Da\",\"a15\":\"+2 Da\",\"a16\":\"+2 Da\",\"a17\":\"+2 Da\",\"a18\":\"+2 Da\",\"a19\":\"+2 Da\",\"a20\":\"+1 Mai degraba da\",\"a21\":\"+2 Da\",\"a22\":\"6\",\"a23\":\"6\",\"a24\":\"6\",\"a25\":\"Acord usor\",\"a26\":\"Acord moderat\",\"a27\":\"Dezacord moderat\",\"a28\":\"Acord puternic\",\"a29\":\"Acord moderat\",\"a30\":\"Acord moderat\",\"a31\":\"Dezacord puternic\",\"a32\":\"Dezacord puternic\",\"a33\":\"cateodata\",\"a34\":\"rar\",\"a35\":\"rar\",\"a36\":\"cateodata\",\"a37\":\"des\",\"a38\":\"des\",\"a39\":\"niciodata / foarte rar\",\"a40\":\"foarte des\",\"a41\":\"niciodata / foarte rar\",\"a42\":\"des\",\"a43\":\"cateodata\",\"a44\":\"Cateodata\",\"a45\":\"Influenta moderata\",\"a46\":\"Cateodata\",\"a47\":\"Multa influenta\",\"a48\":\"Da\",\"a49\":\"Destul de important\",\"a50\":\"Mai putin sensibil decat ceilalti\",\"a51\":\"\",\"a52\":\"\",\"a53\":\"\"}'),(30,'','188.26.115.29','{\"a1\":\"ramona@rdconsulting.ro\",\"a2\":\"Feminin\",\"a3\":\"33\",\"a4\":\"8\",\"a5\":\"0\",\"a6\":\"0\",\"a7\":\"licenta sau masterat\",\"a8\":\"similara cu media din tara mea\",\"a9\":\"Ortodox\",\"a10\":\"\",\"a11\":\"4 - moderat\",\"a12\":\"-1 Dezacord usor\",\"a13\":\"+2 Da\",\"a14\":\"+2 Da\",\"a15\":\"+2 Da\",\"a16\":\"+2 Da\",\"a17\":\"+2 Da\",\"a18\":\"+2 Da\",\"a19\":\"+2 Da\",\"a20\":\"+2 Da\",\"a21\":\"+2 Da\",\"a22\":\"7 foarte satisfacut\",\"a23\":\"7 foarte satisfacut\",\"a24\":\"7 foarte satisfacut\",\"a25\":\"Acord moderat\",\"a26\":\"Acord moderat\",\"a27\":\"Acord moderat\",\"a28\":\"Acord puternic\",\"a29\":\"Acord usor\",\"a30\":\"Acord usor\",\"a31\":\"Acord moderat\",\"a32\":\"Acord usor\",\"a33\":\"des\",\"a34\":\"cateodata\",\"a35\":\"niciodata / foarte rar\",\"a36\":\"niciodata / foarte rar\",\"a37\":\"rar\",\"a38\":\"foarte des\",\"a39\":\"rar\",\"a40\":\"foarte des\",\"a41\":\"rar\",\"a42\":\"des\",\"a43\":\"des\",\"a44\":\"De obicei\",\"a45\":\"Multa influenta\",\"a46\":\"De obicei\",\"a47\":\"Influenta moderata\",\"a48\":\"Probabil\",\"a49\":\"Destul de important\",\"a50\":\"La fel de sensibil ca ceilalti\",\"a51\":\"\",\"a52\":\"\",\"a53\":\"\"}'),(31,'','86.121.103.214','{\"a1\":\"crisa_99g@yahoo.com\",\"a2\":\"Feminin\",\"a3\":\"28\",\"a4\":\"2\",\"a5\":\"0\",\"a6\":\"0\",\"a7\":\"licenta sau masterat\",\"a8\":\"mai scazuta fata de media din tara mea\",\"a9\":\"Ortodox\",\"a10\":\"\",\"a11\":\"1  - deloc religios\",\"a12\":\"-1 Dezacord usor\",\"a13\":\"+2 Da\",\"a14\":\"+2 Da\",\"a15\":\"+2 Da\",\"a16\":\"+2 Da\",\"a17\":\"+2 Da\",\"a18\":\"+1 Mai degraba da\",\"a19\":\"0 Nici da nici nu\",\"a20\":\"0 Nici da nici nu\",\"a21\":\"+2 Da\",\"a22\":\"5\",\"a23\":\"6\",\"a24\":\"5\",\"a25\":\"Acord usor\",\"a26\":\"Acord moderat\",\"a27\":\"Dezacord puternic\",\"a28\":\"Dezacord puternic\",\"a29\":\"Acord usor\",\"a30\":\"Acord usor\",\"a31\":\"Dezacord moderat\",\"a32\":\"Dezacord moderat\",\"a33\":\"rar\",\"a34\":\"cateodata\",\"a35\":\"cateodata\",\"a36\":\"cateodata\",\"a37\":\"cateodata\",\"a38\":\"des\",\"a39\":\"rar\",\"a41\":\"des\",\"a42\":\"des\",\"a43\":\"des\",\"a44\":\"Cateodata\",\"a45\":\"Influenta moderata\",\"a46\":\"Rar\",\"a47\":\"Influenta moderata\",\"a48\":\"Poate\",\"a49\":\"Putin important\",\"a50\":\"La fel de sensibil ca ceilalti\",\"a51\":\"4\",\"a52\":\"4\",\"a53\":\"2\"}'),(32,'','87.237.108.34','{\"a1\":\"\",\"a2\":\"Masculin\",\"a3\":\"50\",\"a4\":\"25\",\"a5\":\"1\",\"a6\":\"1\",\"a7\":\"licenta sau masterat\",\"a8\":\"peste media din tara mea\",\"a9\":\"Ortodox\",\"a10\":\"\",\"a11\":\"5\",\"a12\":\"+1 Acord usor\",\"a13\":\"+2 Da\",\"a14\":\"0 Nici da nici nu\",\"a15\":\"+2 Da\",\"a16\":\"+2 Da\",\"a17\":\"+2 Da\",\"a18\":\"+1 Mai degraba da\",\"a19\":\"+2 Da\",\"a20\":\"+1 Mai degraba da\",\"a21\":\"+1 Mai degraba da\",\"a22\":\"6\",\"a23\":\"6\",\"a24\":\"6\",\"a25\":\"Acord moderat\",\"a26\":\"Acord moderat\",\"a27\":\"Nici acord, nici dezacord\",\"a28\":\"Acord moderat\",\"a29\":\"Acord moderat\",\"a30\":\"Acord moderat\",\"a31\":\"Nici acord, nici dezacord\",\"a32\":\"Acord moderat\",\"a33\":\"cateodata\",\"a34\":\"cateodata\",\"a35\":\"des\",\"a36\":\"cateodata\",\"a37\":\"des\",\"a38\":\"des\",\"a39\":\"des\",\"a40\":\"cateodata\",\"a41\":\"cateodata\",\"a42\":\"cateodata\",\"a43\":\"cateodata\",\"a44\":\"Cateodata\",\"a45\":\"Multa influenta\",\"a46\":\"Intotdeauna\",\"a47\":\"Foarte multa influenta\",\"a48\":\"Probabil\",\"a49\":\"Destul de important\",\"a50\":\"Mai sensibil decat ceilalti\",\"a51\":\"\",\"a52\":\"\",\"a53\":\"\"}'),(33,'','188.26.111.74','{\"a1\":\"dcg-constanta@dcg.ro\",\"a2\":\"Feminin\",\"a3\":\"43\",\"a4\":\"14\",\"a5\":\"1\",\"a6\":\"1\",\"a7\":\"licenta sau masterat\",\"a8\":\"similara cu media din tara mea\",\"a9\":\"Ortodox\",\"a10\":\"\",\"a11\":\"4 - moderat\",\"a12\":\"-2 Dezacord\",\"a13\":\"+2 Da\",\"a14\":\"+2 Da\",\"a15\":\"+2 Da\",\"a16\":\"+2 Da\",\"a17\":\"+2 Da\",\"a18\":\"+2 Da\",\"a19\":\"+2 Da\",\"a20\":\"+2 Da\",\"a21\":\"+2 Da\",\"a22\":\"7 foarte satisfacut\",\"a23\":\"7 foarte satisfacut\",\"a24\":\"7 foarte satisfacut\",\"a25\":\"Acord moderat\",\"a26\":\"Acord puternic\",\"a27\":\"Dezacord usor\",\"a28\":\"Acord moderat\",\"a29\":\"Acord usor\",\"a30\":\"Acord puternic\",\"a31\":\"Dezacord moderat\",\"a32\":\"Acord moderat\",\"a33\":\"rar\",\"a34\":\"cateodata\",\"a35\":\"niciodata / foarte rar\",\"a36\":\"rar\",\"a37\":\"foarte des\",\"a38\":\"foarte des\",\"a39\":\"rar\",\"a40\":\"foarte des\",\"a41\":\"niciodata / foarte rar\",\"a42\":\"foarte des\",\"a43\":\"foarte des\",\"a44\":\"De obicei\",\"a45\":\"Multa influenta\",\"a46\":\"Intotdeauna\",\"a47\":\"Influenta moderata\",\"a48\":\"Da\",\"a49\":\"Destul de important\",\"a50\":\"Mai sensibil decat ceilalti\",\"a51\":\"9\",\"a52\":\"9\",\"a53\":\"10\"}'),(34,'','89.120.128.100','{\"a1\":\"loana@sunkiss.ro\",\"a2\":\"Feminin\",\"a3\":\"43\",\"a4\":\"23\",\"a5\":\"1\",\"a6\":\"0\",\"a7\":\"licenta sau masterat\",\"a8\":\"mult peste media din tara mea\",\"a9\":\"Ortodox\",\"a10\":\"\",\"a11\":\"3\",\"a12\":\"-3 Dezacord puternic\",\"a13\":\"+2 Da\",\"a14\":\"+2 Da\",\"a15\":\"-2 Nu\",\"a16\":\"+2 Da\",\"a17\":\"+2 Da\",\"a18\":\"+2 Da\",\"a19\":\"+2 Da\",\"a20\":\"+2 Da\",\"a21\":\"-2 Nu\",\"a22\":\"7 foarte satisfacut\",\"a23\":\"7 foarte satisfacut\",\"a24\":\"7 foarte satisfacut\",\"a25\":\"Acord puternic\",\"a26\":\"Acord puternic\",\"a27\":\"Dezacord puternic\",\"a28\":\"Acord moderat\",\"a29\":\"Acord puternic\",\"a30\":\"Acord puternic\",\"a31\":\"Dezacord puternic\",\"a32\":\"Dezacord moderat\",\"a33\":\"cateodata\",\"a34\":\"cateodata\",\"a35\":\"niciodata / foarte rar\",\"a36\":\"rar\",\"a37\":\"foarte des\",\"a38\":\"niciodata / foarte rar\",\"a39\":\"niciodata / foarte rar\",\"a40\":\"des\",\"a41\":\"rar\",\"a42\":\"des\",\"a43\":\"foarte des\",\"a44\":\"Intotdeauna\",\"a45\":\"Foarte multa influenta\",\"a46\":\"Intotdeauna\",\"a47\":\"Foarte multa influenta\",\"a48\":\"Da\",\"a49\":\"Foarte important\",\"a50\":\"Mult mai sensibil decat ceilalti\",\"a51\":\"4\",\"a52\":\"3\",\"a53\":\"2\"}'),(35,'','188.27.147.17','{\"a1\":\"honoria.chis@held-fashion.ro\",\"a2\":\"Feminin\",\"a3\":\"37\",\"a4\":\"10\",\"a5\":\"2\",\"a6\":\"2\",\"a7\":\"licenta sau masterat\",\"a8\":\"mult peste media din tara mea\",\"a9\":\"Ortodox\",\"a10\":\"\",\"a11\":\"4 - moderat\",\"a12\":\"-3 Dezacord puternic\",\"a13\":\"+2 Da\",\"a14\":\"+1 Mai degraba da\",\"a15\":\"+2 Da\",\"a16\":\"+1 Mai degraba da\",\"a17\":\"+1 Mai degraba da\",\"a18\":\"+2 Da\",\"a19\":\"+1 Mai degraba da\",\"a20\":\"0 Nici da nici nu\",\"a21\":\"+2 Da\",\"a22\":\"5\",\"a23\":\"4\",\"a24\":\"4\",\"a25\":\"Acord moderat\",\"a26\":\"Acord puternic\",\"a27\":\"Dezacord puternic\",\"a28\":\"Dezacord usor\",\"a29\":\"Acord moderat\",\"a30\":\"Acord puternic\",\"a31\":\"Dezacord puternic\",\"a32\":\"Acord usor\",\"a33\":\"rar\",\"a34\":\"des\",\"a35\":\"des\",\"a36\":\"foarte des\",\"a37\":\"rar\",\"a38\":\"cateodata\",\"a39\":\"des\",\"a40\":\"rar\",\"a41\":\"rar\",\"a42\":\"rar\",\"a43\":\"niciodata / foarte rar\",\"a44\":\"Cateodata\",\"a45\":\"Multa influenta\",\"a46\":\"De obicei\",\"a47\":\"Multa influenta\",\"a48\":\"Probabil\",\"a49\":\"Destul de important\",\"a50\":\"Mai putin sensibil decat ceilalti\",\"a51\":\"9\",\"a52\":\"9\",\"a53\":\"9\"}'),(36,'','195.81.5.114','{\"a1\":\"kittecat_cris@yahoo.com\",\"a2\":\"Feminin\",\"a3\":\"32\",\"a4\":\"5.5\",\"a5\":\"2\",\"a6\":\"3\",\"a7\":\"licenta sau masterat\",\"a8\":\"similara cu media din tara mea\",\"a9\":\"Nici una\",\"a10\":\"\",\"a11\":\"1  - deloc religios\",\"a12\":\"-1 Dezacord usor\",\"a13\":\"+2 Da\",\"a14\":\"+1 Mai degraba da\",\"a15\":\"+2 Da\",\"a16\":\"+1 Mai degraba da\",\"a17\":\"+2 Da\",\"a18\":\"+2 Da\",\"a19\":\"+2 Da\",\"a20\":\"+2 Da\",\"a21\":\"+2 Da\",\"a22\":\"5\",\"a23\":\"5\",\"a24\":\"5\",\"a25\":\"Acord usor\",\"a26\":\"Acord puternic\",\"a27\":\"Dezacord usor\",\"a28\":\"Acord moderat\",\"a29\":\"Acord usor\",\"a30\":\"Acord puternic\",\"a31\":\"Dezacord usor\",\"a32\":\"Dezacord moderat\",\"a33\":\"des\",\"a34\":\"des\",\"a35\":\"rar\",\"a36\":\"cateodata\",\"a37\":\"niciodata / foarte rar\",\"a38\":\"rar\",\"a39\":\"cateodata\",\"a40\":\"cateodata\",\"a41\":\"cateodata\",\"a42\":\"cateodata\",\"a43\":\"cateodata\",\"a44\":\"De obicei\",\"a45\":\"Influenta moderata\",\"a46\":\"Intotdeauna\",\"a47\":\"Foarte multa influenta\",\"a48\":\"Da\",\"a49\":\"Destul de important\",\"a50\":\"Mai sensibil decat ceilalti\",\"a51\":\"\",\"a52\":\"\",\"a53\":\"\"}'),(37,'','188.27.147.6','{\"a1\":\"biancamur@yahoo.com\",\"a2\":\"Feminin\",\"a3\":\"37\",\"a4\":\"12\",\"a5\":\"2\",\"a6\":\"2\",\"a7\":\"licenta sau masterat\",\"a8\":\"mult peste media din tara mea\",\"a9\":\"Ortodox\",\"a10\":\"\",\"a11\":\"4 - moderat\",\"a12\":\"0 Nici acord, nici dezacord\",\"a13\":\"+2 Da\",\"a14\":\"+1 Mai degraba da\",\"a15\":\"+2 Da\",\"a16\":\"+1 Mai degraba da\",\"a17\":\"+1 Mai degraba da\",\"a18\":\"+2 Da\",\"a19\":\"+2 Da\",\"a20\":\"+1 Mai degraba da\",\"a21\":\"+2 Da\",\"a22\":\"6\",\"a23\":\"5\",\"a24\":\"5\",\"a25\":\"Acord puternic\",\"a26\":\"Acord puternic\",\"a27\":\"Dezacord usor\",\"a28\":\"Acord moderat\",\"a29\":\"Acord puternic\",\"a30\":\"Acord puternic\",\"a31\":\"Nici acord, nici dezacord\",\"a32\":\"Dezacord moderat\",\"a33\":\"cateodata\",\"a34\":\"des\",\"a35\":\"rar\",\"a36\":\"cateodata\",\"a37\":\"cateodata\",\"a38\":\"cateodata\",\"a39\":\"cateodata\",\"a40\":\"cateodata\",\"a41\":\"cateodata\",\"a42\":\"des\",\"a43\":\"cateodata\",\"a44\":\"De obicei\",\"a45\":\"Foarte multa influenta\",\"a46\":\"Intotdeauna\",\"a47\":\"Foarte multa influenta\",\"a48\":\"Da\",\"a49\":\"Destul de important\",\"a50\":\"Mai sensibil decat ceilalti\",\"a51\":\"\",\"a52\":\"\",\"a53\":\"\"}'),(38,'','79.113.175.107','{\"a1\":\"ddadianam@yahoo.com\",\"a2\":\"Feminin\",\"a3\":\"43\",\"a4\":\"21\",\"a5\":\"1\",\"a6\":\"1\",\"a7\":\"licenta sau masterat\",\"a8\":\"similara cu media din tara mea\",\"a9\":\"Ortodox\",\"a10\":\"-\",\"a11\":\"4 - moderat\",\"a12\":\"+1 Acord usor\",\"a13\":\"+2 Da\",\"a14\":\"+2 Da\",\"a15\":\"+2 Da\",\"a16\":\"+2 Da\",\"a17\":\"+2 Da\",\"a18\":\"+2 Da\",\"a19\":\"+2 Da\",\"a20\":\"+2 Da\",\"a21\":\"+2 Da\",\"a22\":\"7 foarte satisfacut\",\"a23\":\"6\",\"a24\":\"7 foarte satisfacut\",\"a25\":\"Dezacord moderat\",\"a26\":\"Dezacord puternic\",\"a27\":\"Dezacord moderat\",\"a28\":\"Dezacord moderat\",\"a29\":\"Dezacord moderat\",\"a30\":\"Dezacord puternic\",\"a31\":\"Dezacord usor\",\"a32\":\"Dezacord moderat\",\"a33\":\"des\",\"a34\":\"des\",\"a35\":\"cateodata\",\"a36\":\"rar\",\"a37\":\"des\",\"a38\":\"des\",\"a39\":\"cateodata\",\"a40\":\"des\",\"a41\":\"cateodata\",\"a42\":\"des\",\"a43\":\"des\",\"a44\":\"Intotdeauna\",\"a45\":\"Foarte multa influenta\",\"a46\":\"De obicei\",\"a47\":\"Multa influenta\",\"a48\":\"Da\",\"a49\":\"Foarte important\",\"a50\":\"Mai sensibil decat ceilalti\",\"a51\":\"5\",\"a52\":\"3\",\"a53\":\"2\"}'),(39,'','92.82.50.41','{\"a1\":\"\",\"a2\":\"Feminin\",\"a3\":\"40\",\"a4\":\"18\",\"a5\":\"1\",\"a6\":\"1\",\"a7\":\"licenta sau masterat\",\"a8\":\"peste media din tara mea\",\"a9\":\"Ortodox\",\"a10\":\"\",\"a11\":\"4 - moderat\",\"a12\":\"-2 Dezacord\",\"a13\":\"+2 Da\",\"a14\":\"+1 Mai degraba da\",\"a15\":\"+2 Da\",\"a16\":\"+2 Da\",\"a17\":\"+2 Da\",\"a18\":\"+2 Da\",\"a19\":\"+2 Da\",\"a20\":\"+2 Da\",\"a21\":\"+2 Da\",\"a22\":\"7 foarte satisfacut\",\"a23\":\"7 foarte satisfacut\",\"a24\":\"7 foarte satisfacut\",\"a25\":\"Acord usor\",\"a26\":\"Acord usor\",\"a28\":\"Dezacord usor\",\"a29\":\"Dezacord usor\",\"a30\":\"Dezacord usor\",\"a31\":\"Dezacord usor\",\"a32\":\"Dezacord usor\",\"a33\":\"foarte des\",\"a34\":\"foarte des\",\"a35\":\"rar\",\"a36\":\"rar\",\"a37\":\"des\",\"a38\":\"foarte des\",\"a39\":\"rar\",\"a40\":\"des\",\"a41\":\"cateodata\",\"a42\":\"des\",\"a43\":\"des\",\"a44\":\"De obicei\",\"a45\":\"Multa influenta\",\"a46\":\"De obicei\",\"a47\":\"Multa influenta\",\"a48\":\"Probabil\",\"a49\":\"Destul de important\",\"a50\":\"Mai sensibil decat ceilalti\",\"a51\":\"\",\"a52\":\"\",\"a53\":\"\"}'),(40,'','78.97.169.151','{\"a1\":\"irinaszekely@yahoo.com\",\"a2\":\"Feminin\",\"a3\":\"32\",\"a4\":\"2\",\"a5\":\"0\",\"a6\":\"0\",\"a7\":\"licenta sau masterat\",\"a8\":\"peste media din tara mea\",\"a9\":\"Ortodox\",\"a10\":\"\",\"a11\":\"3\",\"a12\":\"+3 Acord puternic\",\"a13\":\"+2 Da\",\"a14\":\"+2 Da\",\"a15\":\"+2 Da\",\"a16\":\"+2 Da\",\"a17\":\"+2 Da\",\"a18\":\"+2 Da\",\"a19\":\"+2 Da\",\"a20\":\"+2 Da\",\"a21\":\"+2 Da\",\"a22\":\"7 foarte satisfacut\",\"a23\":\"7 foarte satisfacut\",\"a24\":\"7 foarte satisfacut\",\"a25\":\"Acord usor\",\"a26\":\"Acord puternic\",\"a27\":\"Acord usor\",\"a28\":\"Acord moderat\",\"a29\":\"Acord usor\",\"a30\":\"Acord moderat\",\"a31\":\"Dezacord moderat\",\"a32\":\"Dezacord moderat\",\"a33\":\"des\",\"a34\":\"foarte des\",\"a35\":\"rar\",\"a36\":\"niciodata / foarte rar\",\"a37\":\"des\",\"a38\":\"foarte des\",\"a39\":\"rar\",\"a40\":\"foarte des\",\"a41\":\"niciodata / foarte rar\",\"a42\":\"foarte des\",\"a43\":\"foarte des\",\"a44\":\"Rar\",\"a45\":\"Foarte multa influenta\",\"a46\":\"Intotdeauna\",\"a47\":\"Multa influenta\",\"a48\":\"Da\",\"a49\":\"Destul de important\",\"a50\":\"Mai sensibil decat ceilalti\",\"a51\":\"3\",\"a52\":\"3\",\"a53\":\"2\"}'),(41,'','188.24.82.176','{\"a1\":\"\",\"a3\":\"\",\"a4\":\"\",\"a5\":\"\",\"a6\":\"\",\"a10\":\"\",\"a51\":\"1\",\"a52\":\"1\",\"a53\":\"4\"}'),(42,'','86.218.80.23','{\"a1\":\"\",\"a2\":\"Feminin\",\"a3\":\"\",\"a4\":\"5\",\"a5\":\"0\",\"a6\":\"0\",\"a7\":\"licenta sau masterat\",\"a8\":\"mult peste media din tara mea\",\"a9\":\"Ortodox\",\"a10\":\"\",\"a11\":\"3\",\"a12\":\"-2 Dezacord\",\"a13\":\"+2 Da\",\"a14\":\"+2 Da\",\"a15\":\"+2 Da\",\"a16\":\"+2 Da\",\"a17\":\"+2 Da\",\"a18\":\"+2 Da\",\"a19\":\"+2 Da\",\"a20\":\"+2 Da\",\"a21\":\"+2 Da\",\"a22\":\"7 foarte satisfacut\",\"a23\":\"7 foarte satisfacut\",\"a24\":\"7 foarte satisfacut\",\"a25\":\"Acord moderat\",\"a26\":\"Acord puternic\",\"a27\":\"Acord moderat\",\"a28\":\"Acord puternic\",\"a29\":\"Dezacord moderat\",\"a30\":\"Acord moderat\",\"a31\":\"Dezacord puternic\",\"a32\":\"Dezacord puternic\",\"a33\":\"foarte des\",\"a34\":\"foarte des\",\"a35\":\"niciodata / foarte rar\",\"a36\":\"niciodata / foarte rar\",\"a37\":\"des\",\"a38\":\"foarte des\",\"a39\":\"niciodata / foarte rar\",\"a40\":\"foarte des\",\"a41\":\"niciodata / foarte rar\",\"a42\":\"foarte des\",\"a43\":\"foarte des\",\"a44\":\"Intotdeauna\",\"a45\":\"Influenta moderata\",\"a46\":\"De obicei\",\"a47\":\"Multa influenta\",\"a48\":\"Da\",\"a49\":\"Foarte important\",\"a50\":\"Mai sensibil decat ceilalti\",\"a51\":\"4\",\"a52\":\"3\",\"a53\":\"2\"}'),(43,'','89.238.214.206','{\"a1\":\"christinagheorghe@yahoo.com\",\"a2\":\"Feminin\",\"a3\":\"43\",\"a4\":\"14\",\"a5\":\"2\",\"a6\":\"2 + 1 adoptie\",\"a7\":\"licenta sau masterat\",\"a8\":\"similara cu media din tara mea\",\"a9\":\"Ortodox\",\"a10\":\"\",\"a11\":\"4 - moderat\",\"a12\":\"0 Nici acord, nici dezacord\",\"a13\":\"+2 Da\",\"a14\":\"+2 Da\",\"a15\":\"+2 Da\",\"a17\":\"+2 Da\",\"a18\":\"+2 Da\",\"a19\":\"+2 Da\",\"a20\":\"+2 Da\",\"a21\":\"+2 Da\",\"a22\":\"6\",\"a23\":\"7 foarte satisfacut\",\"a24\":\"7 foarte satisfacut\",\"a25\":\"Acord moderat\",\"a26\":\"Acord moderat\",\"a27\":\"Acord puternic\",\"a28\":\"Acord puternic\",\"a29\":\"Acord puternic\",\"a30\":\"Acord puternic\",\"a31\":\"Acord moderat\",\"a32\":\"Acord moderat\",\"a33\":\"des\",\"a34\":\"des\",\"a36\":\"rar\",\"a37\":\"rar\",\"a38\":\"des\",\"a39\":\"rar\",\"a40\":\"des\",\"a41\":\"des\",\"a42\":\"foarte des\",\"a43\":\"foarte des\",\"a44\":\"Intotdeauna\",\"a45\":\"Foarte multa influenta\",\"a46\":\"Intotdeauna\",\"a47\":\"Influenta moderata\",\"a48\":\"Da\",\"a49\":\"Foarte important\",\"a50\":\"Mai sensibil decat ceilalti\",\"a51\":\"\",\"a52\":\"\",\"a53\":\"\"}'),(44,'','62.231.92.248','{\"a1\":\"chiraliliana@yahoo.com\",\"a2\":\"Feminin\",\"a3\":\"45\",\"a4\":\"23\",\"a5\":\"1\",\"a6\":\"1\",\"a7\":\"licenta sau masterat\",\"a8\":\"similara cu media din tara mea\",\"a9\":\"Ortodox\",\"a10\":\"\",\"a11\":\"4 - moderat\",\"a12\":\"0 Nici acord, nici dezacord\",\"a13\":\"+2 Da\",\"a14\":\"+2 Da\",\"a15\":\"+2 Da\",\"a16\":\"+2 Da\",\"a17\":\"+2 Da\",\"a18\":\"+2 Da\",\"a19\":\"+2 Da\",\"a20\":\"+2 Da\",\"a21\":\"+2 Da\",\"a22\":\"1 foarte insatisfacut\",\"a23\":\"1 foarte insatisfacut\",\"a24\":\"7 foarte satisfacut\",\"a25\":\"Acord puternic\",\"a26\":\"Acord puternic\",\"a27\":\"Dezacord moderat\",\"a28\":\"Acord puternic\",\"a29\":\"Acord moderat\",\"a30\":\"Acord puternic\",\"a31\":\"Nici acord, nici dezacord\",\"a32\":\"Acord moderat\",\"a33\":\"des\",\"a34\":\"foarte des\",\"a35\":\"niciodata / foarte rar\",\"a36\":\"cateodata\",\"a37\":\"des\",\"a38\":\"foarte des\",\"a39\":\"rar\",\"a40\":\"foarte des\",\"a41\":\"rar\",\"a42\":\"foarte des\",\"a43\":\"des\",\"a44\":\"De obicei\",\"a45\":\"Multa influenta\",\"a46\":\"Intotdeauna\",\"a47\":\"Foarte multa influenta\",\"a48\":\"Da\",\"a49\":\"Foarte important\",\"a50\":\"Mai sensibil decat ceilalti\",\"a51\":\"4\",\"a52\":\"3\",\"a53\":\"2\"}'),(45,'','86.34.199.124','{\"a1\":\"aditana77@yahoo.com\",\"a3\":\"52\",\"a4\":\"32\",\"a5\":\"1\",\"a6\":\"1\",\"a7\":\"licenta sau masterat\",\"a8\":\"peste media din tara mea\",\"a9\":\"Ortodox\",\"a10\":\"\",\"a11\":\"4 - moderat\",\"a12\":\"+2 Acord\",\"a13\":\"+2 Da\",\"a14\":\"0 Nici da nici nu\",\"a15\":\"0 Nici da nici nu\",\"a16\":\"+1 Mai degraba da\",\"a17\":\"+1 Mai degraba da\",\"a18\":\"+2 Da\",\"a19\":\"+1 Mai degraba da\",\"a20\":\"+1 Mai degraba da\",\"a21\":\"+2 Da\",\"a22\":\"5\",\"a23\":\"4\",\"a24\":\"3\",\"a25\":\"Acord usor\",\"a26\":\"Acord puternic\",\"a27\":\"Acord usor\",\"a28\":\"Acord puternic\",\"a29\":\"Nici acord, nici dezacord\",\"a30\":\"Acord puternic\",\"a31\":\"Nici acord, nici dezacord\",\"a32\":\"Nici acord, nici dezacord\",\"a33\":\"cateodata\",\"a34\":\"foarte des\",\"a35\":\"foarte des\",\"a36\":\"foarte des\",\"a37\":\"niciodata / foarte rar\",\"a38\":\"rar\",\"a39\":\"foarte des\",\"a40\":\"cateodata\",\"a41\":\"cateodata\",\"a42\":\"cateodata\",\"a43\":\"rar\",\"a44\":\"Rar\",\"a45\":\"Multa influenta\",\"a46\":\"Cateodata\",\"a47\":\"Multa influenta\",\"a48\":\"Probabil\",\"a49\":\"Destul de important\",\"a50\":\"La fel de sensibil ca ceilalti\",\"a51\":\"4\",\"a52\":\"3\",\"a53\":\"2\"}'),(46,'','109.102.31.37','{\"a1\":\"andreicamrc@yahoo.com\",\"a2\":\"Masculin\",\"a3\":\"36\",\"a4\":\"11\",\"a5\":\"2\",\"a6\":\"2\",\"a7\":\"licenta sau masterat\",\"a8\":\"similara cu media din tara mea\",\"a9\":\"Ortodox\",\"a10\":\"--\",\"a11\":\"5\",\"a12\":\"+1 Acord usor\",\"a13\":\"+2 Da\",\"a14\":\"+2 Da\",\"a15\":\"+2 Da\",\"a16\":\"+2 Da\",\"a17\":\"+2 Da\",\"a18\":\"+2 Da\",\"a19\":\"+1 Mai degraba da\",\"a20\":\"+1 Mai degraba da\",\"a21\":\"+2 Da\",\"a22\":\"6\",\"a23\":\"6\",\"a24\":\"6\",\"a25\":\"Acord puternic\",\"a26\":\"Acord puternic\",\"a27\":\"Acord usor\",\"a28\":\"Dezacord moderat\",\"a29\":\"Acord usor\",\"a30\":\"Acord moderat\",\"a31\":\"Acord usor\",\"a32\":\"Dezacord moderat\",\"a33\":\"rar\",\"a34\":\"rar\",\"a35\":\"cateodata\",\"a36\":\"des\",\"a37\":\"cateodata\",\"a38\":\"cateodata\",\"a39\":\"rar\",\"a40\":\"des\",\"a41\":\"des\",\"a42\":\"cateodata\",\"a43\":\"cateodata\",\"a44\":\"De obicei\",\"a45\":\"Multa influenta\",\"a46\":\"De obicei\",\"a47\":\"Multa influenta\",\"a48\":\"Da\",\"a49\":\"Destul de important\",\"a50\":\"La fel de sensibil ca ceilalti\",\"a51\":\"\",\"a52\":\"\",\"a53\":\"\"}'),(47,'','79.118.250.141','{\"a1\":\"cabinet.psihoconsult@gmail.com\",\"a2\":\"Feminin\",\"a3\":\"45\",\"a4\":\"25\",\"a5\":\"1\",\"a6\":\"nici unul. am crescut copilul meu si al sorei mele si acum amandoi sunt plecati- au 26 si respectiv 23 de ani\",\"a7\":\"licenta sau masterat\",\"a8\":\"similara cu media din tara mea\",\"a9\":\"Ortodox\",\"a10\":\"\",\"a11\":\"4 - moderat\",\"a12\":\"-2 Dezacord\",\"a13\":\"+1 Mai degraba da\",\"a14\":\"0 Nici da nici nu\",\"a15\":\"+1 Mai degraba da\",\"a16\":\"+1 Mai degraba da\",\"a17\":\"+2 Da\",\"a18\":\"+1 Mai degraba da\",\"a19\":\"0 Nici da nici nu\",\"a20\":\"-1 Mai degraba nu\",\"a21\":\"+1 Mai degraba da\",\"a22\":\"5\",\"a23\":\"4\",\"a24\":\"4\",\"a25\":\"Acord moderat\",\"a26\":\"Acord puternic\",\"a27\":\"Acord moderat\",\"a28\":\"Acord puternic\",\"a29\":\"Nici acord, nici dezacord\",\"a30\":\"Acord moderat\",\"a31\":\"Nici acord, nici dezacord\",\"a32\":\"Dezacord puternic\",\"a33\":\"rar\",\"a34\":\"des\",\"a35\":\"cateodata\",\"a36\":\"cateodata\",\"a37\":\"des\",\"a38\":\"niciodata / foarte rar\",\"a39\":\"rar\",\"a40\":\"cateodata\",\"a41\":\"cateodata\",\"a42\":\"cateodata\",\"a43\":\"cateodata\",\"a44\":\"De obicei\",\"a45\":\"Foarte multa influenta\",\"a46\":\"Intotdeauna\",\"a47\":\"Influenta moderata\",\"a48\":\"Probabil\",\"a49\":\"Destul de important\",\"a50\":\"Mai sensibil decat ceilalti\",\"a51\":\"2\",\"a52\":\"2\",\"a53\":\"2\"}'),(48,'','213.233.92.125','{\"a1\":\"borceanugianina@yahoo.com\",\"a2\":\"Feminin\",\"a3\":\"40\",\"a4\":\"3\",\"a5\":\"0\",\"a6\":\"0\",\"a7\":\"licenta sau masterat\",\"a8\":\"similara cu media din tara mea\",\"a9\":\"Ortodox\",\"a10\":\"\",\"a11\":\"4 - moderat\",\"a12\":\"0 Nici acord, nici dezacord\",\"a13\":\"+2 Da\",\"a14\":\"0 Nici da nici nu\",\"a15\":\"0 Nici da nici nu\",\"a16\":\"+2 Da\",\"a17\":\"+2 Da\",\"a18\":\"+2 Da\",\"a19\":\"0 Nici da nici nu\",\"a20\":\"+2 Da\",\"a21\":\"+2 Da\",\"a22\":\"4\",\"a23\":\"4\",\"a24\":\"5\",\"a25\":\"Nici acord, nici dezacord\",\"a26\":\"Acord usor\",\"a27\":\"Acord moderat\",\"a28\":\"Acord puternic\",\"a29\":\"Acord moderat\",\"a30\":\"Acord puternic\",\"a31\":\"Acord puternic\",\"a32\":\"Nici acord, nici dezacord\",\"a33\":\"foarte des\",\"a34\":\"foarte des\",\"a35\":\"niciodata / foarte rar\",\"a36\":\"cateodata\",\"a37\":\"des\",\"a38\":\"cateodata\",\"a39\":\"des\",\"a40\":\"des\",\"a41\":\"cateodata\",\"a42\":\"cateodata\",\"a43\":\"cateodata\",\"a44\":\"De obicei\",\"a45\":\"Foarte multa influenta\",\"a46\":\"Intotdeauna\",\"a47\":\"Foarte multa influenta\",\"a48\":\"Probabil\",\"a49\":\"Foarte important\",\"a50\":\"Mai sensibil decat ceilalti\",\"a51\":\"\",\"a52\":\"\",\"a53\":\"\"}'),(49,'','216.38.216.101','[]'),(50,'','188.26.87.184','{\"a1\":\"cristina.rizea@yahoo.com\",\"a2\":\"Feminin\",\"a3\":\"31\",\"a4\":\"3.5 \",\"a5\":\"0\",\"a6\":\"0\",\"a7\":\"licenta sau masterat\",\"a8\":\"similara cu media din tara mea\",\"a9\":\"Ortodox\",\"a10\":\"\",\"a11\":\"2\",\"a12\":\"-1 Dezacord usor\",\"a13\":\"+2 Da\",\"a14\":\"+2 Da\",\"a15\":\"+1 Mai degraba da\",\"a16\":\"+2 Da\",\"a17\":\"+2 Da\",\"a18\":\"+2 Da\",\"a19\":\"+2 Da\",\"a20\":\"+2 Da\",\"a21\":\"+2 Da\",\"a22\":\"6\",\"a23\":\"6\",\"a24\":\"6\",\"a25\":\"Acord moderat\",\"a26\":\"Acord puternic\",\"a27\":\"Acord puternic\",\"a28\":\"Acord moderat\",\"a29\":\"Acord puternic\",\"a30\":\"Acord puternic\",\"a31\":\"Dezacord puternic\",\"a32\":\"Dezacord puternic\",\"a33\":\"foarte des\",\"a34\":\"des\",\"a35\":\"rar\",\"a36\":\"rar\",\"a37\":\"des\",\"a38\":\"foarte des\",\"a39\":\"niciodata / foarte rar\",\"a40\":\"foarte des\",\"a41\":\"niciodata / foarte rar\",\"a42\":\"foarte des\",\"a43\":\"cateodata\",\"a44\":\"Cateodata\",\"a45\":\"Multa influenta\",\"a46\":\"Cateodata\",\"a47\":\"Foarte multa influenta\",\"a48\":\"Da\",\"a49\":\"Foarte important\",\"a50\":\"La fel de sensibil ca ceilalti\",\"a51\":\"3\",\"a52\":\"3\",\"a53\":\"2\"}'),(51,'','86.124.250.203','{\"a1\":\"crisa_99g@yahoo.com\",\"a2\":\"Feminin\",\"a3\":\"28\",\"a4\":\"3\",\"a5\":\"nu\",\"a6\":\"0\",\"a7\":\"licenta sau masterat\",\"a8\":\"similara cu media din tara mea\",\"a9\":\"Ortodox\",\"a10\":\"\",\"a11\":\"1  - deloc religios\",\"a12\":\"0 Nici acord, nici dezacord\",\"a13\":\"+2 Da\",\"a14\":\"0 Nici da nici nu\",\"a15\":\"+2 Da\",\"a16\":\"+2 Da\",\"a17\":\"+2 Da\",\"a18\":\"+2 Da\",\"a19\":\"0 Nici da nici nu\",\"a20\":\"0 Nici da nici nu\",\"a21\":\"+2 Da\",\"a22\":\"4\",\"a23\":\"3\",\"a24\":\"4\",\"a25\":\"Acord usor\",\"a26\":\"Acord moderat\",\"a27\":\"Acord usor\",\"a28\":\"Acord usor\",\"a29\":\"Acord moderat\",\"a30\":\"Acord moderat\",\"a31\":\"Nici acord, nici dezacord\",\"a32\":\"Nici acord, nici dezacord\",\"a33\":\"cateodata\",\"a34\":\"des\",\"a35\":\"rar\",\"a36\":\"cateodata\",\"a37\":\"cateodata\",\"a38\":\"cateodata\",\"a39\":\"cateodata\",\"a40\":\"cateodata\",\"a41\":\"rar\",\"a42\":\"des\",\"a43\":\"cateodata\",\"a44\":\"Rar\",\"a45\":\"Influenta moderata\",\"a46\":\"Rar\",\"a47\":\"Influenta moderata\",\"a48\":\"Poate\",\"a49\":\"Foarte important\",\"a50\":\"Mult mai sensibil decat ceilalti\",\"a51\":\"5\",\"a52\":\"3\",\"a53\":\"2\"}'),(52,'','213.177.7.234','{\"a1\":\"corneliar2005@yahoo.com\",\"a2\":\"Feminin\",\"a3\":\"45\",\"a4\":\"24 de ani\",\"a5\":\"2\",\"a6\":\"2\",\"a7\":\"licenta sau masterat\",\"a8\":\"similara cu media din tara mea\",\"a9\":\"Ortodox\",\"a10\":\"\",\"a11\":\"6\",\"a12\":\"+1 Acord usor\",\"a13\":\"+2 Da\",\"a14\":\"+1 Mai degraba da\",\"a15\":\"+2 Da\",\"a16\":\"+2 Da\",\"a17\":\"+2 Da\",\"a18\":\"+2 Da\",\"a19\":\"+2 Da\",\"a20\":\"+1 Mai degraba da\",\"a21\":\"+2 Da\",\"a22\":\"6\",\"a23\":\"6\",\"a24\":\"6\",\"a25\":\"Acord moderat\",\"a26\":\"Acord puternic\",\"a27\":\"Acord usor\",\"a28\":\"Acord moderat\",\"a29\":\"Acord moderat\",\"a30\":\"Acord puternic\",\"a31\":\"Nici acord, nici dezacord\",\"a32\":\"Acord moderat\",\"a33\":\"cateodata\",\"a34\":\"cateodata\",\"a35\":\"cateodata\",\"a36\":\"cateodata\",\"a37\":\"cateodata\",\"a38\":\"cateodata\",\"a39\":\"rar\",\"a40\":\"cateodata\",\"a41\":\"rar\",\"a42\":\"des\",\"a43\":\"foarte des\",\"a44\":\"De obicei\",\"a45\":\"Foarte multa influenta\",\"a46\":\"Intotdeauna\",\"a47\":\"Foarte multa influenta\",\"a48\":\"Da\",\"a49\":\"Foarte important\",\"a50\":\"La fel de sensibil ca ceilalti\",\"a51\":\"\",\"a52\":\"\",\"a53\":\"\"}'),(53,'','213.233.93.15','{\"a1\":\"\",\"a2\":\"Feminin\",\"a3\":\"40\",\"a4\":\"16\",\"a5\":\"1\",\"a6\":\"1\",\"a7\":\"licenta sau masterat\",\"a8\":\"mult peste media din tara mea\",\"a9\":\"Ortodox\",\"a10\":\"\",\"a11\":\"3\",\"a12\":\"-1 Dezacord usor\",\"a13\":\"+2 Da\",\"a14\":\"+1 Mai degraba da\",\"a15\":\"0 Nici da nici nu\",\"a16\":\"+2 Da\",\"a17\":\"+2 Da\",\"a18\":\"+2 Da\",\"a19\":\"+2 Da\",\"a20\":\"+2 Da\",\"a21\":\"+2 Da\",\"a22\":\"6\",\"a23\":\"6\",\"a24\":\"7 foarte satisfacut\",\"a25\":\"Nici acord, nici dezacord\",\"a26\":\"Acord puternic\",\"a27\":\"Acord usor\",\"a28\":\"Acord puternic\",\"a29\":\"Nici acord, nici dezacord\",\"a30\":\"Acord puternic\",\"a31\":\"Dezacord usor\",\"a32\":\"Dezacord moderat\",\"a33\":\"des\",\"a34\":\"cateodata\",\"a35\":\"niciodata / foarte rar\",\"a36\":\"niciodata / foarte rar\",\"a37\":\"rar\",\"a38\":\"des\",\"a39\":\"rar\",\"a40\":\"des\",\"a41\":\"des\",\"a42\":\"foarte des\",\"a43\":\"cateodata\",\"a44\":\"De obicei\",\"a45\":\"Foarte multa influenta\",\"a46\":\"Intotdeauna\",\"a47\":\"Foarte multa influenta\",\"a48\":\"Da\",\"a49\":\"Foarte important\",\"a50\":\"Mai sensibil decat ceilalti\",\"a51\":\"3\",\"a52\":\"3\",\"a53\":\"3\"}'),(54,'','86.121.107.212','{\"a1\":\"camelia.sorina@yahoo.com\",\"a2\":\"Feminin\",\"a3\":\"38\",\"a4\":\"18\",\"a5\":\"1\",\"a6\":\"1\",\"a7\":\"licenta sau masterat\",\"a8\":\"similara cu media din tara mea\",\"a9\":\"Ortodox\",\"a10\":\"\",\"a11\":\"6\",\"a12\":\"+1 Acord usor\",\"a13\":\"+1 Mai degraba da\",\"a14\":\"+1 Mai degraba da\",\"a15\":\"+1 Mai degraba da\",\"a16\":\"+2 Da\",\"a17\":\"+2 Da\",\"a18\":\"+1 Mai degraba da\",\"a19\":\"+1 Mai degraba da\",\"a20\":\"0 Nici da nici nu\",\"a21\":\"+2 Da\",\"a22\":\"4\",\"a23\":\"4\",\"a24\":\"4\",\"a25\":\"Acord usor\",\"a26\":\"Acord moderat\",\"a27\":\"Dezacord usor\",\"a28\":\"Acord puternic\",\"a29\":\"Acord usor\",\"a30\":\"Acord moderat\",\"a31\":\"Nici acord, nici dezacord\",\"a32\":\"Acord moderat\",\"a33\":\"des\",\"a34\":\"des\",\"a35\":\"niciodata / foarte rar\",\"a36\":\"cateodata\",\"a37\":\"cateodata\",\"a38\":\"rar\",\"a39\":\"cateodata\",\"a40\":\"cateodata\",\"a41\":\"rar\",\"a42\":\"cateodata\",\"a43\":\"cateodata\",\"a44\":\"De obicei\",\"a45\":\"Multa influenta\",\"a46\":\"Intotdeauna\",\"a47\":\"Multa influenta\",\"a48\":\"Probabil\",\"a49\":\"Destul de important\",\"a50\":\"La fel de sensibil ca ceilalti\",\"a51\":\"\",\"a52\":\"\",\"a53\":\"\"}'),(55,'','195.28.188.55','{\"a1\":\"septimiutulpan@yahoo.com\",\"a2\":\"Masculin\",\"a3\":\"58\",\"a4\":\"31\",\"a5\":\"1\",\"a6\":\"1\",\"a7\":\"licenta sau masterat\",\"a8\":\"peste media din tara mea\",\"a9\":\"Ortodox\",\"a10\":\"\",\"a11\":\"4 - moderat\",\"a12\":\"-2 Dezacord\",\"a13\":\"+2 Da\",\"a14\":\"+2 Da\",\"a15\":\"+2 Da\",\"a16\":\"+2 Da\",\"a17\":\"+2 Da\",\"a18\":\"+2 Da\",\"a19\":\"+2 Da\",\"a20\":\"+1 Mai degraba da\",\"a21\":\"+2 Da\",\"a22\":\"7 foarte satisfacut\",\"a23\":\"7 foarte satisfacut\",\"a24\":\"7 foarte satisfacut\",\"a25\":\"Acord moderat\",\"a26\":\"Acord puternic\",\"a27\":\"Dezacord usor\",\"a28\":\"Acord moderat\",\"a29\":\"Acord usor\",\"a30\":\"Acord puternic\",\"a31\":\"Dezacord usor\",\"a32\":\"Acord usor\",\"a33\":\"cateodata\",\"a34\":\"cateodata\",\"a35\":\"niciodata / foarte rar\",\"a36\":\"niciodata / foarte rar\",\"a37\":\"niciodata / foarte rar\",\"a38\":\"des\",\"a39\":\"niciodata / foarte rar\",\"a40\":\"foarte des\",\"a41\":\"niciodata / foarte rar\",\"a42\":\"des\",\"a43\":\"foarte des\",\"a44\":\"De obicei\",\"a45\":\"Multa influenta\",\"a46\":\"Cateodata\",\"a47\":\"Influenta moderata\",\"a48\":\"Da\",\"a49\":\"Destul de important\",\"a50\":\"La fel de sensibil ca ceilalti\",\"a51\":\"\",\"a52\":\"\",\"a53\":\"\"}'),(56,'','86.35.45.68','{\"a1\":\"mihaelamurza@yahoo.com\",\"a2\":\"Feminin\",\"a3\":\"41\",\"a4\":\"23\",\"a5\":\"2\",\"a6\":\"2\",\"a7\":\"licenta sau masterat\",\"a8\":\"peste media din tara mea\",\"a10\":\"baptist\",\"a11\":\"3\",\"a12\":\"-1 Dezacord usor\",\"a13\":\"+2 Da\",\"a14\":\"+1 Mai degraba da\",\"a15\":\"+1 Mai degraba da\",\"a16\":\"+2 Da\",\"a17\":\"+2 Da\",\"a18\":\"+2 Da\",\"a19\":\"+1 Mai degraba da\",\"a20\":\"+2 Da\",\"a21\":\"+2 Da\",\"a22\":\"6\",\"a23\":\"6\",\"a24\":\"6\",\"a25\":\"Acord usor\",\"a26\":\"Acord puternic\",\"a27\":\"Nici acord, nici dezacord\",\"a28\":\"Acord usor\",\"a29\":\"Nici acord, nici dezacord\",\"a30\":\"Nici acord, nici dezacord\",\"a31\":\"Dezacord usor\",\"a32\":\"Acord usor\",\"a33\":\"des\",\"a34\":\"des\",\"a35\":\"cateodata\",\"a36\":\"rar\",\"a37\":\"des\",\"a38\":\"foarte des\",\"a39\":\"rar\",\"a40\":\"foarte des\",\"a41\":\"rar\",\"a42\":\"foarte des\",\"a43\":\"des\",\"a44\":\"Cateodata\",\"a45\":\"Multa influenta\",\"a46\":\"De obicei\",\"a47\":\"Multa influenta\",\"a48\":\"Da\",\"a49\":\"Destul de important\",\"a50\":\"Mai sensibil decat ceilalti\",\"a51\":\"\",\"a52\":\"\",\"a53\":\"\"}'),(57,'','82.137.12.243','{\"a1\":\"nicole04ro@yahoo.com\",\"a2\":\"Feminin\",\"a3\":\"34\",\"a4\":\"6 ani\",\"a5\":\"nu avem copii\",\"a6\":\"nici unul\",\"a7\":\"licenta sau masterat\",\"a8\":\"peste media din tara mea\",\"a9\":\"Ortodox\",\"a10\":\"\",\"a11\":\"4 - moderat\",\"a12\":\"+2 Acord\",\"a13\":\"+2 Da\",\"a14\":\"+2 Da\",\"a15\":\"+2 Da\",\"a16\":\"+2 Da\",\"a17\":\"+2 Da\",\"a18\":\"+2 Da\",\"a19\":\"+2 Da\",\"a20\":\"+2 Da\",\"a21\":\"+2 Da\",\"a22\":\"7 foarte satisfacut\",\"a23\":\"6\",\"a24\":\"7 foarte satisfacut\",\"a25\":\"Acord puternic\",\"a26\":\"Acord puternic\",\"a27\":\"Nici acord, nici dezacord\",\"a28\":\"Acord usor\",\"a29\":\"Acord puternic\",\"a30\":\"Acord puternic\",\"a31\":\"Nici acord, nici dezacord\",\"a32\":\"Acord usor\",\"a33\":\"foarte des\",\"a34\":\"foarte des\",\"a35\":\"niciodata / foarte rar\",\"a36\":\"niciodata / foarte rar\",\"a37\":\"des\",\"a38\":\"rar\",\"a39\":\"niciodata / foarte rar\",\"a40\":\"foarte des\",\"a41\":\"cateodata\",\"a42\":\"foarte des\",\"a43\":\"foarte des\",\"a44\":\"Cateodata\",\"a45\":\"Multa influenta\",\"a46\":\"Intotdeauna\",\"a47\":\"Foarte multa influenta\",\"a48\":\"Da\",\"a49\":\"Foarte important\",\"a50\":\"Mult mai sensibil decat ceilalti\",\"a51\":\"3\",\"a52\":\"2\",\"a53\":\"1\"}'),(58,'','188.24.73.135','{\"a1\":\"laura_hasna@yahoo.com\",\"a2\":\"Feminin\",\"a3\":\"27\",\"a4\":\"3\",\"a5\":\"0\",\"a6\":\"0\",\"a7\":\"licenta sau masterat\",\"a8\":\"peste media din tara mea\",\"a9\":\"Catolic\",\"a10\":\"\",\"a11\":\"2\",\"a12\":\"-2 Dezacord\",\"a13\":\"+2 Da\",\"a14\":\"+2 Da\",\"a15\":\"+2 Da\",\"a16\":\"+2 Da\",\"a17\":\"+2 Da\",\"a18\":\"+2 Da\",\"a19\":\"+1 Mai degraba da\",\"a20\":\"+2 Da\",\"a21\":\"+2 Da\",\"a22\":\"7 foarte satisfacut\",\"a23\":\"7 foarte satisfacut\",\"a24\":\"6\",\"a25\":\"Acord moderat\",\"a26\":\"Acord puternic\",\"a27\":\"Dezacord usor\",\"a28\":\"Acord puternic\",\"a29\":\"Acord usor\",\"a30\":\"Acord moderat\",\"a31\":\"Nici acord, nici dezacord\",\"a32\":\"Dezacord usor\",\"a33\":\"cateodata\",\"a34\":\"des\",\"a35\":\"rar\",\"a36\":\"niciodata / foarte rar\",\"a37\":\"cateodata\",\"a38\":\"foarte des\",\"a39\":\"niciodata / foarte rar\",\"a40\":\"foarte des\",\"a41\":\"rar\",\"a42\":\"des\",\"a43\":\"cateodata\",\"a44\":\"De obicei\",\"a45\":\"Multa influenta\",\"a46\":\"Cateodata\",\"a47\":\"Foarte multa influenta\",\"a48\":\"Da\",\"a49\":\"Foarte important\",\"a50\":\"Mai sensibil decat ceilalti\",\"a51\":\"7\",\"a52\":\"3\",\"a53\":\"2\"}'),(59,'','74.57.193.74','{\"a1\":\"alexandra.balc@gmail.com\",\"a2\":\"Feminin\",\"a3\":\"35\",\"a4\":\"1\",\"a5\":\"0\",\"a6\":\"1\",\"a7\":\"licenta sau masterat\",\"a8\":\"peste media din tara mea\",\"a9\":\"Ortodox\",\"a10\":\"\",\"a11\":\"4 - moderat\",\"a12\":\"-1 Dezacord usor\",\"a13\":\"+2 Da\",\"a14\":\"+1 Mai degraba da\",\"a15\":\"+1 Mai degraba da\",\"a16\":\"+2 Da\",\"a17\":\"+2 Da\",\"a18\":\"+2 Da\",\"a19\":\"+2 Da\",\"a20\":\"+2 Da\",\"a21\":\"+2 Da\",\"a22\":\"6\",\"a23\":\"6\",\"a24\":\"5\",\"a25\":\"Acord usor\",\"a26\":\"Acord moderat\",\"a27\":\"Dezacord moderat\",\"a28\":\"Dezacord puternic\",\"a29\":\"Acord moderat\",\"a30\":\"Acord puternic\",\"a31\":\"Dezacord puternic\",\"a32\":\"Acord usor\",\"a33\":\"foarte des\",\"a34\":\"foarte des\",\"a35\":\"niciodata / foarte rar\",\"a37\":\"cateodata\",\"a38\":\"des\",\"a39\":\"rar\",\"a40\":\"foarte des\",\"a41\":\"rar\",\"a42\":\"foarte des\",\"a43\":\"foarte des\",\"a44\":\"De obicei\",\"a45\":\"Influenta moderata\",\"a46\":\"De obicei\",\"a47\":\"Influenta moderata\",\"a48\":\"Probabil\",\"a49\":\"Destul de important\",\"a50\":\"La fel de sensibil ca ceilalti\",\"a51\":\"\",\"a52\":\"\",\"a53\":\"\"}'),(60,'','84.232.245.136','{\"a1\":\"ionescucristina@yahoo.com\",\"a2\":\"Feminin\",\"a3\":\"35\",\"a4\":\"10 ani\",\"a5\":\"2\",\"a6\":\"2\",\"a7\":\"licenta sau masterat\",\"a8\":\"similara cu media din tara mea\",\"a9\":\"Ortodox\",\"a10\":\"\",\"a11\":\"3\",\"a12\":\"+1 Acord usor\",\"a13\":\"-1 Mai degraba nu\",\"a14\":\"0 Nici da nici nu\",\"a15\":\"+1 Mai degraba da\",\"a16\":\"-1 Mai degraba nu\",\"a17\":\"-1 Mai degraba nu\",\"a18\":\"-1 Mai degraba nu\",\"a20\":\"-1 Mai degraba nu\",\"a21\":\"0 Nici da nici nu\",\"a22\":\"2\",\"a23\":\"2\",\"a24\":\"2\",\"a25\":\"Acord puternic\",\"a26\":\"Acord puternic\",\"a27\":\"Acord usor\",\"a28\":\"Acord puternic\",\"a29\":\"Acord usor\",\"a30\":\"Acord puternic\",\"a31\":\"Dezacord puternic\",\"a32\":\"Dezacord puternic\",\"a33\":\"niciodata / foarte rar\",\"a34\":\"cateodata\",\"a35\":\"des\",\"a36\":\"foarte des\",\"a37\":\"niciodata / foarte rar\",\"a38\":\"cateodata\",\"a39\":\"des\",\"a40\":\"niciodata / foarte rar\",\"a41\":\"cateodata\",\"a42\":\"rar\",\"a43\":\"rar\",\"a44\":\"De obicei\",\"a45\":\"Multa influenta\",\"a46\":\"De obicei\",\"a47\":\"Foarte multa influenta\",\"a48\":\"Da\",\"a49\":\"Foarte important\",\"a50\":\"La fel de sensibil ca ceilalti\",\"a51\":\"7\",\"a52\":\"8\",\"a53\":\"9\"}'),(61,'','89.120.231.55','{\"a1\":\"macovei.dan@gmail.com\",\"a2\":\"Masculin\",\"a3\":\"28\",\"a4\":\"3\",\"a5\":\"0\",\"a6\":\"0\",\"a7\":\"licenta sau masterat\",\"a8\":\"similara cu media din tara mea\",\"a9\":\"Ortodox\",\"a10\":\"\",\"a11\":\"2\",\"a12\":\"-2 Dezacord\",\"a13\":\"0 Nici da nici nu\",\"a14\":\"-1 Mai degraba nu\",\"a15\":\"0 Nici da nici nu\",\"a16\":\"-1 Mai degraba nu\",\"a17\":\"+1 Mai degraba da\",\"a18\":\"0 Nici da nici nu\",\"a19\":\"-1 Mai degraba nu\",\"a20\":\"0 Nici da nici nu\",\"a21\":\"+1 Mai degraba da\",\"a22\":\"3\",\"a23\":\"3\",\"a24\":\"4\",\"a25\":\"Acord usor\",\"a26\":\"Acord puternic\",\"a27\":\"Acord moderat\",\"a28\":\"Acord puternic\",\"a29\":\"Acord puternic\",\"a30\":\"Acord puternic\",\"a31\":\"Dezacord usor\",\"a32\":\"Dezacord moderat\",\"a33\":\"rar\",\"a34\":\"cateodata\",\"a35\":\"rar\",\"a36\":\"rar\",\"a37\":\"des\",\"a38\":\"cateodata\",\"a39\":\"cateodata\",\"a40\":\"cateodata\",\"a41\":\"rar\",\"a42\":\"des\",\"a43\":\"cateodata\",\"a44\":\"Rar\",\"a45\":\"Multa influenta\",\"a46\":\"Rar\",\"a47\":\"Multa influenta\",\"a48\":\"Da\",\"a49\":\"Destul de important\",\"a50\":\"Mai sensibil decat ceilalti\",\"a51\":\"3\",\"a52\":\"3\",\"a53\":\"3\"}'),(62,'','93.112.84.13','{\"a1\":\"codruta_burda@wvi.org\",\"a2\":\"Feminin\",\"a3\":\"42\",\"a4\":\"22\",\"a5\":\"0\",\"a6\":\"0\",\"a7\":\"licenta sau masterat\",\"a8\":\"similara cu media din tara mea\",\"a9\":\"Ortodox\",\"a10\":\"\",\"a11\":\"4 - moderat\",\"a12\":\"-1 Dezacord usor\",\"a13\":\"+2 Da\",\"a14\":\"+1 Mai degraba da\",\"a15\":\"+2 Da\",\"a16\":\"+2 Da\",\"a17\":\"+2 Da\",\"a18\":\"+2 Da\",\"a19\":\"+2 Da\",\"a20\":\"+2 Da\",\"a21\":\"+2 Da\",\"a22\":\"5\",\"a23\":\"7 foarte satisfacut\",\"a24\":\"7 foarte satisfacut\",\"a25\":\"Acord usor\",\"a26\":\"Acord puternic\",\"a27\":\"Acord moderat\",\"a28\":\"Dezacord usor\",\"a29\":\"Acord moderat\",\"a30\":\"Acord moderat\",\"a31\":\"Dezacord moderat\",\"a32\":\"Acord moderat\",\"a33\":\"des\",\"a34\":\"foarte des\",\"a35\":\"rar\",\"a36\":\"niciodata / foarte rar\",\"a37\":\"des\",\"a38\":\"foarte des\",\"a39\":\"niciodata / foarte rar\",\"a40\":\"des\",\"a41\":\"niciodata / foarte rar\",\"a42\":\"foarte des\",\"a43\":\"foarte des\",\"a44\":\"Rar\",\"a45\":\"Influenta moderata\",\"a46\":\"De obicei\",\"a47\":\"Multa influenta\",\"a48\":\"Da\",\"a49\":\"Destul de important\",\"a50\":\"La fel de sensibil ca ceilalti\",\"a51\":\"\",\"a52\":\"\",\"a53\":\"\"}'),(63,'','5.12.173.190','{\"a1\":\"iuliana312002@yahoo.com\",\"a2\":\"Feminin\",\"a3\":\"41\",\"a4\":\"22\",\"a5\":\"22\",\"a6\":\"\",\"a7\":\"licenta sau masterat\",\"a8\":\"similara cu media din tara mea\",\"a9\":\"Ortodox\",\"a10\":\"\",\"a11\":\"2\",\"a12\":\"-2 Dezacord\",\"a13\":\"+1 Mai degraba da\",\"a14\":\"+1 Mai degraba da\",\"a15\":\"-1 Mai degraba nu\",\"a16\":\"+1 Mai degraba da\",\"a17\":\"0 Nici da nici nu\",\"a18\":\"+1 Mai degraba da\",\"a19\":\"0 Nici da nici nu\",\"a20\":\"+1 Mai degraba da\",\"a21\":\"+2 Da\",\"a22\":\"4\",\"a23\":\"3\",\"a24\":\"3\",\"a25\":\"Acord moderat\",\"a26\":\"Acord moderat\",\"a27\":\"Acord moderat\",\"a28\":\"Acord moderat\",\"a29\":\"Acord usor\",\"a30\":\"Acord puternic\",\"a31\":\"Dezacord puternic\",\"a32\":\"Dezacord moderat\",\"a33\":\"cateodata\",\"a34\":\"cateodata\",\"a35\":\"cateodata\",\"a36\":\"des\",\"a37\":\"des\",\"a38\":\"rar\",\"a39\":\"cateodata\",\"a40\":\"rar\",\"a41\":\"des\",\"a42\":\"des\",\"a43\":\"des\",\"a44\":\"Cateodata\",\"a45\":\"Multa influenta\",\"a46\":\"Intotdeauna\",\"a47\":\"Multa influenta\",\"a48\":\"Da\",\"a49\":\"Destul de important\",\"a50\":\"Mai sensibil decat ceilalti\",\"a51\":\"\",\"a52\":\"\",\"a53\":\"\"}'),(64,'','82.137.8.25','{\"a1\":\"office.mariandumitru@gmail.com\",\"a2\":\"Masculin\",\"a3\":\"31\",\"a4\":\"1an\",\"a5\":\"0\",\"a6\":\"......................\",\"a7\":\"licenta sau masterat\",\"a8\":\"similara cu media din tara mea\",\"a9\":\"Protestant\",\"a10\":\"\",\"a11\":\"5\",\"a12\":\"+2 Acord\",\"a13\":\"+2 Da\",\"a14\":\"+2 Da\",\"a15\":\"+2 Da\",\"a16\":\"+2 Da\",\"a17\":\"+2 Da\",\"a18\":\"+2 Da\",\"a19\":\"+2 Da\",\"a20\":\"+2 Da\",\"a21\":\"+2 Da\",\"a22\":\"1 foarte insatisfacut\",\"a23\":\"1 foarte insatisfacut\",\"a24\":\"1 foarte insatisfacut\",\"a25\":\"Acord puternic\",\"a26\":\"Dezacord puternic\",\"a27\":\"Acord usor\",\"a28\":\"Acord puternic\",\"a29\":\"Acord moderat\",\"a30\":\"Acord puternic\",\"a31\":\"Dezacord usor\",\"a32\":\"Dezacord moderat\",\"a33\":\"cateodata\",\"a34\":\"niciodata / foarte rar\",\"a35\":\"foarte des\",\"a36\":\"rar\",\"a37\":\"foarte des\",\"a38\":\"foarte des\",\"a39\":\"foarte des\",\"a40\":\"foarte des\",\"a41\":\"foarte des\",\"a43\":\"cateodata\",\"a44\":\"De obicei\",\"a45\":\"Foarte multa influenta\",\"a46\":\"Intotdeauna\",\"a47\":\"Multa influenta\",\"a48\":\"Nu\",\"a49\":\"Destul de important\",\"a50\":\"Mai sensibil decat ceilalti\",\"a51\":\"6\",\"a52\":\"6\",\"a53\":\"5\"}'),(65,'','193.151.30.187','{\"a1\":\"mihaelalicuta@yahoo.com\",\"a2\":\"Feminin\",\"a3\":\"35\",\"a4\":\"6\",\"a5\":\"1\",\"a6\":\"1\",\"a7\":\"licenta sau masterat\",\"a8\":\"peste media din tara mea\",\"a9\":\"Ortodox\",\"a10\":\"\",\"a11\":\"3\",\"a12\":\"-2 Dezacord\",\"a13\":\"-1 Mai degraba nu\",\"a14\":\"-1 Mai degraba nu\",\"a15\":\"+1 Mai degraba da\",\"a16\":\"-1 Mai degraba nu\",\"a17\":\"-2 Nu\",\"a18\":\"-2 Nu\",\"a19\":\"-1 Mai degraba nu\",\"a20\":\"-2 Nu\",\"a21\":\"-1 Mai degraba nu\",\"a22\":\"2\",\"a23\":\"1 foarte insatisfacut\",\"a24\":\"2\",\"a25\":\"Dezacord usor\",\"a26\":\"Acord usor\",\"a27\":\"Dezacord moderat\",\"a28\":\"Acord moderat\",\"a29\":\"Dezacord usor\",\"a30\":\"Acord usor\",\"a31\":\"Dezacord puternic\",\"a32\":\"Dezacord puternic\",\"a33\":\"niciodata / foarte rar\",\"a34\":\"niciodata / foarte rar\",\"a35\":\"des\",\"a36\":\"des\",\"a37\":\"cateodata\",\"a38\":\"rar\",\"a39\":\"des\",\"a40\":\"niciodata / foarte rar\",\"a41\":\"rar\",\"a42\":\"niciodata / foarte rar\",\"a43\":\"niciodata / foarte rar\",\"a44\":\"Niciodata\",\"a45\":\"Putina influenta\",\"a46\":\"Intotdeauna\",\"a47\":\"Putina influenta\",\"a48\":\"Da\",\"a49\":\"Mai degraba neimportant decat important\",\"a50\":\"La fel de sensibil ca ceilalti\",\"a51\":\"\",\"a52\":\"\",\"a53\":\"\"}'),(66,'','78.96.4.132','{\"a1\":\"maria_demeter@yahoo.co.uk\",\"a2\":\"Feminin\",\"a3\":\"52\",\"a4\":\"26 ani\",\"a5\":\"1\",\"a6\":\"2\",\"a7\":\"licenta sau masterat\",\"a8\":\"peste media din tara mea\",\"a9\":\"Alta\",\"a10\":\"evanghelica\",\"a11\":\"4 - moderat\",\"a12\":\"+1 Acord usor\",\"a13\":\"0 Nici da nici nu\",\"a14\":\"+1 Mai degraba da\",\"a15\":\"+1 Mai degraba da\",\"a16\":\"0 Nici da nici nu\",\"a17\":\"0 Nici da nici nu\",\"a18\":\"+1 Mai degraba da\",\"a19\":\"+1 Mai degraba da\",\"a20\":\"-1 Mai degraba nu\",\"a21\":\"+1 Mai degraba da\",\"a22\":\"5\",\"a23\":\"4\",\"a24\":\"4\",\"a25\":\"Acord puternic\",\"a26\":\"Acord puternic\",\"a27\":\"Dezacord usor\",\"a28\":\"Acord moderat\",\"a29\":\"Acord moderat\",\"a30\":\"Acord puternic\",\"a31\":\"Dezacord usor\",\"a32\":\"Acord moderat\",\"a33\":\"cateodata\",\"a34\":\"rar\",\"a35\":\"rar\",\"a36\":\"des\",\"a37\":\"rar\",\"a38\":\"rar\",\"a39\":\"des\",\"a40\":\"cateodata\",\"a41\":\"cateodata\",\"a42\":\"niciodata / foarte rar\",\"a43\":\"niciodata / foarte rar\",\"a44\":\"Intotdeauna\",\"a45\":\"Foarte multa influenta\",\"a46\":\"Intotdeauna\",\"a47\":\"Foarte multa influenta\",\"a48\":\"Da\",\"a49\":\"Destul de important\",\"a50\":\"La fel de sensibil ca ceilalti\",\"a51\":\"9\",\"a52\":\"10\",\"a53\":\"10\"}'),(67,'','95.76.195.254','{\"a1\":\"anca.blanaru@gmail.com\",\"a3\":\"\",\"a4\":\"\",\"a5\":\"\",\"a6\":\"\",\"a10\":\"\",\"a51\":\"1\",\"a52\":\"1\",\"a53\":\"1\"}'),(68,'','109.166.129.52','{\"a1\":\"simonatrip@yahoo.com\",\"a2\":\"Feminin\",\"a3\":\"38\",\"a4\":\"8\",\"a5\":\"2\",\"a6\":\"\",\"a7\":\"licenta sau masterat\",\"a8\":\"peste media din tara mea\",\"a9\":\"Ortodox\",\"a10\":\"\",\"a11\":\"4 - moderat\",\"a12\":\"0 Nici acord, nici dezacord\",\"a13\":\"+2 Da\",\"a14\":\"+1 Mai degraba da\",\"a15\":\"+2 Da\",\"a16\":\"+2 Da\",\"a17\":\"+2 Da\",\"a18\":\"+2 Da\",\"a19\":\"+2 Da\",\"a20\":\"-1 Mai degraba nu\",\"a21\":\"+2 Da\",\"a22\":\"7 foarte satisfacut\",\"a23\":\"7 foarte satisfacut\",\"a24\":\"7 foarte satisfacut\",\"a25\":\"Acord puternic\",\"a26\":\"Acord puternic\",\"a27\":\"Nici acord, nici dezacord\",\"a28\":\"Acord puternic\",\"a29\":\"Acord puternic\",\"a30\":\"Acord puternic\",\"a31\":\"Acord usor\",\"a32\":\"Acord moderat\",\"a33\":\"foarte des\",\"a34\":\"foarte des\",\"a35\":\"niciodata / foarte rar\",\"a36\":\"niciodata / foarte rar\",\"a37\":\"cateodata\",\"a38\":\"foarte des\",\"a39\":\"niciodata / foarte rar\",\"a40\":\"foarte des\",\"a41\":\"niciodata / foarte rar\",\"a42\":\"foarte des\",\"a43\":\"cateodata\",\"a44\":\"De obicei\",\"a45\":\"Influenta moderata\",\"a46\":\"De obicei\",\"a47\":\"(Aproape) nu are influenta\",\"a48\":\"Probabil\",\"a49\":\"Destul de important\",\"a50\":\"La fel de sensibil ca ceilalti\",\"a51\":\"\",\"a52\":\"\",\"a53\":\"\"}'),(69,'','82.137.10.156','{\"a1\":\"morcanoana@yahoo.com\",\"a2\":\"Feminin\",\"a3\":\"29\",\"a4\":\"4\",\"a5\":\"1\",\"a6\":\"1\",\"a7\":\"licenta sau masterat\",\"a8\":\"peste media din tara mea\",\"a9\":\"Ortodox\",\"a10\":\"-\",\"a13\":\"+2 Da\",\"a14\":\"+2 Da\",\"a15\":\"+2 Da\",\"a16\":\"+2 Da\",\"a17\":\"+2 Da\",\"a18\":\"+2 Da\",\"a19\":\"+2 Da\",\"a20\":\"+2 Da\",\"a22\":\"7 foarte satisfacut\",\"a23\":\"7 foarte satisfacut\",\"a24\":\"7 foarte satisfacut\",\"a25\":\"Acord puternic\",\"a26\":\"Acord puternic\",\"a27\":\"Acord usor\",\"a28\":\"Acord puternic\",\"a29\":\"Nici acord, nici dezacord\",\"a30\":\"Acord puternic\",\"a31\":\"Dezacord usor\",\"a32\":\"Dezacord moderat\",\"a33\":\"foarte des\",\"a34\":\"foarte des\",\"a35\":\"niciodata / foarte rar\",\"a36\":\"niciodata / foarte rar\",\"a37\":\"foarte des\",\"a38\":\"foarte des\",\"a39\":\"niciodata / foarte rar\",\"a40\":\"foarte des\",\"a41\":\"niciodata / foarte rar\",\"a42\":\"foarte des\",\"a43\":\"foarte des\",\"a44\":\"Intotdeauna\",\"a45\":\"Foarte multa influenta\",\"a46\":\"Intotdeauna\",\"a47\":\"Multa influenta\",\"a48\":\"Probabil\",\"a49\":\"Foarte important\",\"a50\":\"Mult mai sensibil decat ceilalti\",\"a51\":\"10\",\"a52\":\"9\",\"a53\":\"11\"}'),(70,'','79.113.62.157','{\"a1\":\"hodutcarmen@yahoo.ca\",\"a2\":\"Feminin\",\"a3\":\"31\",\"a4\":\"1\",\"a5\":\"0\",\"a6\":\"0\",\"a7\":\"licenta sau masterat\",\"a8\":\"similara cu media din tara mea\",\"a9\":\"Protestant\",\"a10\":\"\",\"a11\":\"5\",\"a12\":\"-1 Dezacord usor\",\"a13\":\"+2 Da\",\"a14\":\"+1 Mai degraba da\",\"a15\":\"+2 Da\",\"a16\":\"+2 Da\",\"a17\":\"+2 Da\",\"a18\":\"+2 Da\",\"a19\":\"+2 Da\",\"a20\":\"+2 Da\",\"a21\":\"+2 Da\",\"a22\":\"6\",\"a23\":\"6\",\"a24\":\"6\",\"a25\":\"Dezacord usor\",\"a26\":\"Acord moderat\",\"a27\":\"Acord usor\",\"a28\":\"Acord puternic\",\"a29\":\"Dezacord puternic\",\"a30\":\"Nici acord, nici dezacord\",\"a31\":\"Nici acord, nici dezacord\",\"a32\":\"Nici acord, nici dezacord\",\"a33\":\"cateodata\",\"a34\":\"cateodata\",\"a35\":\"niciodata / foarte rar\",\"a36\":\"rar\",\"a37\":\"cateodata\",\"a38\":\"foarte des\",\"a39\":\"niciodata / foarte rar\",\"a40\":\"foarte des\",\"a41\":\"niciodata / foarte rar\",\"a42\":\"foarte des\",\"a43\":\"foarte des\",\"a44\":\"Cateodata\",\"a45\":\"Influenta moderata\",\"a46\":\"De obicei\",\"a47\":\"Influenta moderata\",\"a48\":\"Poate\",\"a49\":\"Destul de important\",\"a50\":\"La fel de sensibil ca ceilalti\",\"a51\":\"3\",\"a52\":\"2\",\"a53\":\"2\"}'),(71,'','86.123.45.2','{\"a1\":\"margareta_calin@yahoo.com\",\"a2\":\"Feminin\",\"a3\":\"45\",\"a4\":\"22\",\"a5\":\"1\",\"a6\":\"1\",\"a7\":\"licenta sau masterat\",\"a8\":\"mai scazuta fata de media din tara mea\",\"a9\":\"Ortodox\",\"a10\":\"\",\"a11\":\"4 - moderat\",\"a12\":\"0 Nici acord, nici dezacord\",\"a13\":\"+1 Mai degraba da\",\"a14\":\"+1 Mai degraba da\",\"a15\":\"+1 Mai degraba da\",\"a16\":\"+1 Mai degraba da\",\"a17\":\"+1 Mai degraba da\",\"a18\":\"+2 Da\",\"a19\":\"+1 Mai degraba da\",\"a20\":\"+1 Mai degraba da\",\"a21\":\"+2 Da\",\"a22\":\"6\",\"a23\":\"6\",\"a24\":\"5\",\"a25\":\"Nici acord, nici dezacord\",\"a26\":\"Acord moderat\",\"a27\":\"Acord usor\",\"a28\":\"Nici acord, nici dezacord\",\"a29\":\"Acord puternic\",\"a30\":\"Acord puternic\",\"a31\":\"Dezacord puternic\",\"a32\":\"Dezacord moderat\",\"a33\":\"cateodata\",\"a34\":\"des\",\"a35\":\"rar\",\"a36\":\"cateodata\",\"a37\":\"des\",\"a38\":\"cateodata\",\"a39\":\"cateodata\",\"a40\":\"cateodata\",\"a41\":\"cateodata\",\"a42\":\"des\",\"a43\":\"des\",\"a44\":\"Rar\",\"a45\":\"Influenta moderata\",\"a46\":\"Cateodata\",\"a47\":\"Influenta moderata\",\"a48\":\"Probabil nu\",\"a49\":\"Mai degraba neimportant decat important\",\"a50\":\"La fel de sensibil ca ceilalti\",\"a51\":\"9\",\"a52\":\"3\",\"a53\":\"2\"}'),(72,'','194.145.238.50','{\"a1\":\"mioara_mihali@yahoo.fr\",\"a2\":\"Feminin\",\"a3\":\"29\",\"a4\":\"2\",\"a5\":\"0\",\"a6\":\"0\",\"a7\":\"licenta sau masterat\",\"a8\":\"peste media din tara mea\",\"a9\":\"Catolic\",\"a10\":\"\",\"a11\":\"2\",\"a12\":\"-3 Dezacord puternic\",\"a13\":\"+2 Da\",\"a14\":\"+2 Da\",\"a15\":\"+2 Da\",\"a16\":\"+2 Da\",\"a17\":\"+2 Da\",\"a18\":\"+2 Da\",\"a19\":\"+2 Da\",\"a20\":\"+1 Mai degraba da\",\"a21\":\"+1 Mai degraba da\",\"a22\":\"7 foarte satisfacut\",\"a23\":\"7 foarte satisfacut\",\"a24\":\"7 foarte satisfacut\",\"a25\":\"Acord usor\",\"a26\":\"Acord puternic\",\"a27\":\"Acord moderat\",\"a28\":\"Acord puternic\",\"a29\":\"Dezacord usor\",\"a30\":\"Acord usor\",\"a31\":\"Dezacord puternic\",\"a32\":\"Dezacord puternic\",\"a33\":\"des\",\"a34\":\"des\",\"a35\":\"rar\",\"a36\":\"rar\",\"a37\":\"des\",\"a38\":\"des\",\"a39\":\"rar\",\"a40\":\"foarte des\",\"a41\":\"niciodata / foarte rar\",\"a42\":\"des\",\"a43\":\"cateodata\",\"a44\":\"Intotdeauna\",\"a45\":\"Foarte multa influenta\",\"a46\":\"Intotdeauna\",\"a47\":\"Foarte multa influenta\",\"a48\":\"Da\",\"a49\":\"Foarte important\",\"a50\":\"Mai sensibil decat ceilalti\",\"a51\":\"\",\"a52\":\"\",\"a53\":\"\"}'),(73,'','89.136.151.107','{\"a1\":\"izapopescu@gmail.com\",\"a2\":\"Feminin\",\"a3\":\"30\",\"a4\":\"4\",\"a5\":\"1\",\"a6\":\"1\",\"a7\":\"licenta sau masterat\",\"a8\":\"peste media din tara mea\",\"a9\":\"Ortodox\",\"a10\":\"\",\"a11\":\"2\",\"a12\":\"-1 Dezacord usor\",\"a13\":\"+2 Da\",\"a14\":\"+2 Da\",\"a15\":\"+2 Da\",\"a16\":\"+2 Da\",\"a17\":\"+2 Da\",\"a18\":\"+2 Da\",\"a19\":\"+2 Da\",\"a20\":\"+1 Mai degraba da\",\"a21\":\"+2 Da\",\"a22\":\"6\",\"a23\":\"6\",\"a24\":\"7 foarte satisfacut\",\"a25\":\"Acord moderat\",\"a26\":\"Acord puternic\",\"a27\":\"Dezacord usor\",\"a28\":\"Acord moderat\",\"a29\":\"Acord usor\",\"a30\":\"Acord puternic\",\"a31\":\"Dezacord usor\",\"a32\":\"Dezacord puternic\",\"a33\":\"des\",\"a34\":\"des\",\"a35\":\"rar\",\"a36\":\"cateodata\",\"a37\":\"cateodata\",\"a38\":\"des\",\"a39\":\"foarte des\",\"a40\":\"des\",\"a41\":\"niciodata / foarte rar\",\"a42\":\"foarte des\",\"a43\":\"des\",\"a44\":\"De obicei\",\"a45\":\"Foarte multa influenta\",\"a46\":\"De obicei\",\"a47\":\"Foarte multa influenta\",\"a48\":\"Probabil\",\"a49\":\"Foarte important\",\"a50\":\"Mai sensibil decat ceilalti\",\"a51\":\"3\",\"a52\":\"3\",\"a53\":\"2\"}'),(74,'','82.79.96.23','{\"a1\":\"\",\"a2\":\"Feminin\",\"a3\":\"41\",\"a4\":\"12\",\"a5\":\"0\",\"a6\":\"1\",\"a7\":\"licenta sau masterat\",\"a8\":\"similara cu media din tara mea\",\"a9\":\"Ortodox\",\"a10\":\"\",\"a11\":\"4 - moderat\",\"a12\":\"-2 Dezacord\",\"a13\":\"+2 Da\",\"a14\":\"+1 Mai degraba da\",\"a15\":\"+2 Da\",\"a16\":\"+2 Da\",\"a17\":\"+2 Da\",\"a18\":\"+2 Da\",\"a19\":\"+2 Da\",\"a20\":\"+1 Mai degraba da\",\"a21\":\"+2 Da\",\"a22\":\"6\",\"a23\":\"7 foarte satisfacut\",\"a24\":\"6\",\"a25\":\"Acord puternic\",\"a26\":\"Acord puternic\",\"a27\":\"Acord moderat\",\"a28\":\"Acord moderat\",\"a29\":\"Nici acord, nici dezacord\",\"a30\":\"Acord puternic\",\"a31\":\"Acord usor\",\"a32\":\"Dezacord usor\",\"a33\":\"des\",\"a34\":\"des\",\"a35\":\"rar\",\"a36\":\"rar\",\"a37\":\"rar\",\"a38\":\"des\",\"a39\":\"rar\",\"a40\":\"des\",\"a41\":\"des\",\"a42\":\"des\",\"a43\":\"des\",\"a44\":\"De obicei\",\"a45\":\"Multa influenta\",\"a46\":\"Intotdeauna\",\"a47\":\"Multa influenta\",\"a48\":\"Da\",\"a49\":\"Foarte important\",\"a50\":\"Mai sensibil decat ceilalti\",\"a51\":\"\",\"a52\":\"\",\"a53\":\"\"}'),(75,'','79.116.72.217','{\"a1\":\"a1\",\"a2\":\"Feminin\",\"a3\":\"a3\",\"a4\":\"a4\",\"a5\":\"a5\",\"a6\":\"a6\",\"a7\":\"licenta sau masterat\",\"a8\":\"mult mai scazuta fata de media din tara mea\",\"a9\":\"Alta\",\"a10\":\"a10\",\"a11\":\"7 - extrem de religios\",\"a12\":\"-3 Dezacord puternic\",\"a13\":\"-2 Nu\",\"a14\":\"-2 Nu\",\"a15\":\"-2 Nu\",\"a16\":\"-2 Nu\",\"a17\":\"-2 Nu\",\"a18\":\"-2 Nu\",\"a19\":\"-2 Nu\",\"a20\":\"-2 Nu\",\"a21\":\"-2 Nu\",\"a22\":\"7 foarte satisfacut\",\"a23\":\"7 foarte satisfacut\",\"a24\":\"7 foarte satisfacut\",\"a25\":\"Dezacord puternic\",\"a26\":\"Dezacord puternic\",\"a27\":\"Dezacord puternic\",\"a28\":\"Dezacord puternic\",\"a29\":\"Dezacord puternic\",\"a30\":\"Dezacord puternic\",\"a31\":\"Dezacord puternic\",\"a32\":\"Dezacord puternic\",\"a33\":\"foarte des\",\"a34\":\"foarte des\",\"a35\":\"foarte des\",\"a36\":\"foarte des\",\"a37\":\"foarte des\",\"a38\":\"foarte des\",\"a39\":\"foarte des\",\"a40\":\"foarte des\",\"a41\":\"foarte des\",\"a42\":\"foarte des\",\"a43\":\"foarte des\",\"a44\":\"Niciodata\",\"a45\":\"(Aproape) nu are influenta\",\"a46\":\"Niciodata\",\"a47\":\"(Aproape) nu are influenta\",\"a48\":\"Nu\",\"a49\":\"(Aproape) deloc important\",\"a50\":\"Mult mai putin sensibil decat ceilalti\",\"a51\":\"1\",\"a52\":\"1\",\"a53\":\"1\"}'),(76,'','89.121.222.40','{\"a1\":\"ioana_grady@yahoo.com\",\"a2\":\"Feminin\",\"a3\":\"31\",\"a4\":\"2\",\"a5\":\"1\",\"a6\":\"1\",\"a7\":\"licenta sau masterat\",\"a8\":\"similara cu media din tara mea\",\"a9\":\"Catolic\",\"a10\":\"\",\"a11\":\"5\",\"a12\":\"+1 Acord usor\",\"a13\":\"+2 Da\",\"a14\":\"+2 Da\",\"a15\":\"+2 Da\",\"a16\":\"+2 Da\",\"a17\":\"+2 Da\",\"a18\":\"+2 Da\",\"a19\":\"+2 Da\",\"a20\":\"+2 Da\",\"a21\":\"+2 Da\",\"a22\":\"6\",\"a23\":\"6\",\"a24\":\"6\",\"a25\":\"Acord usor\",\"a26\":\"Acord moderat\",\"a27\":\"Nici acord, nici dezacord\",\"a28\":\"Acord puternic\",\"a29\":\"Acord puternic\",\"a30\":\"Acord puternic\",\"a31\":\"Acord puternic\",\"a32\":\"Acord puternic\",\"a33\":\"foarte des\",\"a34\":\"foarte des\",\"a35\":\"niciodata / foarte rar\",\"a36\":\"rar\",\"a37\":\"foarte des\",\"a38\":\"des\",\"a39\":\"niciodata / foarte rar\",\"a40\":\"foarte des\",\"a41\":\"cateodata\",\"a42\":\"foarte des\",\"a43\":\"des\",\"a44\":\"Rar\",\"a45\":\"Multa influenta\",\"a46\":\"Rar\",\"a47\":\"Multa influenta\",\"a48\":\"Da\",\"a49\":\"Destul de important\",\"a50\":\"Mai putin sensibil decat ceilalti\",\"a51\":\"\",\"a52\":\"\",\"a53\":\"\"}'),(77,'','188.26.211.156','{\"a1\":\"lupucorina@yahoo.com\",\"a2\":\"Feminin\",\"a3\":\"36\",\"a4\":\"14\",\"a5\":\"1\",\"a6\":\"1\",\"a7\":\"licenta sau masterat\",\"a8\":\"similara cu media din tara mea\",\"a9\":\"Ortodox\",\"a10\":\"-\",\"a11\":\"4 - moderat\",\"a12\":\"+1 Acord usor\",\"a13\":\"+1 Mai degraba da\",\"a14\":\"0 Nici da nici nu\",\"a15\":\"+2 Da\",\"a16\":\"+2 Da\",\"a17\":\"+2 Da\",\"a18\":\"+2 Da\",\"a19\":\"+1 Mai degraba da\",\"a20\":\"0 Nici da nici nu\",\"a21\":\"+2 Da\",\"a22\":\"2\",\"a23\":\"4\",\"a24\":\"3\",\"a25\":\"Acord usor\",\"a26\":\"Acord moderat\",\"a27\":\"Acord usor\",\"a28\":\"Dezacord usor\",\"a29\":\"Dezacord usor\",\"a30\":\"Nici acord, nici dezacord\",\"a31\":\"Dezacord usor\",\"a32\":\"Dezacord usor\",\"a33\":\"rar\",\"a34\":\"cateodata\",\"a35\":\"cateodata\",\"a36\":\"des\",\"a37\":\"des\",\"a38\":\"rar\",\"a39\":\"des\",\"a40\":\"rar\",\"a41\":\"rar\",\"a42\":\"cateodata\",\"a43\":\"rar\",\"a44\":\"Rar\",\"a45\":\"Influenta moderata\",\"a46\":\"Intotdeauna\",\"a47\":\"Influenta moderata\",\"a48\":\"Poate\",\"a49\":\"Destul de important\",\"a50\":\"La fel de sensibil ca ceilalti\",\"a51\":\"\",\"a52\":\"\",\"a53\":\"\"}'),(78,'','79.113.72.79','{\"a1\":\"georgepolack@yahoo.com\",\"a2\":\"Masculin\",\"a3\":\"35\",\"a4\":\"6\",\"a5\":\"1\",\"a6\":\"1\",\"a7\":\"licenta sau masterat\",\"a8\":\"peste media din tara mea\",\"a9\":\"Ortodox\",\"a10\":\"\",\"a13\":\"+2 Da\",\"a14\":\"+2 Da\",\"a15\":\"+2 Da\",\"a16\":\"+2 Da\",\"a17\":\"+2 Da\",\"a18\":\"+2 Da\",\"a19\":\"+2 Da\",\"a20\":\"+2 Da\",\"a21\":\"+2 Da\",\"a22\":\"7 foarte satisfacut\",\"a23\":\"7 foarte satisfacut\",\"a24\":\"7 foarte satisfacut\",\"a25\":\"Acord moderat\",\"a26\":\"Acord moderat\",\"a27\":\"Acord usor\",\"a28\":\"Nici acord, nici dezacord\",\"a29\":\"Acord usor\",\"a30\":\"Acord puternic\",\"a31\":\"Nici acord, nici dezacord\",\"a32\":\"Nici acord, nici dezacord\",\"a33\":\"cateodata\",\"a34\":\"des\",\"a35\":\"cateodata\",\"a36\":\"rar\",\"a38\":\"rar\",\"a39\":\"cateodata\",\"a40\":\"des\",\"a41\":\"rar\",\"a42\":\"des\",\"a43\":\"des\",\"a44\":\"Cateodata\",\"a45\":\"(Aproape) nu are influenta\",\"a46\":\"Cateodata\",\"a47\":\"Influenta moderata\",\"a48\":\"Da\",\"a49\":\"Putin important\",\"a50\":\"La fel de sensibil ca ceilalti\",\"a51\":\"5\",\"a52\":\"5\",\"a53\":\"5\"}');
/*!40000 ALTER TABLE `marital_satiffaction` ENABLE KEYS */;
UNLOCK TABLES;

--
-- Table structure for table `multievaluator`
--

DROP TABLE IF EXISTS `multievaluator`;
/*!40101 SET @saved_cs_client     = @@character_set_client */;
/*!40101 SET character_set_client = utf8 */;
CREATE TABLE `multievaluator` (
  `subj_id` int(11) NOT NULL,
  `rel_subj_id` int(11) NOT NULL,
  `relation` int(1) NOT NULL,
  `response_id` varchar(50) NOT NULL,
  UNIQUE KEY `rel_subjects` (`subj_id`,`rel_subj_id`)
) ENGINE=InnoDB DEFAULT CHARSET=utf8;
/*!40101 SET character_set_client = @saved_cs_client */;

--
-- Dumping data for table `multievaluator`
--

LOCK TABLES `multievaluator` WRITE;
/*!40000 ALTER TABLE `multievaluator` DISABLE KEYS */;
INSERT INTO `multievaluator` VALUES (1,1,1,'5c666db0ce19b9f8bd32224c902fd54c'),(1,2,2,'bb715bf5041126286782361af1b0e434'),(2,1,1,'9fd8f2eff7d958d8e3779cbf258ca5ae'),(2,2,1,'21c15e6cd9bc59aa052ed8630e190403');
/*!40000 ALTER TABLE `multievaluator` ENABLE KEYS */;
UNLOCK TABLES;

--
-- Table structure for table `questionnaires`
--

DROP TABLE IF EXISTS `questionnaires`;
/*!40101 SET @saved_cs_client     = @@character_set_client */;
/*!40101 SET character_set_client = utf8 */;
CREATE TABLE `questionnaires` (
  `questionnaire_id` int(11) NOT NULL auto_increment,
  `name` text NOT NULL,
  `desc` text NOT NULL,
  `max_score` int(11) NOT NULL,
  `display_type` enum('normal','radial') NOT NULL,
  `quest_type` enum('normal','360') NOT NULL,
  PRIMARY KEY  (`questionnaire_id`)
) ENGINE=InnoDB AUTO_INCREMENT=13 DEFAULT CHARSET=utf8;
/*!40101 SET character_set_client = @saved_cs_client */;

--
-- Dumping data for table `questionnaires`
--

LOCK TABLES `questionnaires` WRITE;
/*!40000 ALTER TABLE `questionnaires` DISABLE KEYS */;
INSERT INTO `questionnaires` VALUES (1,'{\"ro\":\"Roata Profilului afectiv binar\",\"en\":\"Binary Affective Profile Wheel\"}','{\"ro\":\"In roata de mai jos veti gasi un numar de cuvinte si expresii care descriu diferite emotii si trairi. Cititi fiecare item si apoi marcati rspunsul adecvat.\",\"en\":\"In roata de mai jos veti gasi un numar de cuvinte si expresii care descriu diferite emotii si trairi. Cititi fiecare item si apoi marcati rspunsul adecvat.\"}',0,'radial','normal'),(2,'{\"ro\":\"Chestionar coaching subordonati\",\"en\":\"Chestionar coaching subordonati\"}','{\"ro\":\"Cititi cu atentie afirmatiile de mai jos si apreciati cat de bine descrie fiecare dintre aceste afirmatii comportamentele superiorului dvs. fata de dvs.\",\"en\":\"Cititi cu atentie afirmatiile de mai jos si apreciati cat de bine descrie fiecare dintre aceste afirmatii comportamentele superiorului dvs. fata de dvs.\"}',0,'normal','normal'),(3,'{\"ro\":\"Grila de evaluare observationala a abilitatilor de coaching\",\"en\":\"Grila de evaluare observationala a abilitatilor de coaching\"}','{\"ro\":\"descrere\",\"en\":\"description\"}',0,'normal','normal'),(4,'{\"ro\":\"M-RIBS angajati - sectiunea 1\",\"en\":\"M-RIBS angajati - section 1\"}','{\"ro\":\"Va rugam sa va ganditi la o situatie la serviciu in care munca dvs. nu a fost apreciata corect, nu a fost recunoscuta sau rasplatita pe masura. Incercati sa va amintiti gandurile pe care le-ati avut intr-o asemenea situatie si apreciati cat de mult reprezinta afirmatiile de mai jos gandurile pe care le-ati avut. \",\"en\":\"Va rugam sa va ganditi la o situatie la serviciu in care munca dvs. nu a fost apreciata corect, nu a fost recunoscuta sau rasplatita pe masura. Incercati sa va amintiti gandurile pe care le-ati avut intr-o asemenea situatie si apreciati cat de mult reprezinta afirmatiile de mai jos gandurile pe care le-ati avut.\"}',10,'normal','normal'),(5,'{\"ro\":\"M-RIBS angajati - sectiunea 2\",\"en\":\"M-RIBS angajati - section 2\"}','{\"ro\":\"Va rugam sa va ganditi la o situatie la serviciu cand ati avut rezultate slabe dvs. sau colegii/ echipa din care faceti parte. Incercati sa va amintiti gandurile pe care le-ati avut intr-o asemenea situatie si apreciati cat de mult reprezinta afirmatiile de mai jos gandurile pe care le-ati avut.\",\"en\":\"Va rugam sa va ganditi la o situatie la serviciu cand ati avut rezultate slabe dvs. sau colegii/ echipa din care faceti parte. Incercati sa va amintiti gandurile pe care le-ati avut intr-o asemenea situatie si apreciati cat de mult reprezinta afirmatiile de mai jos gandurile pe care le-ati avut.\"}',10,'normal','normal'),(6,'{\"ro\":\"M-RIBS angajati - sectiunea 3\",\"en\":\"M-RIBS angajati - section 3\"}','{\"ro\":\"Va rugam sa va ganditi la o situatie la serviciu in care v-ati simtit inconfortabil, stresati sau a trebui sa realizati activitati care nu va plac. Incercati sa va amintiti gandurile pe care le-ati avut intr-o asemenea situatie si apreciati cat de mult reprezinta afirmatiile de mai jos gandurile pe care le-ati avut.\",\"en\":\"Va rugam sa va ganditi la o situatie la serviciu in care v-ati simtit inconfortabil, stresati sau a trebui sa realizati activitati care nu va plac. Incercati sa va amintiti gandurile pe care le-ati avut intr-o asemenea situatie si apreciati cat de mult reprezinta afirmatiile de mai jos gandurile pe care le-ati avut.\"}',10,'normal','normal'),(7,'{\"ro\":\"M-RIBS manageri - sectiunea 1\",\"en\":\"M-RIBS managers - section 1\"}','{\"ro\":\"Va rugam sa va ganditi la o situatie la serviciu in care performanta dvs. nu a fost atat de buna precum va asteptati sau in care aceasta nu a fost apreciata. Incercati sa va amintiti gandurile pe care le-ati avut intr-o asemenea situatie si apreciati cat de mult reprezinta afirmatiile de mai jos gandurile pe care le-ati avut.\",\"en\":\"Va rugam sa va ganditi la o situatie la serviciu in care performanta dvs. nu a fost atat de buna precum va asteptati sau in care aceasta nu a fost apreciata. Incercati sa va amintiti gandurile pe care le-ati avut intr-o asemenea situatie si apreciati cat de mult reprezinta afirmatiile de mai jos gandurile pe care le-ati avut.\"}',10,'normal','normal'),(8,'{\"ro\":\"M-RIBS manageri - sectiunea 2\",\"en\":\"M-RIBS managers - section 2\"}','{\"ro\":\"Va rugam sa va ganditi la o situatie la serviciu in care performanta dvs. nu a fost atat de buna precum va asteptati sau in care aceasta nu a fost apreciata. Incercati sa va amintiti gandurile pe care le-ati avut intr-o asemenea situatie si apreciati cat de mult reprezinta afirmatiile de mai jos gandurile pe care le-ati avut.\",\"en\":\"Va rugam sa va ganditi la o situatie la serviciu in care performanta dvs. nu a fost atat de buna precum va asteptati sau in care aceasta nu a fost apreciata. Incercati sa va amintiti gandurile pe care le-ati avut intr-o asemenea situatie si apreciati cat de mult reprezinta afirmatiile de mai jos gandurile pe care le-ati avut.\"}',10,'normal','normal'),(9,'{\"ro\":\"M-RIBS manageri - sectiunea 3\",\"en\":\"M-RIBS managers - section 3\"}','{\"ro\":\"Va rugam sa va ganditi la o situatie la serviciu in care v-ati simtit stresati. Incercati sa va amintiti gandurile pe care le-ati avut intr-o asemenea situatie si apreciati cat de mult reprezinta afirmatiile de mai jos gandurile pe care le-ati avut.\",\"en\":\"Va rugam sa va ganditi la o situatie la serviciu in care v-ati simtit stresati. Incercati sa va amintiti gandurile pe care le-ati avut intr-o asemenea situatie si apreciati cat de mult reprezinta afirmatiile de mai jos gandurile pe care le-ati avut.\"}',10,'normal','normal'),(10,'{\"ro\":\"Informatii personale\",\"en\":\"Personal information\"}','{\"ro\":\"descriere\",\"en\":\"description\"}',0,'normal','normal'),(11,'{\"ro\":\"Profilul Distresului Afectiv \",\"en\":\"Profilul Distresului Afectiv \"}','{\"ro\":\"Mai jos va prezentam o lista de cuvinte care descriu emotiile pe care oamenii le au in diverse situatii. Cititi cu atentie fiecare cuvant, apoi marcati prin colorarea cerculetului corespunzator varianta care corespunde cel mai bine intrebarii: CUM V-ATI SIMTIT IN ULTIMELE  DOUA SAPTAMANI?\",\"en\":\"Mai jos va prezentam o lista de cuvinte care descriu emotiile pe care oamenii le au in diverse situatii. Cititi cu atentie fiecare cuvant, apoi marcati prin colorarea cerculetului corespunzator varianta care corespunde cel mai bine intrebarii: CUM V-ATI SIMTIT IN ULTIMELE  DOUA SAPTAMANI?\"}',10,'normal','normal'),(12,'{\"ro\":\"tester\",\"en\":\"tester\"}','{\"ro\":\"vvvvv\",\"en\":\"vvvvv\"}',2,'normal','360');
/*!40000 ALTER TABLE `questionnaires` ENABLE KEYS */;
UNLOCK TABLES;

--
-- Table structure for table `questions`
--

DROP TABLE IF EXISTS `questions`;
/*!40101 SET @saved_cs_client     = @@character_set_client */;
/*!40101 SET character_set_client = utf8 */;
CREATE TABLE `questions` (
  `question_id` int(11) NOT NULL auto_increment,
  `questionnaire_id` int(11) NOT NULL,
  `name` text NOT NULL,
  `type` enum('text','choice') NOT NULL,
  PRIMARY KEY  (`question_id`)
) ENGINE=InnoDB AUTO_INCREMENT=168 DEFAULT CHARSET=utf8;
/*!40101 SET character_set_client = @saved_cs_client */;

--
-- Dumping data for table `questions`
--

LOCK TABLES `questions` WRITE;
/*!40000 ALTER TABLE `questions` DISABLE KEYS */;
INSERT INTO `questions` VALUES (1,1,'{\"ro\":\"Depresie\",\"en\":\"Depresie\"}','choice'),(2,1,'{\"ro\":\"Tristete\",\"en\":\"Tristete\"}','choice'),(3,1,'{\"ro\":\"Anxietate\",\"en\":\"Anxietate\"}','choice'),(4,1,'{\"ro\":\"Preocupare\",\"en\":\"Preocupare\"}','choice'),(5,1,'{\"ro\":\"Rusine\",\"en\":\"Rusine\"}','choice'),(6,1,'{\"ro\":\"Dezamagire\",\"en\":\"Dezamagire\"}','choice'),(7,1,'{\"ro\":\"Vinovatie\",\"en\":\"Vinovatie\"}','choice'),(8,1,'{\"ro\":\"Remuscare\",\"en\":\"Remuscare\"}','choice'),(9,1,'{\"ro\":\"Invidie\",\"en\":\"Invidie\"}','choice'),(10,1,'{\"ro\":\"Resentimente\",\"en\":\"Resentimente\"}','choice'),(11,1,'{\"ro\":\"Gelozie\",\"en\":\"Gelozie\"}','choice'),(12,1,'{\"ro\":\"Rivalitate\",\"en\":\"Rivalitate\"}','choice'),(13,1,'{\"ro\":\"Dezgust\",\"en\":\"Dezgust\"}','choice'),(14,1,'{\"ro\":\"Aversiune\",\"en\":\"Aversiune\"}','choice'),(15,1,'{\"ro\":\"Furie\",\"en\":\"Furie\"}','choice'),(16,1,'{\"ro\":\"Enervare\",\"en\":\"Enervare\"}','choice'),(17,1,'{\"ro\":\"Implicare\",\"en\":\"Implicare\"}','choice'),(18,1,'{\"ro\":\"Interes\",\"en\":\"Interes\"}','choice'),(19,1,'{\"ro\":\"Ras\",\"en\":\"Ras\"}','choice'),(20,1,'{\"ro\":\"Amuzament\",\"en\":\"Amuzament\"}','choice'),(21,1,'{\"ro\":\"Fericire\",\"en\":\"Fericire\"}','choice'),(22,1,'{\"ro\":\"Veselie\",\"en\":\"Veselie\"}','choice'),(23,1,'{\"ro\":\"Satisfactie\",\"en\":\"Satisfactie\"}','choice'),(24,1,'{\"ro\":\"Multumire\",\"en\":\"Multumire\"}','choice'),(25,1,'{\"ro\":\"Dragoste\",\"en\":\"Dragoste\"}','choice'),(26,1,'{\"ro\":\"Tandrete\",\"en\":\"Tandrete\"}','choice'),(27,1,'{\"ro\":\"Despovarare\",\"en\":\"Despovarare\"}','choice'),(28,1,'{\"ro\":\"Usurare\",\"en\":\"Usurare\"}','choice'),(29,1,'{\"ro\":\"Mirare\",\"en\":\"Mirare\"}','choice'),(30,1,'{\"ro\":\"Surprindere\",\"en\":\"Surprindere\"}','choice'),(31,1,'{\"ro\":\"Dor\",\"en\":\"Dor\"}','choice'),(32,1,'{\"ro\":\"Nostalgie\",\"en\":\"Nostalgie\"}','choice'),(33,2,'{\"ro\":\"Formuleaza intrebari prin care sa incurajeze explorarea mai multor solutii pentru rezolvarea unei probleme sau sarcini.\",\"en\":\"Formuleaza intrebari prin care sa incurajeze explorarea mai multor solutii pentru rezolvarea unei probleme sau sarcini.\"}','choice'),(34,2,'{\"ro\":\"Ofera subordonatilor resurse, informatii sau idei pentru a depasi problemele cu care se confrunta.\",\"en\":\"Ofera subordonatilor resurse, informatii sau idei pentru a depasi problemele cu care se confrunta.\"}','choice'),(35,2,'{\"ro\":\"Responsabilizeaza subordonatii cu privire la rezultatele si deciziile acestora.\",\"en\":\"Responsabilizeaza subordonatii cu privire la rezultatele si deciziile acestora.\"}','choice'),(36,2,'{\"ro\":\"Ofera indrumare spre a gasi solutii la probleme, mai degraba decat sa indice direct solutiile.\",\"en\":\"Ofera indrumare spre a gasi solutii la probleme, mai degraba decat sa indice direct solutiile.\"}','choice'),(37,2,'{\"ro\":\"Ofera feedback pozitiv pentru elementele sarcinii bine indeplinite.\",\"en\":\"Ofera feedback pozitiv pentru elementele sarcinii bine indeplinite.\"}','choice'),(38,2,'{\"ro\":\"Ofera feedback negativ constructiv pentru elementele sarcinii care nu ating standardele de performanta sau calitate.\",\"en\":\"Ofera feedback negativ constructiv pentru elementele sarcinii care nu ating standardele de performanta sau calitate.\"}','choice'),(39,2,'{\"ro\":\"Solicita feedback din partea subordonatilor.\",\"en\":\"Solicita feedback din partea subordonatilor.\"}','choice'),(40,2,'{\"ro\":\"Asista subordonatul in depasirea problemelor prin construirea unui plan de rezolvare a acestora.\",\"en\":\"Asista subordonatul in depasirea problemelor prin construirea unui plan de rezolvare a acestora.\"}','choice'),(41,2,'{\"ro\":\"Ofera subordonatilor oportunitati formale sau informale de invatare, cum ar fi participarea lor la sedintele departamentale, delegarea unui mentor sau altele similare.\",\"en\":\"Ofera subordonatilor oportunitati formale sau informale de invatare, cum ar fi participarea lor la sedintele departamentale, delegarea unui mentor sau altele similare.\"}','choice'),(42,2,'{\"ro\":\"si comunica expectantele legate de performanta pe care o asteapta de la subordonati si de modul de finalizare a sarcinilor date.\",\"en\":\"si comunica expectantele legate de performanta pe care o asteapta de la subordonati si de modul de finalizare a sarcinilor date.\"}','choice'),(43,2,'{\"ro\":\"Stabileste pentru angajati obiective clare legate de sarcini si performanta.\",\"en\":\"Stabileste pentru angajati obiective clare legate de sarcini si performanta.\"}','choice'),(44,2,'{\"ro\":\"Priveste lucrurile si din perspectiva altor persoane, inclusiv cea a subordonatului.\",\"en\":\"Priveste lucrurile si din perspectiva altor persoane, inclusiv cea a subordonatului.\"}','choice'),(45,2,'{\"ro\":\"ncurajeaza subordonatii sa adopte perspective diferite asupra sarcinilor sau problemelor.\",\"en\":\"ncurajeaza subordonatii sa adopte perspective diferite asupra sarcinilor sau problemelor.\"}','choice'),(46,2,'{\"ro\":\"Foloseste analogii, scenarii, metafore si exemple pentru a facilita gasirea solutiilor la probleme.\",\"en\":\"Foloseste analogii, scenarii, metafore si exemple pentru a facilita gasirea solutiilor la probleme.\"}','choice'),(47,2,'{\"ro\":\"Aduce persoane din exterior care sa faciliteze invatarea, atunci cand a epuizat toate celelalte solutii.\",\"en\":\"Aduce persoane din exterior care sa faciliteze invatarea, atunci cand a epuizat toate celelalte solutii.\"}','choice'),(50,3,'{\"ro\":\"Comunicarea obiectivelor\",\"en\":\"Comunicarea obiectivelor\"}','choice'),(51,3,'{\"ro\":\"Intrebari de ghidare\",\"en\":\"Intrebari de ghidare\"}','choice'),(52,3,'{\"ro\":\"Sumarizare\",\"en\":\"Sumarizare\"}','choice'),(53,3,'{\"ro\":\"Feedback pozitiv\",\"en\":\"Feedback pozitiv\"}','choice'),(54,3,'{\"ro\":\"Feedback negativ constructiv\",\"en\":\"Feedback negativ constructiv\"}','choice'),(55,3,'{\"ro\":\"Perspective diferite\",\"en\":\"Perspective diferite\"}','choice'),(56,3,'{\"ro\":\"Analogii, scenarii, metafore\",\"en\":\"Analogii, scenarii, metafore\"}','choice'),(57,3,'{\"ro\":\"Ghidarea construirii planului de rezolvare a sarcinii (De ex. Ce te-ai gandit sa faci? Acopera tot ceea ce ti-ai propus tu? Mai sunt alte lucruri de luat in considerare in acest plan?)\",\"en\":\"Ghidarea construirii planului de rezolvare a sarcinii (De ex. Ce te-ai gandit sa faci? Acopera tot ceea ce ti-ai propus tu? Mai sunt alte lucruri de luat in considerare in acest plan?)\"}','choice'),(58,3,'{\"ro\":\"Obstacole viitoare\",\"en\":\"Obstacole viitoare\"}','choice'),(59,3,'{\"ro\":\"Evaluarea subordonatului\",\"en\":\"Evaluarea subordonatului\"}','choice'),(60,3,'{\"ro\":\"Expectante\",\"en\":\"Expectante\"}','choice'),(61,3,'{\"ro\":\"Incercuiti varianta potrivita\",\"en\":\"Incercuiti varianta potrivita\"}','choice'),(62,4,'{\"ro\":\"Trebuie neaparat sa fiu apreciat/a corect si recompensat pentru  eforturile mele in munca pe care o defasor. \",\"en\":\"Trebuie neaparat sa fiu apreciat/a corect si recompensat pentru  eforturile mele in munca pe care o defasor. \"}','choice'),(63,4,'{\"ro\":\"Imi doresc foarte mult sa fiu apreciat/a pentru munca mea, dar realizez si accept ca lucrurile nu trebuie sa fie intotdeauna asa cum vreau eu sa fie. \",\"en\":\"Imi doresc foarte mult sa fiu apreciat/a pentru munca mea, dar realizez si accept ca lucrurile nu trebuie sa fie intotdeauna asa cum vreau eu sa fie. \"}','choice'),(64,4,'{\"ro\":\"Este ingrozitor cand nu sunt apreciat/a pentru eforturi si nu mi se recunosc meritele. \",\"en\":\"Este ingrozitor cand nu sunt apreciat/a pentru eforturi si nu mi se recunosc meritele. \"}','choice'),(65,4,'{\"ro\":\"Daca nu nu sunt apreciat/a la serviciu si recompensat/a pe masura eforturilor, inseamna ca nu sunt bun de nimic.\",\"en\":\"Daca nu nu sunt apreciat/a la serviciu si recompensat/a pe masura eforturilor, inseamna ca nu sunt bun de nimic.\"}','choice'),(66,4,'{\"ro\":\"Este insuportabil si nu pot tolera sa nu fiu apreciat/a si tratat/a corect in munca pe care o desfasor.\",\"en\":\"Este insuportabil si nu pot tolera sa nu fiu apreciat/a si tratat/a corect in munca pe care o desfasor.\"}','choice'),(67,4,'{\"ro\":\"Pot suporta atunci cand nu sunt apreciat/a si recompensat/a pentru munca mea, chiar daca imi este dificil sa tolerez acest lucru. \",\"en\":\"Pot suporta atunci cand nu sunt apreciat/a si recompensat/a pentru munca mea, chiar daca imi este dificil sa tolerez acest lucru. \"}','choice'),(68,4,'{\"ro\":\"Imi doresc mult sa fiu apreciat/a si recompensat/a pentru eforturile depuse in munca mea, dar asta nu inseamna ca trebuie cu necesitate sa fiu. \",\"en\":\"Imi doresc mult sa fiu apreciat/a si recompensat/a pentru eforturile depuse in munca mea, dar asta nu inseamna ca trebuie cu necesitate sa fiu. \"}','choice'),(69,4,'{\"ro\":\"Este neplacut si regretabil sa nu fii apreciat/a pentru munca ta, dar nu este groaznic.\",\"en\":\"Este neplacut si regretabil sa nu fii apreciat/a pentru munca ta, dar nu este groaznic.\"}','choice'),(70,4,'{\"ro\":\"Atunci cand ceilalti nu ma apreciaza si nu imi recunoasc meritele, ma gandesc ca sunt incompetenti sau nu sunt buni de nimic. \",\"en\":\"Atunci cand ceilalti nu ma apreciaza si nu imi recunoasc meritele, ma gandesc ca sunt incompetenti sau nu sunt buni de nimic. \"}','choice'),(71,4,'{\"ro\":\"Atunci cand nu sunt apreciat si recompensat corespunzator pentru munca mea, ma pot accepta ca fiind valoros si competent in ciuda acestui lucru. \",\"en\":\"Atunci cand nu sunt apreciat si recompensat corespunzator pentru munca mea, ma pot accepta ca fiind valoros si competent in ciuda acestui lucru. \"}','choice'),(72,5,'{\"ro\":\"Trebuie neaparat sa am realizari in sfera profesionala si sa lucrez cu persoane competente, de la care sa pot invata, la serviciu. \",\"en\":\"Trebuie neaparat sa am realizari in sfera profesionala si sa lucrez cu persoane competente, de la care sa pot invata, la serviciu. \"}','choice'),(73,5,'{\"ro\":\"Imi doresc foarte mult sa sa am realizari profesionale si sa lucrez cu persoane competente si motivate in echipa, dar asta nu inseamna ca trebuie neparat sa se intample acest lucru. \",\"en\":\"Imi doresc foarte mult sa sa am realizari profesionale si sa lucrez cu persoane competente si motivate in echipa, dar asta nu inseamna ca trebuie neparat sa se intample acest lucru. \"}','choice'),(74,5,'{\"ro\":\"Este groaznic daca nu am realizari in sfera profesionala si nu am sansa sa lucrez cu persoane competente la serviciu. \",\"en\":\"Este groaznic daca nu am realizari in sfera profesionala si nu am sansa sa lucrez cu persoane competente la serviciu. \"}','choice'),(75,5,'{\"ro\":\"Daca persoanele cu care lucrez la serviciu nu sunt pregatite foarte bine profesional, inseamna ca sunt incompetente si fara valoare. \",\"en\":\"Daca persoanele cu care lucrez la serviciu nu sunt pregatite foarte bine profesional, inseamna ca sunt incompetente si fara valoare. \"}','choice'),(76,5,'{\"ro\":\"Este de nesuportat si nu pot tolera daca nu am realizarile asteptate in sfera profesionala si sa lucrez cu persoane mai nemotivate sau nepregatite la serviciu. \",\"en\":\"Este de nesuportat si nu pot tolera daca nu am realizarile asteptate in sfera profesionala si sa lucrez cu persoane mai nemotivate sau nepregatite la serviciu. \"}','choice'),(77,5,'{\"ro\":\"Pot tolera chiar daca nu apar realizarile asteptate in sfera profesionala sau lucrez cu persoane mai putin motivate si competente decat mi-ar placea in echipa, desi imi este greu sa tolerez acest lucru.  \",\"en\":\"Pot tolera chiar daca nu apar realizarile asteptate in sfera profesionala sau lucrez cu persoane mai putin motivate si competente decat mi-ar placea in echipa, desi imi este greu sa tolerez acest lucru.  \"}','choice'),(78,5,'{\"ro\":\"Imi doresc foarte mult sa sa am realizari in sfera profesionala si sa lucrez cu persoane competente si motivate in echipa, dar realizez si accept ca lucrurile nu trebuie sa fie intotdeauna asa cum doresc eu sa fie. \",\"en\":\"Imi doresc foarte mult sa sa am realizari in sfera profesionala si sa lucrez cu persoane competente si motivate in echipa, dar realizez si accept ca lucrurile nu trebuie sa fie intotdeauna asa cum doresc eu sa fie. \"}','choice'),(79,5,'{\"ro\":\"Este neplacut si regretabil sa nu am realizarile dorite in sfera profesionala si sa lucrez cu persoane mai putin competente si motivate decat mi-as dori in echipa, dar nu este ingrozitor.  \",\"en\":\"Este neplacut si regretabil sa nu am realizarile dorite in sfera profesionala si sa lucrez cu persoane mai putin competente si motivate decat mi-as dori in echipa, dar nu este ingrozitor.  \"}','choice'),(80,5,'{\"ro\":\"Atunci cand nu sa am realizari in sfera profesionala si  lucrez cu persoane incompetente in echipa, ma consider si eu incompetent si bun de nimic. \",\"en\":\"Atunci cand nu sa am realizari in sfera profesionala si  lucrez cu persoane incompetente in echipa, ma consider si eu incompetent si bun de nimic. \"}','choice'),(81,5,'{\"ro\":\"Atunci cand nu am realizari profesionale si sa lucrez cu persoane mai putin pregatite si motivate in echipa, ii pot accepta ca fiind competenti si valorosi ca oameni in ciuda acestui lucru. \",\"en\":\"Atunci cand nu am realizari profesionale si sa lucrez cu persoane mai putin pregatite si motivate in echipa, ii pot accepta ca fiind competenti si valorosi ca oameni in ciuda acestui lucru. \"}','choice'),(82,6,'{\"ro\":\"Trebuie neparat sa ma simt confortabil si sa fac activitati de nivelul competentei mele la serviciu. \",\"en\":\"Trebuie neparat sa ma simt confortabil si sa fac activitati de nivelul competentei mele la serviciu. \"}','choice'),(83,6,'{\"ro\":\"Imi doresc foarte mult sa ma simt confortabil si sa realizez activitatile de competenta mea la serviciu, dar nu trebuie neparat sa se intample acest lucru.\",\"en\":\"Imi doresc foarte mult sa ma simt confortabil si sa realizez activitatile de competenta mea la serviciu, dar nu trebuie neparat sa se intample acest lucru.\"}','choice'),(84,6,'{\"ro\":\"Este groaznic daca ma simt inconfortabil, stresat sau realizez activitati care nu imi fac placere  la serviciu. \",\"en\":\"Este groaznic daca ma simt inconfortabil, stresat sau realizez activitati care nu imi fac placere  la serviciu. \"}','choice'),(85,6,'{\"ro\":\"Daca atmosfera de la serviciu este una tensionata sau sarcinile mele nu sunt adaptate nivelului meu, asta ma face sa simt ca nu sunt bun de nimic.  \",\"en\":\"Daca atmosfera de la serviciu este una tensionata sau sarcinile mele nu sunt adaptate nivelului meu, asta ma face sa simt ca nu sunt bun de nimic.  \"}','choice'),(86,6,'{\"ro\":\"Este intolerabil si nu pot suporta atunci cand ma simt inconfortabil si stresat la munca sau cand am de realizat activitati neplacute. \",\"en\":\"Este intolerabil si nu pot suporta atunci cand ma simt inconfortabil si stresat la munca sau cand am de realizat activitati neplacute. \"}','choice'),(87,6,'{\"ro\":\"Pot suporta sa ma simt inconfortabil/ stresat la serviciu sau sa realizez sarcini acre nu imi convin, desi imi este greu sa tolerez acest lucru. \",\"en\":\"Pot suporta sa ma simt inconfortabil/ stresat la serviciu sau sa realizez sarcini acre nu imi convin, desi imi este greu sa tolerez acest lucru. \"}','choice'),(88,6,'{\"ro\":\"Imi doresc foarte mult sa fiu intr-o atmosfera placuta, sa ma simt confortabil la serviciu si sa-mi placa ceea ce fac, dar realizez ca lucrurile nu trebuie sa fie intotdeauna asa cum doresc eu sa fie. \",\"en\":\"Imi doresc foarte mult sa fiu intr-o atmosfera placuta, sa ma simt confortabil la serviciu si sa-mi placa ceea ce fac, dar realizez ca lucrurile nu trebuie sa fie intotdeauna asa cum doresc eu sa fie. \"}','choice'),(89,6,'{\"ro\":\"Este neplacut si regretabil sa ma simt tensionat si inconfortabil la serviciu, dar nu este groaznic. \",\"en\":\"Este neplacut si regretabil sa ma simt tensionat si inconfortabil la serviciu, dar nu este groaznic. \"}','choice'),(90,6,'{\"ro\":\"Atunci cand devin stresat la serviciu sau primesc sarcini inadecvate, ma gandesc ca ceilalti sunt incompetenti si fara valoare. \",\"en\":\"Atunci cand devin stresat la serviciu sau primesc sarcini inadecvate, ma gandesc ca ceilalti sunt incompetenti si fara valoare. \"}','choice'),(91,6,'{\"ro\":\"Atunci cand devin stresat la serviciu si nesatisfacut de ceea ce fac, ma pot accepta ca fiind valoros si competent in ciuda disconfortului si insatisfactiei mele.  \",\"en\":\"Atunci cand devin stresat la serviciu si nesatisfacut de ceea ce fac, ma pot accepta ca fiind valoros si competent in ciuda disconfortului si insatisfactiei mele.  \"}','choice'),(92,7,'{\"ro\":\"Trebuie neaparat sa obtin performante ridicate si sa fiu apreciat in munca pe care o defasor.\",\"en\":\"Trebuie neaparat sa obtin performante ridicate si sa fiu apreciat in munca pe care o defasor.\"}','choice'),(93,7,'{\"ro\":\"Atunci cand nu obtin performante ridicate si nu sunt apreciat, ma gandesc ca sunt incompetent sau fara valoare.\",\"en\":\"Atunci cand nu obtin performante ridicate si nu sunt apreciat, ma gandesc ca sunt incompetent sau fara valoare.\"}','choice'),(94,7,'{\"ro\":\"Daca nu am rezultate ridicate si nu sunt apreciat la serviciu, inseamna ca sunt fara valoare ca om.\",\"en\":\"Daca nu am rezultate ridicate si nu sunt apreciat la serviciu, inseamna ca sunt fara valoare ca om.\"}','choice'),(95,7,'{\"ro\":\"Este ingrozitor cand nu obtin performante ridicate si nu sunt apreciat.\",\"en\":\"Este ingrozitor cand nu obtin performante ridicate si nu sunt apreciat.\"}','choice'),(96,7,'{\"ro\":\"Este insuportabil si nu pot tolera sa nu am rezultate ridicate si sa fiu apreciat in munca pe care o desfasor.\",\"en\":\"Este insuportabil si nu pot tolera sa nu am rezultate ridicate si sa fiu apreciat in munca pe care o desfasor.\"}','choice'),(97,7,'{\"ro\":\"Pot suporta atunci cand nu am rezultate ridicate si nu sunt apreciat in munca mea, chiar daca imi este dificil sa tolerez acest lucru.\",\"en\":\"Pot suporta atunci cand nu am rezultate ridicate si nu sunt apreciat in munca mea, chiar daca imi este dificil sa tolerez acest lucru.\"}','choice'),(98,7,'{\"ro\":\"Imi doresc foarte mult sa am rezultate bune si sa fiu apreciat pentru munca mea, dar realizez si accept ca lucrurile nu trebuie sa fie intotdeauna asa cum vreau eu sa fie.\",\"en\":\"Imi doresc foarte mult sa am rezultate bune si sa fiu apreciat pentru munca mea, dar realizez si accept ca lucrurile nu trebuie sa fie intotdeauna asa cum vreau eu sa fie.\"}','choice'),(99,7,'{\"ro\":\"Este neplacut si regretabil sa nu ai rezultate ridicate si sa nu fii apreciat pentru munca ta, dar nu este groaznic.\",\"en\":\"Este neplacut si regretabil sa nu ai rezultate ridicate si sa nu fii apreciat pentru munca ta, dar nu este groaznic.\"}','choice'),(100,7,'{\"ro\":\"Atunci cand nu obtin performante ridicate si nu sunt apreciat, ma pot accepta ca fiind valoros si competent in ciuda performantei mele.\",\"en\":\"Atunci cand nu obtin performante ridicate si nu sunt apreciat, ma pot accepta ca fiind valoros si competent in ciuda performantei mele.\"}','choice'),(101,7,'{\"ro\":\"Imi doresc mult sa obtin performante ridicate si sa fiu printre cei mai buni in munca pe care o desfasor, dar asta nu inseamna ca trebuie cu necesitate sa fiu.\",\"en\":\"Imi doresc mult sa obtin performante ridicate si sa fiu printre cei mai buni in munca pe care o desfasor, dar asta nu inseamna ca trebuie cu necesitate sa fiu.\"}','choice'),(102,8,'{\"ro\":\"Trebuie neaparat sa detin controlul asupra ceea ce se intampla la serviciu.\",\"en\":\"Trebuie neaparat sa detin controlul asupra ceea ce se intampla la serviciu.\"}','choice'),(103,8,'{\"ro\":\"Imi doresc foarte mult sa detin controlul la serviciu, dar nu trebuie neparat sa se intample acest lucru.\",\"en\":\"Imi doresc foarte mult sa detin controlul la serviciu, dar nu trebuie neparat sa se intample acest lucru.\"}','choice'),(104,8,'{\"ro\":\"Este groaznic daca nu detin controlul total asupra situatiilor de la serviciu.\",\"en\":\"Este groaznic daca nu detin controlul total asupra situatiilor de la serviciu.\"}','choice'),(105,8,'{\"ro\":\"Daca nu detin controlul total asupra ceea ce se intampla la serviciu, inseamna ca sunt incompetent si fara valoare.\",\"en\":\"Daca nu detin controlul total asupra ceea ce se intampla la serviciu, inseamna ca sunt incompetent si fara valoare.\"}','choice'),(106,8,'{\"ro\":\"Este de nesuportat si nu pot tolera sa nu am control asupra ceea ce se petrece la serviciu.\",\"en\":\"Este de nesuportat si nu pot tolera sa nu am control asupra ceea ce se petrece la serviciu.\"}','choice'),(107,8,'{\"ro\":\"Pot tolera sa nu am control asupra ceea ce se petrece la serviciu, desi imi este greu sa tolerez acest lucru.\",\"en\":\"Pot tolera sa nu am control asupra ceea ce se petrece la serviciu, desi imi este greu sa tolerez acest lucru.\"}','choice'),(108,8,'{\"ro\":\"Imi doresc foarte mult sa nu pierd controlul la serviciu, dar realizez si accept ca lucrurile nu trebuie sa fie intotdeauna asa cum doresc eu sa fie.\",\"en\":\"Imi doresc foarte mult sa nu pierd controlul la serviciu, dar realizez si accept ca lucrurile nu trebuie sa fie intotdeauna asa cum doresc eu sa fie.\"}','choice'),(109,8,'{\"ro\":\"Este neplacut si regretabil sa nu detin controlul total asupra ce se intampla la serviciu, dar nu este ingrozitor.\",\"en\":\"Este neplacut si regretabil sa nu detin controlul total asupra ce se intampla la serviciu, dar nu este ingrozitor.\"}','choice'),(110,8,'{\"ro\":\"Atunci cand nu detin controlul total asupra ce se intampla la serviciu, ma consider incompetent si lipsit de valoare.\",\"en\":\"Atunci cand nu detin controlul total asupra ce se intampla la serviciu, ma consider incompetent si lipsit de valoare.\"}','choice'),(111,8,'{\"ro\":\"Atunci cand nu detin controlul total asupra ce se intampla la serviciu, ma pot accepta ca fiind competent si valoros in ciuda performantei mele.\",\"en\":\"Atunci cand nu detin controlul total asupra ce se intampla la serviciu, ma pot accepta ca fiind competent si valoros in ciuda performantei mele.\"}','choice'),(112,9,'{\"ro\":\"Trebuie neparat sa ma simt confortabil emotional si sa nu fiu stresat la serviciu.\",\"en\":\"Trebuie neparat sa ma simt confortabil emotional si sa nu fiu stresat la serviciu.\"}','choice'),(113,9,'{\"ro\":\"Imi doresc foarte mult sa ma simt confortabil emotional si sa nu fiu stresat la serviciu, dar nu trebuie neparat sa se intample acest lucru.\",\"en\":\"Imi doresc foarte mult sa ma simt confortabil emotional si sa nu fiu stresat la serviciu, dar nu trebuie neparat sa se intample acest lucru.\"}','choice'),(114,9,'{\"ro\":\"Este groaznic daca ma simt stresat la serviciu.\",\"en\":\"Este groaznic daca ma simt stresat la serviciu.\"}','choice'),(115,9,'{\"ro\":\"Daca ma simt stresat la serviciu inseamna ca sunt lipsit de valoare ca om.\",\"en\":\"Daca ma simt stresat la serviciu inseamna ca sunt lipsit de valoare ca om.\"}','choice'),(116,9,'{\"ro\":\"Este intolerabil si nu pot suporta sa ma simt stresat la munca.\",\"en\":\"Este intolerabil si nu pot suporta sa ma simt stresat la munca.\"}','choice'),(117,9,'{\"ro\":\"Pot suporta sa ma simt stresat la serviciu, desi imi este greu sa tolerez acest lucru.\",\"en\":\"Pot suporta sa ma simt stresat la serviciu, desi imi este greu sa tolerez acest lucru.\"}','choice'),(118,9,'{\"ro\":\"Imi doresc foarte mult sa nu ma simt stresat la lerviciu, dar realizez ca lucrurile nu trebuie sa fie intotdeauna asa cum doresc eu sa fie.\",\"en\":\"Imi doresc foarte mult sa nu ma simt stresat la lerviciu, dar realizez ca lucrurile nu trebuie sa fie intotdeauna asa cum doresc eu sa fie.\"}','choice'),(119,9,'{\"ro\":\"Este neplacut si regretabil sa ma simt stresat la serviciu, dar nu este groaznic.\",\"en\":\"Este neplacut si regretabil sa ma simt stresat la serviciu, dar nu este groaznic.\"}','choice'),(120,9,'{\"ro\":\"Atunci cand devin stresat la serviciu, ma gandesc ca sunt incompetent si fara valoare.\",\"en\":\"Atunci cand devin stresat la serviciu, ma gandesc ca sunt incompetent si fara valoare.\"}','choice'),(121,9,'{\"ro\":\"Atunci cand devin stresat la serviciu, ma pot accepta ca fiind valoros si competent in ciuda disconfortului meu emotional.\",\"en\":\"Atunci cand devin stresat la serviciu, ma pot accepta ca fiind valoros si competent in ciuda disconfortului meu emotional.\"}','choice'),(122,10,'{\"ro\":\"Numele si prenumele\",\"en\":\"Numele si prenumele\"}','text'),(123,10,'{\"ro\":\"Varsta\",\"en\":\"Varsta\"}','text'),(124,11,'{\"ro\":\"Optimist (a)\",\"en\":\"Optimist (a)\"}','choice'),(125,11,'{\"ro\":\"Tensionat (a)\",\"en\":\"Tensionat (a)\"}','choice'),(126,11,'{\"ro\":\"Trist (a)\",\"en\":\"Trist (a)\"}','choice'),(127,11,'{\"ro\":\"Melancolic (a)\",\"en\":\"Melancolic (a)\"}','choice'),(128,11,'{\"ro\":\"Vesel (a)\",\"en\":\"Vesel (a)\"}','choice'),(129,11,'{\"ro\":\"Nefolositor (Nefolositoare)\",\"en\":\"Nefolositor (Nefolositoare)\"}','choice'),(130,11,'{\"ro\":\"Ingrijorat (a)\",\"en\":\"Ingrijorat (a)\"}','choice'),(131,11,'{\"ro\":\"Amarat (a)\",\"en\":\"Amarat (a)\"}','choice'),(132,11,'{\"ro\":\"Infuriat (a)\",\"en\":\"Infuriat (a)\"}','choice'),(133,11,'{\"ro\":\"Fericit (a)\",\"en\":\"Fericit (a)\"}','choice'),(134,11,'{\"ro\":\"Anxios (Anxioasa)\",\"en\":\"Anxios (Anxioasa)\"}','choice'),(135,11,'{\"ro\":\"Depresiv (a)\",\"en\":\"Depresiv (a)\"}','choice'),(136,11,'{\"ro\":\"Bucuros (bucuroasa)\",\"en\":\"Bucuros (bucuroasa)\"}','choice'),(137,11,'{\"ro\":\"Preocupat (a)\",\"en\":\"Preocupat (a)\"}','choice'),(138,11,'{\"ro\":\"Voios (voioasa)\",\"en\":\"Voios (voioasa)\"}','choice'),(139,11,'{\"ro\":\"Iritat\",\"en\":\"Iritat\"}','choice'),(140,11,'{\"ro\":\"Inspaimantat (a)\",\"en\":\"Inspaimantat (a)\"}','choice'),(141,11,'{\"ro\":\"Deprimat (a)\",\"en\":\"Deprimat (a)\"}','choice'),(142,11,'{\"ro\":\"Multumit (a)\",\"en\":\"Multumit (a)\"}','choice'),(143,11,'{\"ro\":\"Necajit (a)\",\"en\":\"Necajit (a)\"}','choice'),(144,11,'{\"ro\":\"Incordat (a)\",\"en\":\"Incordat (a)\"}','choice'),(145,11,'{\"ro\":\"Morocanos (a)\",\"en\":\"Morocanos (a)\"}','choice'),(146,11,'{\"ro\":\"Satisfacut (a)\",\"en\":\"Satisfacut (a)\"}','choice'),(147,11,'{\"ro\":\"Mahnit (a)\",\"en\":\"Mahnit (a)\"}','choice'),(148,11,'{\"ro\":\"Ingrozit (a)\",\"en\":\"Ingrozit (a)\"}','choice'),(149,11,'{\"ro\":\"Nervos (Nervoasa)\",\"en\":\"Nervos (Nervoasa)\"}','choice'),(150,11,'{\"ro\":\"Incantat (a)\",\"en\":\"Incantat (a)\"}','choice'),(151,11,'{\"ro\":\"Entuziast (a)\",\"en\":\"Entuziast (a)\"}','choice'),(152,11,'{\"ro\":\"Nemutumit (a)\",\"en\":\"Nemutumit (a)\"}','choice'),(153,11,'{\"ro\":\"Indurerat (a)\",\"en\":\"Indurerat (a)\"}','choice'),(154,11,'{\"ro\":\"Alarmat (a)\",\"en\":\"Alarmat (a)\"}','choice'),(155,11,'{\"ro\":\"Bine dispus (a)\",\"en\":\"Bine dispus (a)\"}','choice'),(156,11,'{\"ro\":\"Panicat (a)\",\"en\":\"Panicat (a)\"}','choice'),(157,11,'{\"ro\":\"Suparat (a)\",\"en\":\"Suparat (a)\"}','choice'),(158,11,'{\"ro\":\"Distrus (a)\",\"en\":\"Distrus (a)\"}','choice'),(159,11,'{\"ro\":\"Jovial (a)\",\"en\":\"Jovial (a)\"}','choice'),(160,11,'{\"ro\":\"Disperat (a)\",\"en\":\"Disperat (a)\"}','choice'),(161,11,'{\"ro\":\"Dinamic (a)\",\"en\":\"Dinamic (a)\"}','choice'),(162,11,'{\"ro\":\"Nelinistit (a)\",\"en\":\"Nelinistit (a)\"}','choice'),(163,11,'{\"ro\":\"Furios (a)\",\"en\":\"Furios (a)\"}','choice'),(164,11,'{\"ro\":\"Infricosat (a)\",\"en\":\"Infricosat (a)\"}','choice'),(165,11,'{\"ro\":\"Plin (a) de vitalitate\",\"en\":\"Plin (a) de vitalitate\"}','choice'),(166,11,'{\"ro\":\"Deznadajduit (a)\",\"en\":\"Deznadajduit (a)\"}','choice'),(167,12,'{\"ro\":\"aaaaaaaaa\",\"en\":\"aaaaaaaaaaaa\"}','choice');
/*!40000 ALTER TABLE `questions` ENABLE KEYS */;
UNLOCK TABLES;

--
-- Table structure for table `ratings`
--

DROP TABLE IF EXISTS `ratings`;
/*!40101 SET @saved_cs_client     = @@character_set_client */;
/*!40101 SET character_set_client = utf8 */;
CREATE TABLE `ratings` (
  `rating_id` int(11) NOT NULL auto_increment,
  `questionnaire_id` int(11) NOT NULL,
  `min_val` int(11) NOT NULL,
  `max_val` int(11) NOT NULL,
  `scoring` int(11) NOT NULL,
  `value` varchar(50) NOT NULL,
  PRIMARY KEY  (`rating_id`)
) ENGINE=MyISAM AUTO_INCREMENT=61 DEFAULT CHARSET=utf8;
/*!40101 SET character_set_client = @saved_cs_client */;

--
-- Dumping data for table `ratings`
--

LOCK TABLES `ratings` WRITE;
/*!40000 ALTER TABLE `ratings` DISABLE KEYS */;
INSERT INTO `ratings` VALUES (1,1,0,0,0,'0'),(2,1,0,0,0,'0'),(3,1,0,0,0,'0'),(4,1,0,0,0,'0'),(5,1,0,0,0,'0'),(6,2,0,0,0,'0'),(7,2,0,0,0,'0'),(8,2,0,0,0,'0'),(9,2,0,0,0,'0'),(10,2,0,0,0,'0'),(11,3,0,0,0,'0'),(12,3,0,0,0,'0'),(13,3,0,0,0,'0'),(14,3,0,0,0,'0'),(15,3,0,0,0,'0'),(16,4,0,0,0,'0'),(17,4,0,0,0,'0'),(18,4,0,0,0,'0'),(19,4,0,0,0,'0'),(20,4,0,0,0,'0'),(21,5,0,0,0,'0'),(22,5,0,0,0,'0'),(23,5,0,0,0,'0'),(24,5,0,0,0,'0'),(25,5,0,0,0,'0'),(26,6,0,0,0,'0'),(27,6,0,0,0,'0'),(28,6,0,0,0,'0'),(29,6,0,0,0,'0'),(30,6,0,0,0,'0'),(31,7,0,0,0,'0'),(32,7,0,0,0,'0'),(33,7,0,0,0,'0'),(34,7,0,0,0,'0'),(35,7,0,0,0,'0'),(36,8,0,0,0,'0'),(37,8,0,0,0,'0'),(38,8,0,0,0,'0'),(39,8,0,0,0,'0'),(40,8,0,0,0,'0'),(41,9,0,0,0,'0'),(42,9,0,0,0,'0'),(43,9,0,0,0,'0'),(44,9,0,0,0,'0'),(45,9,0,0,0,'0'),(46,10,0,0,0,'0'),(47,10,0,0,0,'0'),(48,10,0,0,0,'0'),(49,10,0,0,0,'0'),(50,10,0,0,0,'0'),(51,11,0,0,0,'0'),(52,11,0,0,0,'0'),(53,11,0,0,0,'0'),(54,11,0,0,0,'0'),(55,11,0,0,0,'0'),(56,12,0,0,0,'0'),(57,12,0,0,0,'0'),(58,12,0,0,0,'0'),(59,12,0,0,0,'0'),(60,12,0,0,0,'0');
/*!40000 ALTER TABLE `ratings` ENABLE KEYS */;
UNLOCK TABLES;

--
-- Table structure for table `rel_list_study`
--

DROP TABLE IF EXISTS `rel_list_study`;
/*!40101 SET @saved_cs_client     = @@character_set_client */;
/*!40101 SET character_set_client = utf8 */;
CREATE TABLE `rel_list_study` (
  `list_id` int(11) NOT NULL,
  `study_id` int(11) NOT NULL,
  PRIMARY KEY  (`list_id`,`study_id`)
) ENGINE=MyISAM DEFAULT CHARSET=utf8;
/*!40101 SET character_set_client = @saved_cs_client */;

--
-- Dumping data for table `rel_list_study`
--

LOCK TABLES `rel_list_study` WRITE;
/*!40000 ALTER TABLE `rel_list_study` DISABLE KEYS */;
INSERT INTO `rel_list_study` VALUES (1,8),(2,8),(3,8),(11,1),(11,3),(11,4),(11,5),(11,6),(11,7),(11,8),(11,9),(11,10);
/*!40000 ALTER TABLE `rel_list_study` ENABLE KEYS */;
UNLOCK TABLES;

--
-- Table structure for table `rel_questionnaire_study`
--

DROP TABLE IF EXISTS `rel_questionnaire_study`;
/*!40101 SET @saved_cs_client     = @@character_set_client */;
/*!40101 SET character_set_client = utf8 */;
CREATE TABLE `rel_questionnaire_study` (
  `questionnaire_id` int(11) NOT NULL,
  `study_id` int(11) NOT NULL,
  PRIMARY KEY  (`questionnaire_id`,`study_id`)
) ENGINE=MyISAM DEFAULT CHARSET=utf8;
/*!40101 SET character_set_client = @saved_cs_client */;

--
-- Dumping data for table `rel_questionnaire_study`
--

LOCK TABLES `rel_questionnaire_study` WRITE;
/*!40000 ALTER TABLE `rel_questionnaire_study` DISABLE KEYS */;
INSERT INTO `rel_questionnaire_study` VALUES (1,1),(1,7),(2,1),(2,9),(2,10),(3,1),(3,5),(3,8),(4,1),(5,1),(6,1),(7,1),(8,1),(9,1),(9,4),(10,1),(10,2),(10,3),(10,6),(11,1),(11,6),(12,9);
/*!40000 ALTER TABLE `rel_questionnaire_study` ENABLE KEYS */;
UNLOCK TABLES;

--
-- Table structure for table `rel_studies_email`
--

DROP TABLE IF EXISTS `rel_studies_email`;
/*!40101 SET @saved_cs_client     = @@character_set_client */;
/*!40101 SET character_set_client = utf8 */;
CREATE TABLE `rel_studies_email` (
  `email_id` int(11) NOT NULL,
  `study_id` int(11) NOT NULL,
  PRIMARY KEY  (`email_id`,`study_id`)
) ENGINE=MyISAM DEFAULT CHARSET=utf8;
/*!40101 SET character_set_client = @saved_cs_client */;

--
-- Dumping data for table `rel_studies_email`
--

LOCK TABLES `rel_studies_email` WRITE;
/*!40000 ALTER TABLE `rel_studies_email` DISABLE KEYS */;
INSERT INTO `rel_studies_email` VALUES (1,1),(1,2),(1,3),(1,4),(1,5),(1,6),(1,7),(1,8),(1,9),(1,10);
/*!40000 ALTER TABLE `rel_studies_email` ENABLE KEYS */;
UNLOCK TABLES;

--
-- Table structure for table `rel_subj_list`
--

DROP TABLE IF EXISTS `rel_subj_list`;
/*!40101 SET @saved_cs_client     = @@character_set_client */;
/*!40101 SET character_set_client = utf8 */;
CREATE TABLE `rel_subj_list` (
  `list_id` int(11) NOT NULL,
  `subj_id` int(11) NOT NULL,
  PRIMARY KEY  (`list_id`,`subj_id`)
) ENGINE=MyISAM DEFAULT CHARSET=utf8;
/*!40101 SET character_set_client = @saved_cs_client */;

--
-- Dumping data for table `rel_subj_list`
--

LOCK TABLES `rel_subj_list` WRITE;
/*!40000 ALTER TABLE `rel_subj_list` DISABLE KEYS */;
INSERT INTO `rel_subj_list` VALUES (1,1),(1,2),(2,2),(3,2),(11,1),(11,2);
/*!40000 ALTER TABLE `rel_subj_list` ENABLE KEYS */;
UNLOCK TABLES;

--
-- Table structure for table `results`
--

DROP TABLE IF EXISTS `results`;
/*!40101 SET @saved_cs_client     = @@character_set_client */;
/*!40101 SET character_set_client = utf8 */;
CREATE TABLE `results` (
  `id` int(11) NOT NULL auto_increment,
  `study_id` int(11) NOT NULL,
  `subj_id` int(11) NOT NULL,
  `questionnaire_id` int(11) NOT NULL,
  `question_id` int(11) NOT NULL,
  `choice_id` int(11) default NULL,
  `data` text NOT NULL,
  `response_id` varchar(50) NOT NULL,
  PRIMARY KEY  (`id`)
) ENGINE=MyISAM AUTO_INCREMENT=130 DEFAULT CHARSET=utf8;
/*!40101 SET character_set_client = @saved_cs_client */;

--
-- Dumping data for table `results`
--

LOCK TABLES `results` WRITE;
/*!40000 ALTER TABLE `results` DISABLE KEYS */;
INSERT INTO `results` VALUES (1,1,2,1,1,5,'extrem','40fb79f224824088afc51bb72f7a60c8'),(2,1,2,1,2,10,'extrem','40fb79f224824088afc51bb72f7a60c8'),(3,1,2,1,3,15,'extrem','40fb79f224824088afc51bb72f7a60c8'),(4,1,2,1,4,20,'extrem','40fb79f224824088afc51bb72f7a60c8'),(5,1,2,1,5,25,'extrem','40fb79f224824088afc51bb72f7a60c8'),(6,1,2,1,6,30,'extrem','40fb79f224824088afc51bb72f7a60c8'),(7,1,2,1,7,35,'extrem','40fb79f224824088afc51bb72f7a60c8'),(8,1,2,1,8,40,'extrem','40fb79f224824088afc51bb72f7a60c8'),(9,1,2,1,9,45,'extrem','40fb79f224824088afc51bb72f7a60c8'),(10,1,2,1,10,50,'extrem','40fb79f224824088afc51bb72f7a60c8'),(11,1,2,1,11,55,'extrem','40fb79f224824088afc51bb72f7a60c8'),(12,1,2,1,12,60,'extrem','40fb79f224824088afc51bb72f7a60c8'),(13,1,2,1,13,65,'extrem','40fb79f224824088afc51bb72f7a60c8'),(14,1,2,1,14,70,'extrem','40fb79f224824088afc51bb72f7a60c8'),(15,1,2,1,15,75,'extrem','40fb79f224824088afc51bb72f7a60c8'),(16,1,2,1,16,80,'extrem','40fb79f224824088afc51bb72f7a60c8'),(17,1,2,1,17,85,'extrem','40fb79f224824088afc51bb72f7a60c8'),(18,1,2,1,18,90,'extrem','40fb79f224824088afc51bb72f7a60c8'),(19,1,2,1,19,95,'extrem','40fb79f224824088afc51bb72f7a60c8'),(20,1,2,1,20,100,'extrem','40fb79f224824088afc51bb72f7a60c8'),(21,1,2,1,21,105,'extrem','40fb79f224824088afc51bb72f7a60c8'),(22,1,2,1,22,110,'extrem','40fb79f224824088afc51bb72f7a60c8'),(23,1,2,1,23,115,'extrem','40fb79f224824088afc51bb72f7a60c8'),(24,1,2,1,24,120,'extrem','40fb79f224824088afc51bb72f7a60c8'),(25,1,2,1,25,125,'extrem','40fb79f224824088afc51bb72f7a60c8'),(26,1,2,1,26,130,'extrem','40fb79f224824088afc51bb72f7a60c8'),(27,1,2,1,27,135,'extrem','40fb79f224824088afc51bb72f7a60c8'),(28,1,2,1,28,140,'extrem','40fb79f224824088afc51bb72f7a60c8'),(29,1,2,1,29,145,'extrem','40fb79f224824088afc51bb72f7a60c8'),(30,1,2,1,30,150,'extrem','40fb79f224824088afc51bb72f7a60c8'),(31,1,2,1,31,155,'extrem','40fb79f224824088afc51bb72f7a60c8'),(32,1,2,1,32,160,'extrem','40fb79f224824088afc51bb72f7a60c8'),(38,9,2,2,33,161,'In foarte mica masura sau deloc','1094d255e91459f4c31aaf6e8fc4b1ef'),(34,1,3,3,48,NULL,'','d0192ef887f85c48112bc6e57065d40e'),(35,1,3,3,49,NULL,'','d0192ef887f85c48112bc6e57065d40e'),(36,1,3,10,122,NULL,'','d0192ef887f85c48112bc6e57065d40e'),(37,1,3,10,123,NULL,'','d0192ef887f85c48112bc6e57065d40e'),(39,9,2,2,34,166,'In foarte mica masura sau deloc','1094d255e91459f4c31aaf6e8fc4b1ef'),(40,9,2,2,35,171,'In foarte mica masura sau deloc','1094d255e91459f4c31aaf6e8fc4b1ef'),(41,9,2,2,36,176,'In foarte mica masura sau deloc','1094d255e91459f4c31aaf6e8fc4b1ef'),(42,9,2,2,37,181,'In foarte mica masura sau deloc','1094d255e91459f4c31aaf6e8fc4b1ef'),(43,9,2,2,38,186,'In foarte mica masura sau deloc','1094d255e91459f4c31aaf6e8fc4b1ef'),(44,9,2,2,39,191,'In foarte mica masura sau deloc','1094d255e91459f4c31aaf6e8fc4b1ef'),(45,9,2,2,40,196,'In foarte mica masura sau deloc','1094d255e91459f4c31aaf6e8fc4b1ef'),(46,9,2,2,41,201,'In foarte mica masura sau deloc','1094d255e91459f4c31aaf6e8fc4b1ef'),(47,9,2,2,42,206,'In foarte mica masura sau deloc','1094d255e91459f4c31aaf6e8fc4b1ef'),(48,9,2,2,43,211,'In foarte mica masura sau deloc','1094d255e91459f4c31aaf6e8fc4b1ef'),(49,9,2,2,44,216,'In foarte mica masura sau deloc','1094d255e91459f4c31aaf6e8fc4b1ef'),(50,9,2,2,45,221,'In foarte mica masura sau deloc','1094d255e91459f4c31aaf6e8fc4b1ef'),(51,9,2,2,46,226,'In foarte mica masura sau deloc','1094d255e91459f4c31aaf6e8fc4b1ef'),(52,9,2,2,47,231,'In foarte mica masura sau deloc','1094d255e91459f4c31aaf6e8fc4b1ef'),(53,9,2,12,167,726,'bbbbbb','1094d255e91459f4c31aaf6e8fc4b1ef'),(54,9,1,2,33,161,'In foarte mica masura sau deloc','e16af7d4b520dcae7ebd17afe18e3398'),(55,9,1,2,34,167,'In mica masura','e16af7d4b520dcae7ebd17afe18e3398'),(56,9,1,2,35,172,'In mica masura','e16af7d4b520dcae7ebd17afe18e3398'),(57,9,1,2,36,177,'In mica masura','e16af7d4b520dcae7ebd17afe18e3398'),(58,9,1,2,37,182,'In mica masura','e16af7d4b520dcae7ebd17afe18e3398'),(59,9,1,2,38,187,'In mica masura','e16af7d4b520dcae7ebd17afe18e3398'),(60,9,1,2,39,192,'In mica masura','e16af7d4b520dcae7ebd17afe18e3398'),(61,9,1,2,40,197,'In mica masura','e16af7d4b520dcae7ebd17afe18e3398'),(62,9,1,2,41,202,'In mica masura','e16af7d4b520dcae7ebd17afe18e3398'),(63,9,1,2,42,207,'In mica masura','e16af7d4b520dcae7ebd17afe18e3398'),(64,9,1,2,43,212,'In mica masura','e16af7d4b520dcae7ebd17afe18e3398'),(65,9,1,2,44,217,'In mica masura','e16af7d4b520dcae7ebd17afe18e3398'),(66,9,1,2,45,222,'In mica masura','e16af7d4b520dcae7ebd17afe18e3398'),(67,9,1,2,46,227,'In mica masura','e16af7d4b520dcae7ebd17afe18e3398'),(68,9,1,2,47,232,'In mica masura','e16af7d4b520dcae7ebd17afe18e3398'),(69,9,1,12,167,726,'bbbbbb','e16af7d4b520dcae7ebd17afe18e3398'),(70,10,1,2,33,161,'In foarte mica masura sau deloc','5c666db0ce19b9f8bd32224c902fd54c'),(71,10,1,2,34,167,'In mica masura','5c666db0ce19b9f8bd32224c902fd54c'),(72,10,1,2,35,172,'In mica masura','5c666db0ce19b9f8bd32224c902fd54c'),(73,10,1,2,36,177,'In mica masura','5c666db0ce19b9f8bd32224c902fd54c'),(74,10,1,2,37,182,'In mica masura','5c666db0ce19b9f8bd32224c902fd54c'),(75,10,1,2,38,187,'In mica masura','5c666db0ce19b9f8bd32224c902fd54c'),(76,10,1,2,39,192,'In mica masura','5c666db0ce19b9f8bd32224c902fd54c'),(77,10,1,2,40,197,'In mica masura','5c666db0ce19b9f8bd32224c902fd54c'),(78,10,1,2,41,202,'In mica masura','5c666db0ce19b9f8bd32224c902fd54c'),(79,10,1,2,42,207,'In mica masura','5c666db0ce19b9f8bd32224c902fd54c'),(80,10,1,2,43,212,'In mica masura','5c666db0ce19b9f8bd32224c902fd54c'),(81,10,1,2,44,217,'In mica masura','5c666db0ce19b9f8bd32224c902fd54c'),(82,10,1,2,45,222,'In mica masura','5c666db0ce19b9f8bd32224c902fd54c'),(83,10,1,2,46,227,'In mica masura','5c666db0ce19b9f8bd32224c902fd54c'),(84,10,1,2,47,232,'In mica masura','5c666db0ce19b9f8bd32224c902fd54c'),(85,10,1,2,33,161,'In foarte mica masura sau deloc','bb715bf5041126286782361af1b0e434'),(86,10,1,2,34,167,'In mica masura','bb715bf5041126286782361af1b0e434'),(87,10,1,2,35,172,'In mica masura','bb715bf5041126286782361af1b0e434'),(88,10,1,2,36,177,'In mica masura','bb715bf5041126286782361af1b0e434'),(89,10,1,2,37,182,'In mica masura','bb715bf5041126286782361af1b0e434'),(90,10,1,2,38,187,'In mica masura','bb715bf5041126286782361af1b0e434'),(91,10,1,2,39,192,'In mica masura','bb715bf5041126286782361af1b0e434'),(92,10,1,2,40,197,'In mica masura','bb715bf5041126286782361af1b0e434'),(93,10,1,2,41,202,'In mica masura','bb715bf5041126286782361af1b0e434'),(94,10,1,2,42,207,'In mica masura','bb715bf5041126286782361af1b0e434'),(95,10,1,2,43,212,'In mica masura','bb715bf5041126286782361af1b0e434'),(96,10,1,2,44,217,'In mica masura','bb715bf5041126286782361af1b0e434'),(97,10,1,2,45,222,'In mica masura','bb715bf5041126286782361af1b0e434'),(98,10,1,2,46,227,'In mica masura','bb715bf5041126286782361af1b0e434'),(99,10,1,2,47,232,'In mica masura','bb715bf5041126286782361af1b0e434'),(100,10,2,2,33,161,'In foarte mica masura sau deloc','9fd8f2eff7d958d8e3779cbf258ca5ae'),(101,10,2,2,34,167,'In mica masura','9fd8f2eff7d958d8e3779cbf258ca5ae'),(102,10,2,2,35,172,'In mica masura','9fd8f2eff7d958d8e3779cbf258ca5ae'),(103,10,2,2,36,177,'In mica masura','9fd8f2eff7d958d8e3779cbf258ca5ae'),(104,10,2,2,37,182,'In mica masura','9fd8f2eff7d958d8e3779cbf258ca5ae'),(105,10,2,2,38,187,'In mica masura','9fd8f2eff7d958d8e3779cbf258ca5ae'),(106,10,2,2,39,192,'In mica masura','9fd8f2eff7d958d8e3779cbf258ca5ae'),(107,10,2,2,40,197,'In mica masura','9fd8f2eff7d958d8e3779cbf258ca5ae'),(108,10,2,2,41,202,'In mica masura','9fd8f2eff7d958d8e3779cbf258ca5ae'),(109,10,2,2,42,207,'In mica masura','9fd8f2eff7d958d8e3779cbf258ca5ae'),(110,10,2,2,43,212,'In mica masura','9fd8f2eff7d958d8e3779cbf258ca5ae'),(111,10,2,2,44,217,'In mica masura','9fd8f2eff7d958d8e3779cbf258ca5ae'),(112,10,2,2,45,222,'In mica masura','9fd8f2eff7d958d8e3779cbf258ca5ae'),(113,10,2,2,46,227,'In mica masura','9fd8f2eff7d958d8e3779cbf258ca5ae'),(114,10,2,2,47,232,'In mica masura','9fd8f2eff7d958d8e3779cbf258ca5ae'),(115,10,2,2,33,162,'In mica masura','21c15e6cd9bc59aa052ed8630e190403'),(116,10,2,2,34,167,'In mica masura','21c15e6cd9bc59aa052ed8630e190403'),(117,10,2,2,35,175,'Foarte mult','21c15e6cd9bc59aa052ed8630e190403'),(118,10,2,2,36,180,'Foarte mult','21c15e6cd9bc59aa052ed8630e190403'),(119,10,2,2,37,185,'Foarte mult','21c15e6cd9bc59aa052ed8630e190403'),(120,10,2,2,38,190,'Foarte mult','21c15e6cd9bc59aa052ed8630e190403'),(121,10,2,2,39,195,'Foarte mult','21c15e6cd9bc59aa052ed8630e190403'),(122,10,2,2,40,200,'Foarte mult','21c15e6cd9bc59aa052ed8630e190403'),(123,10,2,2,41,205,'Foarte mult','21c15e6cd9bc59aa052ed8630e190403'),(124,10,2,2,42,207,'In mica masura','21c15e6cd9bc59aa052ed8630e190403'),(125,10,2,2,43,213,'Moderat','21c15e6cd9bc59aa052ed8630e190403'),(126,10,2,2,44,220,'Foarte mult','21c15e6cd9bc59aa052ed8630e190403'),(127,10,2,2,45,223,'Moderat','21c15e6cd9bc59aa052ed8630e190403'),(128,10,2,2,46,230,'Foarte mult','21c15e6cd9bc59aa052ed8630e190403'),(129,10,2,2,47,234,'In mare masura','21c15e6cd9bc59aa052ed8630e190403');
/*!40000 ALTER TABLE `results` ENABLE KEYS */;
UNLOCK TABLES;

--
-- Table structure for table `studies`
--

DROP TABLE IF EXISTS `studies`;
/*!40101 SET @saved_cs_client     = @@character_set_client */;
/*!40101 SET character_set_client = utf8 */;
CREATE TABLE `studies` (
  `study_id` int(11) NOT NULL auto_increment,
  `name` text NOT NULL,
  `desc` text NOT NULL,
  `study_type` enum('normal','360') NOT NULL,
  PRIMARY KEY  (`study_id`)
) ENGINE=MyISAM AUTO_INCREMENT=11 DEFAULT CHARSET=utf8;
/*!40101 SET character_set_client = @saved_cs_client */;

--
-- Dumping data for table `studies`
--

LOCK TABLES `studies` WRITE;
/*!40000 ALTER TABLE `studies` DISABLE KEYS */;
INSERT INTO `studies` VALUES (6,'{\"ro\":\"Profilul Distresului Afectiv \",\"en\":\"Profilul Distresului Afectiv \"}','{\"ro\":\"Mai jos va prezentam o lista de cuvinte care descriu emotiile pe care oamenii le au in diverse situatii. Cititi cu atentie fiecare cuvant, apoi marcati prin colorarea cerculetului corespunzator varianta care corespunde cel mai bine intrebarii: CUM V-ATI SIMTIT IN ULTIMELE DOUA SAPTAMANI?\",\"en\":\"Mai jos va prezentam o lista de cuvinte care descriu emotiile pe care oamenii le au in diverse situatii. Cititi cu atentie fiecare cuvant, apoi marcati prin colorarea cerculetului corespunzator varianta care corespunde cel mai bine intrebarii: CUM V-ATI SIMTIT IN ULTIMELE DOUA SAPTAMANI?\"}','normal'),(7,'{\"ro\":\"Roata Profilului afectiv binar\",\"en\":\"Roata Profilului afectiv binar\"}','{\"ro\":\" In roata de mai jos veti gasi un numar de cuvinte si expresii care descriu diferite emotii si trairi. Cititi fiecare item si apoi marcati r\\u0103spunsul adecvat.\",\"en\":\" In roata de mai jos veti gasi un numar de cuvinte si expresii care descriu diferite emotii si trairi. Cititi fiecare item si apoi marcati r\\u0103spunsul adecvat.\"}','normal'),(8,'{\"ro\":\"Test 360\",\"en\":\"Test 360\"}','{\"ro\":\"jjjjjjjjjjj\",\"en\":\"jjjjjjjjjjj\"}','360'),(9,'{\"ro\":\"test 360 - take 2\",\"en\":\"test 360 - take 2\"}','{\"ro\":\"test 360 - take 2\",\"en\":\"test 360 - take 2\"}','360'),(10,'{\"ro\":\"test 360 - take3\",\"en\":\"test 360 - take3\"}','{\"ro\":\"test 360 - take3\",\"en\":\"test 360 - take3\"}','360');
/*!40000 ALTER TABLE `studies` ENABLE KEYS */;
UNLOCK TABLES;

--
-- Table structure for table `subjects`
--

DROP TABLE IF EXISTS `subjects`;
/*!40101 SET @saved_cs_client     = @@character_set_client */;
/*!40101 SET character_set_client = utf8 */;
CREATE TABLE `subjects` (
  `subj_id` int(11) NOT NULL auto_increment,
  `first_name` varchar(50) NOT NULL,
  `last_name` varchar(50) NOT NULL,
  `gender` enum('m','f') default NULL,
  `birth_date` date NOT NULL,
  `email` varchar(50) NOT NULL,
  `tested` tinyint(4) NOT NULL default '0',
  `status` int(11) NOT NULL default '0',
  PRIMARY KEY  (`subj_id`)
) ENGINE=MyISAM AUTO_INCREMENT=5 DEFAULT CHARSET=utf8;
/*!40101 SET character_set_client = @saved_cs_client */;

--
-- Dumping data for table `subjects`
--

LOCK TABLES `subjects` WRITE;
/*!40000 ALTER TABLE `subjects` DISABLE KEYS */;
INSERT INTO `subjects` VALUES (1,'Relu','Tatar','m','1979-12-07','relu.tatar@gmail.com',0,1),(2,'Dan','Fratean','m','1977-11-05','alexandru.dan.fratean@gmail.com',0,1),(3,'Oana','Gavita','f','1981-10-21','oanagavita@gmail.com',0,1),(4,'test','test','m','1977-11-05','test@test.com',0,0);
/*!40000 ALTER TABLE `subjects` ENABLE KEYS */;
UNLOCK TABLES;

--
-- Table structure for table `texts`
--

DROP TABLE IF EXISTS `texts`;
/*!40101 SET @saved_cs_client     = @@character_set_client */;
/*!40101 SET character_set_client = utf8 */;
CREATE TABLE `texts` (
  `id` int(11) NOT NULL auto_increment,
  `mydata` text character set utf8,
  `ro` varchar(255) character set utf8 NOT NULL,
  PRIMARY KEY  (`id`),
  KEY `mydata` (`mydata`(333))
) ENGINE=MyISAM AUTO_INCREMENT=128 DEFAULT CHARSET=latin1;
/*!40101 SET character_set_client = @saved_cs_client */;

--
-- Dumping data for table `texts`
--

LOCK TABLES `texts` WRITE;
/*!40000 ALTER TABLE `texts` DISABLE KEYS */;
INSERT INTO `texts` VALUES (1,'List management','Liste'),(2,'Subjects management','Subiecti'),(3,'Questionnaire management','Chestionare'),(4,'Study management','Studii'),(5,'Email management','Emails'),(6,'List name','Denumire lista'),(7,'Status','Status'),(8,'Description','Descriere'),(9,'View','Vizializare'),(10,'Edit','Editare'),(11,'Add list','Adaugare lista'),(12,'index','Acasa'),(13,'Edit list','Editare lista'),(14,'List Name (ro)','Denumire lista (ro)'),(15,'List Name (en)','Denumire lista (en)'),(16,'Description (ro)','Descriere (ro)'),(17,'Description (en)','Descriere (en)'),(18,'Public','Publica'),(19,'Public list','Lista publica'),(20,'Private list','Lista privata'),(21,'Subjects included in the list','Sibiecti inclusi in lista'),(22,'Save','Salvare'),(23,'Subjects','Subiecti'),(24,'Delete list','Sterge lista'),(25,'Import subjects from csv file','Import subiecti din fisier csv'),(26,'Import subjects','Import subiecti'),(27,'Subjects will be automatically included in this list','Subiectii vor fi automat inclusi in aceasta lista'),(28,'Gender','Sex'),(29,'Tested','Testat'),(30,'Show all','Arata tot'),(31,'Filter subjects','Filtrare subiecti'),(32,'First Name','Prenume'),(33,'Last Name','Nume'),(34,'Email',''),(35,'Add subject','Adaugare subiect'),(36,'male','masculin'),(37,'female','feminin'),(38,'Date of Birth','Data nasterii'),(39,'Subject belongs to the following lists','Subiecti aprtinand listei'),(40,'Send','Trimite'),(41,'not tested','ne testat'),(42,'pending','in asteptare'),(43,'Lists','Liste'),(45,'Edit subject','Editare subiect'),(46,'Delete subject','Stergere subiect'),(47,'active','activ'),(48,'approved','aprobat'),(49,'Name','Nume'),(50,'Add questionnaire','Adaugare chestionar'),(51,'Study name','Denumire studiu'),(52,'Add study','Adaugare studiu'),(53,'Questionnaires included in this study','Chestionare incluse in studiu'),(54,'The study applies to the following lists','Aces studiu se aplica urmatoarelor liste'),(55,'The following subjects are included','Urmatorii subiecti sunt inclusi'),(56,'The following email template is used',''),(57,'Edit study','Editare studiu'),(58,'Download in csv format','Descarca in format csv'),(59,'Questionnaire Name','Denumire chestionar'),(60,'Maximum score','Scor maxim'),(61,'Display type','Tip display'),(62,'Questionnaire type','Tio chestionar'),(63,'Questions','Intrebari'),(64,'Question','Intrebare'),(65,'Question Type','Tip intrebare'),(66,'Choices','Rapunsuri'),(67,'Ratings','Rate'),(68,'Edit questionnaire','Editare chestionar'),(69,'Questionnaire title (ro)','Denumire chestionar (ro)'),(70,'Questionnaire title (en)','Denumire chestionar (en)'),(71,'Question no.','Nr. intrebare'),(72,'Question (ro)','Intrebare (ro)'),(73,'Question (en)','Intrebare (en)'),(74,'text field','camp text'),(75,'choice','raspuns'),(76,'Score','Scor'),(77,'Add answer choice ','Adauga raspuns'),(78,'Remove choice ','Stergere raspuns'),(79,'Add question','Adauga intrebare'),(80,'Delete question','Stergere intrebare'),(81,'Rating grid','Grila scor'),(82,'Minimum value','Valoare minima'),(83,'Maximum value','Valoare maxima'),(84,'Scoring','Scor'),(85,'Value','valoare'),(86,'normal',''),(87,'radial',''),(88,'360',''),(89,'About this project','Despre acest proiect'),(90,'Join the study','Participa la studiu'),(91,'I am interested in','Sunt interesat pentru a face parte din urmatoarele liste'),(92,'Study Name (ro)','Denumire studiu (ro)'),(93,'Study Name (en)','Denumire studiu (en)'),(94,'Use as email template','Foloseste ca si sablon email'),(95,'Template name','Denumire sablon'),(96,'Body','Mesaj'),(97,'Add email','Adaugare email'),(98,'Edit email template','Editare sablon email'),(99,'Template Name (ro)','Denumire sablon (ro)'),(100,'Template Name (en)','Denumire sablon (en)'),(101,'Body (ro)','Mesaj (ro)'),(102,'Body (en)','Mesaj (en)'),(103,'You may use the following tags in the email body:','Se pot folosi urmatoarele etichete in mesaj:'),(104,'subject name','Nume subiext'),(105,'study description','Descriere studiu'),(106,'questionnaire url','URL chestionar'),(124,'[fill]','[completeaza]'),(108,'This template is used for the following studies','Aces sablon va fi folosit la urmatoarele studii'),(109,'Delete email template','Sterge sablon email'),(125,'Download csv','Descarca csv'),(111,'Answers','Raspunsuri'),(112,'Subject name: ','Nume subiect:'),(113,'Answer','Raspunde'),(115,'Add email template','Adauga sablon email'),(116,'Person being evaluated.','Persoana evaluata'),(117,'Relationship with the person being evaluated.','Ralatia cu persoana evaluata'),(118,'Type','Tip'),(119,'Study type','Tip studiu'),(120,'You have already completed this study.','Acest studiu a fost deja completat'),(121,'Back','Inapoi'),(123,'No study attended by this subject yet.','Nu a participat inc ala nici un studiu.'),(126,'Home','Acasa'),(127,'Translate','Traducere');
/*!40000 ALTER TABLE `texts` ENABLE KEYS */;
UNLOCK TABLES;
/*!40103 SET TIME_ZONE=@OLD_TIME_ZONE */;

/*!40101 SET SQL_MODE=@OLD_SQL_MODE */;
/*!40014 SET FOREIGN_KEY_CHECKS=@OLD_FOREIGN_KEY_CHECKS */;
/*!40014 SET UNIQUE_CHECKS=@OLD_UNIQUE_CHECKS */;
/*!40101 SET CHARACTER_SET_CLIENT=@OLD_CHARACTER_SET_CLIENT */;
/*!40101 SET CHARACTER_SET_RESULTS=@OLD_CHARACTER_SET_RESULTS */;
/*!40101 SET COLLATION_CONNECTION=@OLD_COLLATION_CONNECTION */;
/*!40111 SET SQL_NOTES=@OLD_SQL_NOTES */;

-- Dump completed on 2012-10-02 16:23:06
