-- MySQL dump 10.11
--
-- Host: localhost    Database: uvt
-- ------------------------------------------------------
-- Server version	5.0.95-log

/*!40101 SET @OLD_CHARACTER_SET_CLIENT=@@CHARACTER_SET_CLIENT */;
/*!40101 SET @OLD_CHARACTER_SET_RESULTS=@@CHARACTER_SET_RESULTS */;
/*!40101 SET @OLD_COLLATION_CONNECTION=@@COLLATION_CONNECTION */;
/*!40101 SET NAMES utf8 */;
/*!40103 SET @OLD_TIME_ZONE=@@TIME_ZONE */;
/*!40103 SET TIME_ZONE='+00:00' */;
/*!40014 SET @OLD_UNIQUE_CHECKS=@@UNIQUE_CHECKS, UNIQUE_CHECKS=0 */;
/*!40014 SET @OLD_FOREIGN_KEY_CHECKS=@@FOREIGN_KEY_CHECKS, FOREIGN_KEY_CHECKS=0 */;
/*!40101 SET @OLD_SQL_MODE=@@SQL_MODE, SQL_MODE='NO_AUTO_VALUE_ON_ZERO' */;
/*!40111 SET @OLD_SQL_NOTES=@@SQL_NOTES, SQL_NOTES=0 */;

--
-- Table structure for table `choices`
--

DROP TABLE IF EXISTS `choices`;
/*!40101 SET @saved_cs_client     = @@character_set_client */;
/*!40101 SET character_set_client = utf8 */;
CREATE TABLE `choices` (
  `choice_id` int(11) NOT NULL auto_increment,
  `question_id` int(11) NOT NULL,
  `name` text NOT NULL,
  `score` int(11) NOT NULL,
  PRIMARY KEY  (`choice_id`)
) ENGINE=InnoDB AUTO_INCREMENT=552 DEFAULT CHARSET=utf8;
/*!40101 SET character_set_client = @saved_cs_client */;

--
-- Dumping data for table `choices`
--

LOCK TABLES `choices` WRITE;
/*!40000 ALTER TABLE `choices` DISABLE KEYS */;
INSERT INTO `choices` VALUES (1,1,'{\"ro\":\"E suficient s\\u0103-mi vorbe\\u015fti de jazz \\u015fi te omor.\",\"en\":\"Just talk to me about jazz and I\'ll kill you.\"}',1),(6,2,'{\"ro\":\"question_1_choice_1_ro\",\"en\":\"question_1_choice_1_en\"}',3),(7,2,'{\"ro\":\"question_1_choice_2_ro\",\"en\":\"question_1_choice_2_en\"}',5),(8,2,'{\"ro\":\"question_1_choice_3_ro\",\"en\":\"question_1_choice_3_en\"}',2),(9,2,'{\"ro\":\"question_1_choice_4_ro\",\"en\":\"question_1_choice_4_en\"}',1),(10,2,'{\"ro\":\"question_1_choice_5_ro\",\"en\":\"question_1_choice_5_en\"}',4),(16,4,'{\"ro\":\"question_2_choice_1_ro\",\"en\":\"question_2_choice_1_en\"}',5),(17,4,'{\"ro\":\"question_2_choice_2_ro\",\"en\":\"question_2_choice_2_en\"}',4),(18,4,'{\"ro\":\"question_2_choice_3_ro\",\"en\":\"question_2_choice_3_en\"}',1),(19,4,'{\"ro\":\"question_2_choice_4_ro\",\"en\":\"question_2_choice_4_en\"}',2),(20,4,'{\"ro\":\"question_2_choice_5_ro\",\"en\":\"question_2_choice_5_en\"}',3),(21,5,'{\"ro\":\"question_1_choice_1_ro\",\"en\":\"question_1_choice_1_en\"}',1),(22,5,'{\"ro\":\"question_1_choice_2_ro\",\"en\":\"question_1_choice_2_en\"}',2),(23,5,'{\"ro\":\"question_1_choice_3_ro\",\"en\":\"question_1_choice_3_en\"}',3),(24,5,'{\"ro\":\"question_1_choice_4_ro\",\"en\":\"question_1_choice_4_en\"}',4),(25,5,'{\"ro\":\"question_1_choice_5_ro\",\"en\":\"question_1_choice_5_en\"}',5),(26,6,'{\"ro\":\"question_2_choice_1_ro\",\"en\":\"question_2_choice_1_en\"}',1),(27,6,'{\"ro\":\"question_2_choice_2_ro\",\"en\":\"question_2_choice_2_en\"}',2),(28,6,'{\"ro\":\"question_2_choice_3_ro\",\"en\":\"question_2_choice_3_en\"}',3),(29,6,'{\"ro\":\"question_2_choice_4_ro\",\"en\":\"question_2_choice_4_en\"}',4),(30,6,'{\"ro\":\"question_2_choice_5_ro\",\"en\":\"question_2_choice_5_en\"}',5),(31,7,'{\"ro\":\"question_3_choice_1_ro\",\"en\":\"question_3_choice_1_en\"}',1),(32,7,'{\"ro\":\"question_3_choice_2_ro\",\"en\":\"question_3_choice_2_en\"}',2),(33,7,'{\"ro\":\"question_3_choice_3_ro\",\"en\":\"question_3_choice_3_en\"}',3),(34,7,'{\"ro\":\"question_3_choice_4_ro\",\"en\":\"question_3_choice_4_en\"}',4),(35,7,'{\"ro\":\"question_3_choice_5_ro\",\"en\":\"question_3_choice_5_en\"}',5),(36,8,'{\"ro\":\"question_4_choice_1_ro\",\"en\":\"question_4_choice_1_en\"}',1),(37,8,'{\"ro\":\"question_4_choice_2_ro\",\"en\":\"question_4_choice_2_en\"}',2),(38,8,'{\"ro\":\"question_4_choice_3_ro\",\"en\":\"question_4_choice_3_en\"}',3),(39,8,'{\"ro\":\"question_4_choice_4_ro\",\"en\":\"question_4_choice_4_en\"}',4),(40,8,'{\"ro\":\"question_4_choice_5_ro\",\"en\":\"question_4_choice_5_en\"}',5),(41,9,'{\"ro\":\"question_5_choice_1_ro\",\"en\":\"question_5_choice_1_en\"}',1),(42,9,'{\"ro\":\"question_5_choice_2_ro\",\"en\":\"question_5_choice_2_en\"}',2),(43,9,'{\"ro\":\"question_5_choice_3_ro\",\"en\":\"question_5_choice_3_en\"}',3),(44,9,'{\"ro\":\"question_5_choice_4_ro\",\"en\":\"question_5_choice_4_en\"}',4),(45,9,'{\"ro\":\"question_5_choice_5_ro\",\"en\":\"question_5_choice_5_en\"}',5),(46,10,'{\"ro\":\"question_6_choice_1_ro\",\"en\":\"question_6_choice_1_en\"}',0),(47,10,'{\"ro\":\"question_6_choice_2_ro\",\"en\":\"question_6_choice_2_en\"}',0),(48,10,'{\"ro\":\"question_6_choice_3_ro\",\"en\":\"question_6_choice_3_en\"}',0),(49,10,'{\"ro\":\"question_6_choice_4_ro\",\"en\":\"question_6_choice_4_en\"}',0),(50,10,'{\"ro\":\"question_6_choice_5_ro\",\"en\":\"question_6_choice_5_en\"}',0),(51,11,'{\"ro\":\"question_7_choice_1_ro\",\"en\":\"question_7_choice_1_en\"}',0),(52,11,'{\"ro\":\"question_7_choice_2_ro\",\"en\":\"question_7_choice_2_en\"}',0),(53,11,'{\"ro\":\"question_7_choice_3_ro\",\"en\":\"question_7_choice_3_en\"}',0),(54,11,'{\"ro\":\"question_7_choice_4_ro\",\"en\":\"question_7_choice_4_en\"}',0),(55,11,'{\"ro\":\"question_7_choice_5_ro\",\"en\":\"question_7_choice_5_en\"}',0),(56,12,'{\"ro\":\"question_8_choice_1_ro\",\"en\":\"question_8_choice_1_en\"}',0),(57,12,'{\"ro\":\"question_8_choice_2_ro\",\"en\":\"question_8_choice_2_en\"}',0),(58,12,'{\"ro\":\"question_8_choice_3_ro\",\"en\":\"question_8_choice_3_en\"}',0),(59,12,'{\"ro\":\"question_8_choice_4_ro\",\"en\":\"question_8_choice_4_en\"}',0),(60,12,'{\"ro\":\"question_8_choice_5_ro\",\"en\":\"question_8_choice_5_en\"}',0),(61,13,'{\"ro\":\"question_9_choice_1_ro\",\"en\":\"question_9_choice_1_en\"}',0),(62,13,'{\"ro\":\"question_9_choice_2_ro\",\"en\":\"question_9_choice_2_en\"}',0),(63,13,'{\"ro\":\"question_9_choice_3_ro\",\"en\":\"question_9_choice_3_en\"}',0),(64,13,'{\"ro\":\"question_9_choice_4_ro\",\"en\":\"question_9_choice_4_en\"}',0),(65,13,'{\"ro\":\"question_9_choice_5_ro\",\"en\":\"question_9_choice_5_en\"}',0),(66,14,'{\"ro\":\"question_10_choice_1_ro\",\"en\":\"question_10_choice_1_en\"}',1),(67,14,'{\"ro\":\"question_10_choice_2_ro\",\"en\":\"question_10_choice_2_en\"}',2),(68,14,'{\"ro\":\"question_10_choice_3_ro\",\"en\":\"question_10_choice_3_en\"}',3),(69,14,'{\"ro\":\"question_10_choice_4_ro\",\"en\":\"question_10_choice_4_en\"}',4),(70,14,'{\"ro\":\"question_10_choice_5_ro\",\"en\":\"question_10_choice_5_en\"}',5),(71,15,'{\"ro\":\"question_11_choice_1_ro\",\"en\":\"question_11_choice_1_en\"}',0),(72,15,'{\"ro\":\"question_11_choice_2_ro\",\"en\":\"question_11_choice_2_en\"}',0),(73,15,'{\"ro\":\"question_11_choice_3_ro\",\"en\":\"question_11_choice_3_en\"}',0),(74,15,'{\"ro\":\"question_11_choice_4_ro\",\"en\":\"question_11_choice_4_en\"}',0),(75,15,'{\"ro\":\"question_11_choice_5_ro\",\"en\":\"question_11_choice_5_en\"}',0),(76,16,'{\"ro\":\"question_12_choice_1_ro\",\"en\":\"question_12_choice_1_en\"}',0),(77,16,'{\"ro\":\"question_12_choice_2_ro\",\"en\":\"question_12_choice_2_en\"}',0),(78,16,'{\"ro\":\"question_12_choice_3_ro\",\"en\":\"question_12_choice_3_en\"}',0),(79,16,'{\"ro\":\"question_12_choice_4_ro\",\"en\":\"question_12_choice_4_en\"}',0),(80,16,'{\"ro\":\"question_12_choice_5_ro\",\"en\":\"question_12_choice_5_en\"}',0),(81,17,'{\"ro\":\"question_13_choice_1_ro\",\"en\":\"question_13_choice_1_en\"}',0),(82,17,'{\"ro\":\"question_13_choice_2_ro\",\"en\":\"question_13_choice_2_en\"}',0),(83,17,'{\"ro\":\"question_13_choice_3_ro\",\"en\":\"question_13_choice_3_en\"}',0),(84,17,'{\"ro\":\"question_13_choice_4_ro\",\"en\":\"question_13_choice_4_en\"}',0),(85,17,'{\"ro\":\"question_13_choice_5_ro\",\"en\":\"question_13_choice_5_en\"}',0),(86,18,'{\"ro\":\"question_14_choice_1_ro\",\"en\":\"question_14_choice_1_en\"}',0),(87,18,'{\"ro\":\"question_14_choice_2_ro\",\"en\":\"question_14_choice_2_en\"}',0),(88,18,'{\"ro\":\"question_14_choice_3_ro\",\"en\":\"question_14_choice_3_en\"}',0),(89,18,'{\"ro\":\"question_14_choice_4_ro\",\"en\":\"question_14_choice_4_en\"}',0),(90,18,'{\"ro\":\"question_14_choice_5_ro\",\"en\":\"question_14_choice_5_en\"}',0),(91,19,'{\"ro\":\"question_15_choice_1_ro\",\"en\":\"question_15_choice_1_en\"}',0),(92,19,'{\"ro\":\"question_15_choice_2_ro\",\"en\":\"question_15_choice_2_en\"}',0),(93,19,'{\"ro\":\"question_15_choice_3_ro\",\"en\":\"question_15_choice_3_en\"}',0),(94,19,'{\"ro\":\"question_15_choice_4_ro\",\"en\":\"question_15_choice_4_en\"}',0),(95,19,'{\"ro\":\"question_15_choice_5_ro\",\"en\":\"question_15_choice_5_en\"}',0),(96,20,'{\"ro\":\"question_16_choice_1_ro\",\"en\":\"question_16_choice_1_en\"}',0),(97,20,'{\"ro\":\"question_16_choice_2_ro\",\"en\":\"question_16_choice_2_en\"}',0),(98,20,'{\"ro\":\"question_16_choice_3_ro\",\"en\":\"question_16_choice_3_en\"}',0),(99,20,'{\"ro\":\"question_16_choice_4_ro\",\"en\":\"question_16_choice_4_en\"}',0),(100,20,'{\"ro\":\"question_16_choice_5_ro\",\"en\":\"question_16_choice_5_en\"}',0),(101,21,'{\"ro\":\"question_17_choice_1_ro\",\"en\":\"question_17_choice_1_en\"}',0),(102,21,'{\"ro\":\"question_17_choice_2_ro\",\"en\":\"question_17_choice_2_en\"}',0),(103,21,'{\"ro\":\"question_17_choice_3_ro\",\"en\":\"question_17_choice_3_en\"}',0),(104,21,'{\"ro\":\"question_17_choice_4_ro\",\"en\":\"question_17_choice_4_en\"}',0),(105,21,'{\"ro\":\"question_17_choice_5_ro\",\"en\":\"question_17_choice_5_en\"}',0),(106,22,'{\"ro\":\"question_18_choice_1_ro\",\"en\":\"question_18_choice_1_en\"}',0),(107,22,'{\"ro\":\"question_18_choice_2_ro\",\"en\":\"question_18_choice_2_en\"}',0),(108,22,'{\"ro\":\"question_18_choice_3_ro\",\"en\":\"question_18_choice_3_en\"}',0),(109,22,'{\"ro\":\"question_18_choice_4_ro\",\"en\":\"question_18_choice_4_en\"}',0),(110,22,'{\"ro\":\"question_18_choice_5_ro\",\"en\":\"question_18_choice_5_en\"}',0),(111,23,'{\"ro\":\"question_19_choice_1_ro\",\"en\":\"question_19_choice_1_en\"}',0),(112,23,'{\"ro\":\"question_19_choice_2_ro\",\"en\":\"question_19_choice_2_en\"}',0),(113,23,'{\"ro\":\"question_19_choice_3_ro\",\"en\":\"question_19_choice_3_en\"}',0),(114,23,'{\"ro\":\"question_19_choice_4_ro\",\"en\":\"question_19_choice_4_en\"}',0),(115,23,'{\"ro\":\"question_19_choice_5_ro\",\"en\":\"question_19_choice_5_en\"}',0),(116,24,'{\"ro\":\"question_20_choice_1_ro\",\"en\":\"question_20_choice_1_en\"}',0),(117,24,'{\"ro\":\"question_20_choice_2_ro\",\"en\":\"question_20_choice_2_en\"}',0),(118,24,'{\"ro\":\"question_20_choice_3_ro\",\"en\":\"question_20_choice_3_en\"}',0),(119,24,'{\"ro\":\"question_20_choice_4_ro\",\"en\":\"question_20_choice_4_en\"}',0),(120,24,'{\"ro\":\"question_20_choice_5_ro\",\"en\":\"question_20_choice_5_en\"}',0),(121,25,'{\"ro\":\"question_21_choice_1_ro\",\"en\":\"question_21_choice_1_en\"}',0),(122,25,'{\"ro\":\"question_21_choice_2_ro\",\"en\":\"question_21_choice_2_en\"}',0),(123,25,'{\"ro\":\"question_21_choice_3_ro\",\"en\":\"question_21_choice_3_en\"}',0),(124,25,'{\"ro\":\"question_21_choice_4_ro\",\"en\":\"question_21_choice_4_en\"}',0),(125,25,'{\"ro\":\"question_21_choice_5_ro\",\"en\":\"question_21_choice_5_en\"}',0),(126,26,'{\"ro\":\"question_22_choice_1_ro\",\"en\":\"question_22_choice_1_en\"}',0),(127,26,'{\"ro\":\"question_22_choice_2_ro\",\"en\":\"question_22_choice_2_en\"}',0),(128,26,'{\"ro\":\"question_22_choice_3_ro\",\"en\":\"question_22_choice_3_en\"}',0),(129,26,'{\"ro\":\"question_22_choice_4_ro\",\"en\":\"question_22_choice_4_en\"}',0),(130,26,'{\"ro\":\"question_22_choice_5_ro\",\"en\":\"question_22_choice_5_en\"}',0),(131,27,'{\"ro\":\"question_23_choice_1_ro\",\"en\":\"question_23_choice_1_en\"}',0),(132,27,'{\"ro\":\"question_23_choice_2_ro\",\"en\":\"question_23_choice_2_en\"}',0),(133,27,'{\"ro\":\"question_23_choice_3_ro\",\"en\":\"question_23_choice_3_en\"}',0),(134,27,'{\"ro\":\"question_23_choice_4_ro\",\"en\":\"question_23_choice_4_en\"}',0),(135,27,'{\"ro\":\"question_23_choice_5_ro\",\"en\":\"question_23_choice_5_en\"}',0),(136,28,'{\"ro\":\"question_24_choice_1_ro\",\"en\":\"question_24_choice_1_en\"}',0),(137,28,'{\"ro\":\"question_24_choice_2_ro\",\"en\":\"question_24_choice_2_en\"}',0),(138,28,'{\"ro\":\"question_24_choice_3_ro\",\"en\":\"question_24_choice_3_en\"}',0),(139,28,'{\"ro\":\"question_24_choice_4_ro\",\"en\":\"question_24_choice_4_en\"}',0),(140,28,'{\"ro\":\"question_24_choice_5_ro\",\"en\":\"question_24_choice_5_en\"}',0),(141,29,'{\"ro\":\"question_25_choice_1_ro\",\"en\":\"question_25_choice_1_en\"}',0),(142,29,'{\"ro\":\"question_25_choice_2_ro\",\"en\":\"question_25_choice_2_en\"}',0),(143,29,'{\"ro\":\"question_25_choice_3_ro\",\"en\":\"question_25_choice_3_en\"}',0),(144,29,'{\"ro\":\"question_25_choice_4_ro\",\"en\":\"question_25_choice_4_en\"}',0),(145,29,'{\"ro\":\"question_25_choice_5_ro\",\"en\":\"question_25_choice_5_en\"}',0),(146,30,'{\"ro\":\"question_26_choice_1_ro\",\"en\":\"question_26_choice_1_en\"}',0),(147,30,'{\"ro\":\"question_26_choice_2_ro\",\"en\":\"question_26_choice_2_en\"}',0),(148,30,'{\"ro\":\"question_26_choice_3_ro\",\"en\":\"question_26_choice_3_en\"}',0),(149,30,'{\"ro\":\"question_26_choice_4_ro\",\"en\":\"question_26_choice_4_en\"}',0),(150,30,'{\"ro\":\"question_26_choice_5_ro\",\"en\":\"question_26_choice_5_en\"}',0),(151,31,'{\"ro\":\"question_27_choice_1_ro\",\"en\":\"question_27_choice_1_en\"}',0),(152,31,'{\"ro\":\"question_27_choice_2_ro\",\"en\":\"question_27_choice_2_en\"}',0),(153,31,'{\"ro\":\"question_27_choice_3_ro\",\"en\":\"question_27_choice_3_en\"}',0),(154,31,'{\"ro\":\"question_27_choice_4_ro\",\"en\":\"question_27_choice_4_en\"}',0),(155,31,'{\"ro\":\"question_27_choice_5_ro\",\"en\":\"question_27_choice_5_en\"}',0),(156,32,'{\"ro\":\"question_28_choice_1_ro\",\"en\":\"question_28_choice_1_en\"}',0),(157,32,'{\"ro\":\"question_28_choice_2_ro\",\"en\":\"question_28_choice_2_en\"}',0),(158,32,'{\"ro\":\"question_28_choice_3_ro\",\"en\":\"question_28_choice_3_en\"}',0),(159,32,'{\"ro\":\"question_28_choice_4_ro\",\"en\":\"question_28_choice_4_en\"}',0),(160,32,'{\"ro\":\"question_28_choice_5_ro\",\"en\":\"question_28_choice_5_en\"}',0),(161,33,'{\"ro\":\"question_29_choice_1_ro\",\"en\":\"question_29_choice_1_en\"}',0),(162,33,'{\"ro\":\"question_29_choice_2_ro\",\"en\":\"question_29_choice_2_en\"}',0),(163,33,'{\"ro\":\"question_29_choice_3_ro\",\"en\":\"question_29_choice_3_en\"}',0),(164,33,'{\"ro\":\"question_29_choice_4_ro\",\"en\":\"question_29_choice_4_en\"}',0),(165,33,'{\"ro\":\"question_29_choice_5_ro\",\"en\":\"question_29_choice_5_en\"}',0),(166,34,'{\"ro\":\"question_30_choice_1_ro\",\"en\":\"question_30_choice_1_en\"}',0),(167,34,'{\"ro\":\"question_30_choice_2_ro\",\"en\":\"question_30_choice_2_en\"}',0),(168,34,'{\"ro\":\"question_30_choice_3_ro\",\"en\":\"question_30_choice_3_en\"}',0),(169,34,'{\"ro\":\"question_30_choice_4_ro\",\"en\":\"question_30_choice_4_en\"}',0),(170,34,'{\"ro\":\"question_30_choice_5_ro\",\"en\":\"question_30_choice_5_en\"}',0),(171,35,'{\"ro\":\"question_31_choice_1_ro\",\"en\":\"question_31_choice_1_en\"}',0),(172,35,'{\"ro\":\"question_31_choice_2_ro\",\"en\":\"question_31_choice_2_en\"}',0),(173,35,'{\"ro\":\"question_31_choice_3_ro\",\"en\":\"question_31_choice_3_en\"}',0),(174,35,'{\"ro\":\"question_31_choice_4_ro\",\"en\":\"question_31_choice_4_en\"}',0),(175,35,'{\"ro\":\"question_31_choice_5_ro\",\"en\":\"question_31_choice_5_en\"}',0),(176,36,'{\"ro\":\"question_32_choice_1_ro\",\"en\":\"question_32_choice_1_en\"}',0),(177,36,'{\"ro\":\"question_32_choice_2_ro\",\"en\":\"question_32_choice_2_en\"}',0),(178,36,'{\"ro\":\"question_32_choice_3_ro\",\"en\":\"question_32_choice_3_en\"}',0),(179,36,'{\"ro\":\"question_32_choice_4_ro\",\"en\":\"question_32_choice_4_en\"}',0),(180,36,'{\"ro\":\"question_32_choice_5_ro\",\"en\":\"question_32_choice_5_en\"}',0),(181,37,'{\"ro\":\"Acord puternic\",\"en\":\"Acord puternic\"}',1),(182,37,'{\"ro\":\"Intrucatva de acord   \",\"en\":\"Intrucatva de acord   \"}',2),(183,37,'{\"ro\":\"Dezacord partial\",\"en\":\"Dezacord partial\"}',3),(184,37,'{\"ro\":\"Dezacord puternic\",\"en\":\"Dezacord puternic\"}',4),(185,37,'{\"ro\":\"-\",\"en\":\"-\"}',0),(186,38,'{\"ro\":\"Acord puternic\",\"en\":\"Acord puternic\"}',1),(187,38,'{\"ro\":\"Intrucatva de acord  \",\"en\":\"Intrucatva de acord  \"}',2),(188,38,'{\"ro\":\"Dezacord partial\",\"en\":\"Dezacord partial\"}',3),(189,38,'{\"ro\":\"Dezacord puternic\",\"en\":\"Dezacord puternic\"}',4),(190,38,'{\"ro\":\"-\",\"en\":\"-\"}',-1),(191,39,'{\"ro\":\"Acord puternic\",\"en\":\"Acord puternic\"}',1),(192,39,'{\"ro\":\"Intrucatva de acord  \",\"en\":\"Intrucatva de acord  \"}',2),(193,39,'{\"ro\":\"Dezacord partial\",\"en\":\"Dezacord partial\"}',3),(194,39,'{\"ro\":\"Dezacord puternic\",\"en\":\"Dezacord puternic\"}',4),(195,39,'{\"ro\":\"-\",\"en\":\"-\"}',-1),(196,40,'{\"ro\":\"Acord puternic\",\"en\":\"Acord puternic\"}',1),(197,40,'{\"ro\":\"Intrucatva de acord  \",\"en\":\"Intrucatva de acord  \"}',2),(198,40,'{\"ro\":\"Dezacord partial\",\"en\":\"Dezacord partial\"}',3),(199,40,'{\"ro\":\"Dezacord puternic\",\"en\":\"Dezacord puternic\"}',4),(200,40,'{\"ro\":\"-\",\"en\":\"-\"}',-1),(201,41,'{\"ro\":\"Acord puternic\",\"en\":\"Acord puternic\"}',1),(202,41,'{\"ro\":\"Intrucatva de acord  \",\"en\":\"Intrucatva de acord  \"}',2),(203,41,'{\"ro\":\"Dezacord partial\",\"en\":\"Dezacord partial\"}',3),(204,41,'{\"ro\":\"Dezacord puternic\",\"en\":\"Dezacord puternic\"}',4),(205,41,'{\"ro\":\"-\",\"en\":\"-\"}',-1),(206,42,'{\"ro\":\"Acord puternic\",\"en\":\"Acord puternic\"}',1),(207,42,'{\"ro\":\"Intrucatva de acord\",\"en\":\"Intrucatva de acord\"}',2),(208,42,'{\"ro\":\"Dezacord partial\",\"en\":\"Dezacord partial\"}',3),(209,42,'{\"ro\":\"Dezacord puternic\",\"en\":\"Dezacord puternic\"}',4),(210,42,'{\"ro\":\"-\",\"en\":\"-\"}',5),(211,43,'{\"ro\":\"Acord puternic\",\"en\":\"Acord puternic\"}',1),(212,43,'{\"ro\":\"Intrucatva de acord\",\"en\":\"Intrucatva de acord\"}',2),(213,43,'{\"ro\":\"Dezacord partial\",\"en\":\"Dezacord partial\"}',3),(214,43,'{\"ro\":\"Dezacord puternic\",\"en\":\"Dezacord puternic\"}',4),(215,43,'{\"ro\":\"-\",\"en\":\"-\"}',5),(216,44,'{\"ro\":\"Acord puternic\",\"en\":\"Acord puternic\"}',1),(217,44,'{\"ro\":\"Intrucatva de acord\",\"en\":\"Intrucatva de acord\"}',2),(218,44,'{\"ro\":\"Dezacord partial\",\"en\":\"Dezacord partial\"}',3),(219,44,'{\"ro\":\"Dezacord puternic\",\"en\":\"Dezacord puternic\"}',4),(220,44,'{\"ro\":\"-\",\"en\":\"-\"}',5),(221,45,'{\"ro\":\"Acord puternic\",\"en\":\"Acord puternic\"}',1),(222,45,'{\"ro\":\"Intrucatva de acord\",\"en\":\"Intrucatva de acord\"}',2),(223,45,'{\"ro\":\"Dezacord partial\",\"en\":\"Dezacord partial\"}',3),(224,45,'{\"ro\":\"Dezacord puternic\",\"en\":\"Dezacord puternic\"}',4),(225,45,'{\"ro\":\"-\",\"en\":\"-\"}',5),(226,46,'{\"ro\":\"Acord puternic\",\"en\":\"Acord puternic\"}',1),(227,46,'{\"ro\":\"Intrucatva de acord\",\"en\":\"Intrucatva de acord\"}',2),(228,46,'{\"ro\":\"Dezacord partial\",\"en\":\"Dezacord partial\"}',3),(229,46,'{\"ro\":\"Dezacord puternic\",\"en\":\"Dezacord puternic\"}',4),(230,46,'{\"ro\":\"-\",\"en\":\"-\"}',5),(231,47,'{\"ro\":\"Acord puternic\",\"en\":\"Acord puternic\"}',1),(232,47,'{\"ro\":\"Intrucatva de acord\",\"en\":\"Intrucatva de acord\"}',2),(233,47,'{\"ro\":\"Dezacord partial\",\"en\":\"Dezacord partial\"}',3),(234,47,'{\"ro\":\"Dezacord puternic\",\"en\":\"Dezacord puternic\"}',4),(235,47,'{\"ro\":\"-\",\"en\":\"-\"}',5),(236,48,'{\"ro\":\"Acord puternic\",\"en\":\"Acord puternic\"}',1),(237,48,'{\"ro\":\"Intrucatva de acord\",\"en\":\"Intrucatva de acord\"}',2),(238,48,'{\"ro\":\"Dezacord partial\",\"en\":\"Dezacord partial\"}',3),(239,48,'{\"ro\":\"Dezacord puternic\",\"en\":\"Dezacord puternic\"}',4),(240,48,'{\"ro\":\"-\",\"en\":\"-\"}',5),(241,49,'{\"ro\":\"Acord puternic\",\"en\":\"Acord puternic\"}',1),(242,49,'{\"ro\":\"Intrucatva de acord\",\"en\":\"Intrucatva de acord\"}',2),(243,49,'{\"ro\":\"Dezacord partial\",\"en\":\"Dezacord partial\"}',3),(244,49,'{\"ro\":\"Dezacord puternic\",\"en\":\"Dezacord puternic\"}',4),(245,49,'{\"ro\":\"-\",\"en\":\"-\"}',5),(246,50,'{\"ro\":\"Acord puternic\",\"en\":\"Acord puternic\"}',1),(247,50,'{\"ro\":\"Intrucatva de acord\",\"en\":\"Intrucatva de acord\"}',2),(248,50,'{\"ro\":\"Dezacord partial\",\"en\":\"Dezacord partial\"}',3),(249,50,'{\"ro\":\"Dezacord puternic\",\"en\":\"Dezacord puternic\"}',4),(250,50,'{\"ro\":\"-\",\"en\":\"-\"}',5),(251,51,'{\"ro\":\"Acord puternic\",\"en\":\"Acord puternic\"}',1),(252,51,'{\"ro\":\"Intrucatva de acord\",\"en\":\"Intrucatva de acord\"}',2),(253,51,'{\"ro\":\"Dezacord partial\",\"en\":\"Dezacord partial\"}',3),(254,51,'{\"ro\":\"Dezacord puternic\",\"en\":\"Dezacord puternic\"}',4),(255,51,'{\"ro\":\"-\",\"en\":\"-\"}',5),(256,52,'{\"ro\":\"Acord puternic\",\"en\":\"Acord puternic\"}',1),(257,52,'{\"ro\":\"Intrucatva de acord\",\"en\":\"Intrucatva de acord\"}',2),(258,52,'{\"ro\":\"Dezacord partial\",\"en\":\"Dezacord partial\"}',3),(259,52,'{\"ro\":\"Dezacord puternic\",\"en\":\"Dezacord puternic\"}',4),(260,52,'{\"ro\":\"-\",\"en\":\"-\"}',5),(261,53,'{\"ro\":\"Acord puternic\",\"en\":\"Acord puternic\"}',1),(262,53,'{\"ro\":\"Intrucatva de acord\",\"en\":\"Intrucatva de acord\"}',2),(263,53,'{\"ro\":\"Dezacord partial\",\"en\":\"Dezacord partial\"}',3),(264,53,'{\"ro\":\"Dezacord puternic\",\"en\":\"Dezacord puternic\"}',4),(265,53,'{\"ro\":\"-\",\"en\":\"-\"}',5),(266,54,'{\"ro\":\"Acord puternic\",\"en\":\"Acord puternic\"}',1),(267,54,'{\"ro\":\"Intrucatva de acord\",\"en\":\"Intrucatva de acord\"}',2),(268,54,'{\"ro\":\"Dezacord partial\",\"en\":\"Dezacord partial\"}',3),(269,54,'{\"ro\":\"Dezacord puternic\",\"en\":\"Dezacord puternic\"}',4),(270,54,'{\"ro\":\"-\",\"en\":\"-\"}',5),(271,55,'{\"ro\":\"Acord puternic\",\"en\":\"Acord puternic\"}',1),(272,55,'{\"ro\":\"Intrucatva de acord\",\"en\":\"Intrucatva de acord\"}',2),(273,55,'{\"ro\":\"Dezacord partial\",\"en\":\"Dezacord partial\"}',3),(274,55,'{\"ro\":\"Dezacord puternic\",\"en\":\"Dezacord puternic\"}',4),(275,55,'{\"ro\":\"-\",\"en\":\"-\"}',5),(276,56,'{\"ro\":\"Acord puternic\",\"en\":\"Acord puternic\"}',1),(277,56,'{\"ro\":\"Intrucatva de acord\",\"en\":\"Intrucatva de acord\"}',2),(278,56,'{\"ro\":\"Dezacord partial\",\"en\":\"Dezacord partial\"}',3),(279,56,'{\"ro\":\"Dezacord puternic\",\"en\":\"Dezacord puternic\"}',4),(280,56,'{\"ro\":\"-\",\"en\":\"-\"}',5),(281,57,'{\"ro\":\"Acord puternic\",\"en\":\"Acord puternic\"}',1),(282,57,'{\"ro\":\"Intrucatva de acord\",\"en\":\"Intrucatva de acord\"}',2),(283,57,'{\"ro\":\"Dezacord partial\",\"en\":\"Dezacord partial\"}',3),(284,57,'{\"ro\":\"Dezacord puternic\",\"en\":\"Dezacord puternic\"}',4),(285,57,'{\"ro\":\"-\",\"en\":\"-\"}',5),(286,58,'{\"ro\":\"Acord puternic\",\"en\":\"Acord puternic\"}',1),(287,58,'{\"ro\":\"Intrucatva de acord\",\"en\":\"Intrucatva de acord\"}',2),(288,58,'{\"ro\":\"Dezacord partial\",\"en\":\"Dezacord partial\"}',3),(289,58,'{\"ro\":\"Dezacord puternic\",\"en\":\"Dezacord puternic\"}',4),(290,58,'{\"ro\":\"-\",\"en\":\"-\"}',5),(291,59,'{\"ro\":\"Acord puternic\",\"en\":\"Acord puternic\"}',1),(292,59,'{\"ro\":\"Intrucatva de acord\",\"en\":\"Intrucatva de acord\"}',2),(293,59,'{\"ro\":\"Dezacord partial\",\"en\":\"Dezacord partial\"}',3),(294,59,'{\"ro\":\"Dezacord puternic\",\"en\":\"Dezacord puternic\"}',4),(295,59,'{\"ro\":\"-\",\"en\":\"-\"}',5),(296,60,'{\"ro\":\"Acord puternic\",\"en\":\"Acord puternic\"}',1),(297,60,'{\"ro\":\"Intrucatva de acord\",\"en\":\"Intrucatva de acord\"}',2),(298,60,'{\"ro\":\"Dezacord partial\",\"en\":\"Dezacord partial\"}',3),(299,60,'{\"ro\":\"Dezacord puternic\",\"en\":\"Dezacord puternic\"}',4),(300,60,'{\"ro\":\"-\",\"en\":\"-\"}',5),(301,61,'{\"ro\":\"Acord puternic\",\"en\":\"Acord puternic\"}',1),(302,61,'{\"ro\":\"Intrucatva de acord\",\"en\":\"Intrucatva de acord\"}',2),(303,61,'{\"ro\":\"Dezacord partial\",\"en\":\"Dezacord partial\"}',3),(304,61,'{\"ro\":\"Dezacord puternic\",\"en\":\"Dezacord puternic\"}',4),(305,61,'{\"ro\":\"-\",\"en\":\"-\"}',5),(306,62,'{\"ro\":\"Acord puternic\",\"en\":\"Acord puternic\"}',1),(307,62,'{\"ro\":\"Intrucatva de acord\",\"en\":\"Intrucatva de acord\"}',2),(308,62,'{\"ro\":\"Dezacord partial\",\"en\":\"Dezacord partial\"}',3),(309,62,'{\"ro\":\"Dezacord puternic\",\"en\":\"Dezacord puternic\"}',4),(310,62,'{\"ro\":\"-\",\"en\":\"-\"}',5),(311,63,'{\"ro\":\"Acord puternic\",\"en\":\"Acord puternic\"}',1),(312,63,'{\"ro\":\"Intrucatva de acord\",\"en\":\"Intrucatva de acord\"}',2),(313,63,'{\"ro\":\"Dezacord partial\",\"en\":\"Dezacord partial\"}',3),(314,63,'{\"ro\":\"Dezacord puternic\",\"en\":\"Dezacord puternic\"}',4),(315,63,'{\"ro\":\"-\",\"en\":\"-\"}',5),(316,64,'{\"ro\":\"Acord puternic\",\"en\":\"Acord puternic\"}',1),(317,64,'{\"ro\":\"Intrucatva de acord\",\"en\":\"Intrucatva de acord\"}',2),(318,64,'{\"ro\":\"Dezacord partial\",\"en\":\"Dezacord partial\"}',3),(319,64,'{\"ro\":\"Dezacord puternic\",\"en\":\"Dezacord puternic\"}',4),(320,64,'{\"ro\":\"-\",\"en\":\"-\"}',5),(321,65,'{\"ro\":\"Acord puternic\",\"en\":\"Acord puternic\"}',1),(322,65,'{\"ro\":\"Intrucatva de acord\",\"en\":\"Intrucatva de acord\"}',2),(323,65,'{\"ro\":\"Dezacord partial\",\"en\":\"Dezacord partial\"}',3),(324,65,'{\"ro\":\"Dezacord puternic\",\"en\":\"Dezacord puternic\"}',4),(325,65,'{\"ro\":\"-\",\"en\":\"-\"}',5),(326,66,'{\"ro\":\"Acord puternic\",\"en\":\"Acord puternic\"}',1),(327,66,'{\"ro\":\"Intrucatva de acord\",\"en\":\"Intrucatva de acord\"}',2),(328,66,'{\"ro\":\"Dezacord partial\",\"en\":\"Dezacord partial\"}',3),(329,66,'{\"ro\":\"Dezacord puternic\",\"en\":\"Dezacord puternic\"}',4),(330,66,'{\"ro\":\"-\",\"en\":\"-\"}',5),(335,67,'{\"ro\":\"deloc\",\"en\":\"deloc\"}',1),(336,67,'{\"ro\":\"foarte putin\",\"en\":\"foarte putin\"}',2),(337,67,'{\"ro\":\"mediu\",\"en\":\"mediu\"}',3),(338,67,'{\"ro\":\"mult\",\"en\":\"mult\"}',4),(339,67,'{\"ro\":\"foarte mult\",\"en\":\"foarte mult\"}',5),(340,68,'{\"ro\":\"deloc\",\"en\":\"deloc\"}',1),(341,68,'{\"ro\":\"foarte putin\",\"en\":\"foarte putin\"}',2),(342,68,'{\"ro\":\"mediu\",\"en\":\"mediu\"}',3),(343,68,'{\"ro\":\"mult\",\"en\":\"mult\"}',4),(344,68,'{\"ro\":\"foarte mult\",\"en\":\"foarte mult\"}',5),(345,69,'{\"ro\":\"deloc\",\"en\":\"deloc\"}',1),(346,69,'{\"ro\":\"foarte putin\",\"en\":\"foarte putin\"}',2),(347,69,'{\"ro\":\"mediu\",\"en\":\"mediu\"}',3),(348,69,'{\"ro\":\"mult\",\"en\":\"mult\"}',4),(349,69,'{\"ro\":\"foarte mult\",\"en\":\"foarte mult\"}',5),(350,70,'{\"ro\":\"deloc\",\"en\":\"deloc\"}',1),(351,70,'{\"ro\":\"foarte putin\",\"en\":\"foarte putin\"}',2),(352,70,'{\"ro\":\"mediu\",\"en\":\"mediu\"}',3),(353,70,'{\"ro\":\"mult\",\"en\":\"mult\"}',4),(354,70,'{\"ro\":\"foarte mult\",\"en\":\"foarte mult\"}',5),(355,71,'{\"ro\":\"deloc\",\"en\":\"deloc\"}',1),(356,71,'{\"ro\":\"foarte putin\",\"en\":\"foarte putin\"}',2),(357,71,'{\"ro\":\"mediu\",\"en\":\"mediu\"}',3),(358,71,'{\"ro\":\"mult\",\"en\":\"mult\"}',4),(359,71,'{\"ro\":\"foarte mult\",\"en\":\"foarte mult\"}',5),(360,72,'{\"ro\":\"deloc\",\"en\":\"deloc\"}',1),(361,72,'{\"ro\":\"foarte putin\",\"en\":\"foarte putin\"}',2),(362,72,'{\"ro\":\"mediu\",\"en\":\"mediu\"}',3),(363,72,'{\"ro\":\"mult\",\"en\":\"mult\"}',4),(364,72,'{\"ro\":\"foarte mult\",\"en\":\"foarte mult\"}',5),(365,73,'{\"ro\":\"deloc\",\"en\":\"deloc\"}',1),(366,73,'{\"ro\":\"foarte putin\",\"en\":\"foarte putin\"}',2),(367,73,'{\"ro\":\"mediu\",\"en\":\"mediu\"}',3),(368,73,'{\"ro\":\"mult\",\"en\":\"mult\"}',4),(369,73,'{\"ro\":\"foarte mult\",\"en\":\"foarte mult\"}',5),(370,74,'{\"ro\":\"deloc\",\"en\":\"deloc\"}',1),(371,74,'{\"ro\":\"foarte putin\",\"en\":\"foarte putin\"}',2),(372,74,'{\"ro\":\"mediu\",\"en\":\"mediu\"}',3),(373,74,'{\"ro\":\"mult\",\"en\":\"mult\"}',4),(374,74,'{\"ro\":\"foarte mult\",\"en\":\"foarte mult\"}',5),(375,75,'{\"ro\":\"deloc\",\"en\":\"deloc\"}',1),(376,75,'{\"ro\":\"foarte putin\",\"en\":\"foarte putin\"}',2),(377,75,'{\"ro\":\"mediu\",\"en\":\"mediu\"}',3),(378,75,'{\"ro\":\"mult\",\"en\":\"mult\"}',4),(379,75,'{\"ro\":\"foarte mult\",\"en\":\"foarte mult\"}',5),(380,76,'{\"ro\":\"deloc\",\"en\":\"deloc\"}',1),(381,76,'{\"ro\":\"foarte putin\",\"en\":\"foarte putin\"}',2),(382,76,'{\"ro\":\"mediu\",\"en\":\"mediu\"}',3),(383,76,'{\"ro\":\"mult\",\"en\":\"mult\"}',4),(384,76,'{\"ro\":\"foarte mult\",\"en\":\"foarte mult\"}',5),(385,77,'{\"ro\":\"deloc\",\"en\":\"deloc\"}',1),(386,77,'{\"ro\":\"foarte putin\",\"en\":\"foarte putin\"}',2),(387,77,'{\"ro\":\"mediu\",\"en\":\"mediu\"}',3),(388,77,'{\"ro\":\"mult\",\"en\":\"mult\"}',4),(389,77,'{\"ro\":\"foarte mult\",\"en\":\"foarte mult\"}',5),(390,78,'{\"ro\":\"deloc\",\"en\":\"deloc\"}',1),(391,78,'{\"ro\":\"foarte putin\",\"en\":\"foarte putin\"}',2),(392,78,'{\"ro\":\"mediu\",\"en\":\"mediu\"}',3),(393,78,'{\"ro\":\"mult\",\"en\":\"mult\"}',4),(394,78,'{\"ro\":\"foarte mult\",\"en\":\"foarte mult\"}',5),(395,79,'{\"ro\":\"deloc\",\"en\":\"deloc\"}',1),(396,79,'{\"ro\":\"foarte putin\",\"en\":\"foarte putin\"}',2),(397,79,'{\"ro\":\"mediu\",\"en\":\"mediu\"}',3),(398,79,'{\"ro\":\"mult\",\"en\":\"mult\"}',4),(399,79,'{\"ro\":\"foarte mult\",\"en\":\"foarte mult\"}',5),(400,80,'{\"ro\":\"deloc\",\"en\":\"deloc\"}',1),(401,80,'{\"ro\":\"foarte putin\",\"en\":\"foarte putin\"}',2),(402,80,'{\"ro\":\"mediu\",\"en\":\"mediu\"}',3),(403,80,'{\"ro\":\"mult\",\"en\":\"mult\"}',4),(404,80,'{\"ro\":\"foarte mult\",\"en\":\"foarte mult\"}',5),(405,81,'{\"ro\":\"deloc\",\"en\":\"deloc\"}',1),(406,81,'{\"ro\":\"foarte putin\",\"en\":\"foarte putin\"}',2),(407,81,'{\"ro\":\"mediu\",\"en\":\"mediu\"}',3),(408,81,'{\"ro\":\"mult\",\"en\":\"mult\"}',4),(409,81,'{\"ro\":\"foarte mult\",\"en\":\"foarte mult\"}',5),(410,82,'{\"ro\":\"deloc\",\"en\":\"deloc\"}',1),(411,82,'{\"ro\":\"foarte putin\",\"en\":\"foarte putin\"}',2),(412,82,'{\"ro\":\"mediu\",\"en\":\"mediu\"}',3),(413,82,'{\"ro\":\"mult\",\"en\":\"mult\"}',4),(414,82,'{\"ro\":\"foarte mult\",\"en\":\"foarte mult\"}',5),(415,83,'{\"ro\":\"deloc\",\"en\":\"deloc\"}',1),(416,83,'{\"ro\":\"foarte putin\",\"en\":\"foarte putin\"}',2),(417,83,'{\"ro\":\"mediu\",\"en\":\"mediu\"}',3),(418,83,'{\"ro\":\"mult\",\"en\":\"mult\"}',4),(419,83,'{\"ro\":\"foarte mult\",\"en\":\"foarte mult\"}',5),(420,84,'{\"ro\":\"deloc\",\"en\":\"deloc\"}',1),(421,84,'{\"ro\":\"foarte putin\",\"en\":\"foarte putin\"}',2),(422,84,'{\"ro\":\"mediu\",\"en\":\"mediu\"}',3),(423,84,'{\"ro\":\"mult\",\"en\":\"mult\"}',4),(424,84,'{\"ro\":\"foarte mult\",\"en\":\"foarte mult\"}',5),(425,85,'{\"ro\":\"deloc\",\"en\":\"deloc\"}',1),(426,85,'{\"ro\":\"foarte putin\",\"en\":\"foarte putin\"}',2),(427,85,'{\"ro\":\"mediu\",\"en\":\"mediu\"}',3),(428,85,'{\"ro\":\"mult\",\"en\":\"mult\"}',4),(429,85,'{\"ro\":\"foarte mult\",\"en\":\"foarte mult\"}',5),(430,86,'{\"ro\":\"deloc\",\"en\":\"deloc\"}',1),(431,86,'{\"ro\":\"foarte putin\",\"en\":\"foarte putin\"}',2),(432,86,'{\"ro\":\"mediu\",\"en\":\"mediu\"}',3),(433,86,'{\"ro\":\"mult\",\"en\":\"mult\"}',4),(434,86,'{\"ro\":\"foarte mult\",\"en\":\"foarte mult\"}',5),(435,87,'{\"ro\":\"deloc\",\"en\":\"deloc\"}',1),(436,87,'{\"ro\":\"foarte putin\",\"en\":\"foarte putin\"}',2),(437,87,'{\"ro\":\"mediu\",\"en\":\"mediu\"}',3),(438,87,'{\"ro\":\"mult\",\"en\":\"mult\"}',4),(439,87,'{\"ro\":\"foarte mult\",\"en\":\"foarte mult\"}',5),(440,88,'{\"ro\":\"deloc\",\"en\":\"deloc\"}',1),(441,88,'{\"ro\":\"foarte putin\",\"en\":\"foarte putin\"}',2),(442,88,'{\"ro\":\"mediu\",\"en\":\"mediu\"}',3),(443,88,'{\"ro\":\"mult\",\"en\":\"mult\"}',4),(444,88,'{\"ro\":\"foarte mult\",\"en\":\"foarte mult\"}',5),(445,89,'{\"ro\":\"deloc\",\"en\":\"deloc\"}',1),(446,89,'{\"ro\":\"foarte putin\",\"en\":\"foarte putin\"}',2),(447,89,'{\"ro\":\"mediu\",\"en\":\"mediu\"}',3),(448,89,'{\"ro\":\"mult\",\"en\":\"mult\"}',4),(449,89,'{\"ro\":\"foarte mult\",\"en\":\"foarte mult\"}',5),(450,90,'{\"ro\":\"deloc\",\"en\":\"deloc\"}',1),(451,90,'{\"ro\":\"foarte putin\",\"en\":\"foarte putin\"}',2),(452,90,'{\"ro\":\"mediu\",\"en\":\"mediu\"}',3),(453,90,'{\"ro\":\"mult\",\"en\":\"mult\"}',4),(454,90,'{\"ro\":\"foarte mult\",\"en\":\"foarte mult\"}',5),(455,91,'{\"ro\":\"deloc\",\"en\":\"deloc\"}',1),(456,91,'{\"ro\":\"foarte putin\",\"en\":\"foarte putin\"}',2),(457,91,'{\"ro\":\"mediu\",\"en\":\"mediu\"}',3),(458,91,'{\"ro\":\"mult\",\"en\":\"mult\"}',4),(459,91,'{\"ro\":\"foarte mult\",\"en\":\"foarte mult\"}',5),(460,92,'{\"ro\":\"deloc\",\"en\":\"deloc\"}',1),(461,92,'{\"ro\":\"foarte putin\",\"en\":\"foarte putin\"}',2),(462,92,'{\"ro\":\"mediu\",\"en\":\"mediu\"}',3),(463,92,'{\"ro\":\"mult\",\"en\":\"mult\"}',4),(464,92,'{\"ro\":\"foarte mult\",\"en\":\"foarte mult\"}',5),(465,93,'{\"ro\":\"deloc\",\"en\":\"deloc\"}',1),(466,93,'{\"ro\":\"foarte putin\",\"en\":\"foarte putin\"}',2),(467,93,'{\"ro\":\"mediu\",\"en\":\"mediu\"}',3),(468,93,'{\"ro\":\"mult\",\"en\":\"mult\"}',4),(469,93,'{\"ro\":\"foarte mult\",\"en\":\"foarte mult\"}',5),(470,94,'{\"ro\":\"deloc\",\"en\":\"deloc\"}',1),(471,94,'{\"ro\":\"foarte putin\",\"en\":\"foarte putin\"}',2),(472,94,'{\"ro\":\"mediu\",\"en\":\"mediu\"}',3),(473,94,'{\"ro\":\"mult\",\"en\":\"mult\"}',4),(474,94,'{\"ro\":\"foarte mult\",\"en\":\"foarte mult\"}',5),(475,95,'{\"ro\":\"deloc\",\"en\":\"deloc\"}',1),(476,95,'{\"ro\":\"foarte putin\",\"en\":\"foarte putin\"}',2),(477,95,'{\"ro\":\"mediu\",\"en\":\"mediu\"}',3),(478,95,'{\"ro\":\"mult\",\"en\":\"mult\"}',4),(479,95,'{\"ro\":\"foarte mult\",\"en\":\"foarte mult\"}',5),(480,96,'{\"ro\":\"deloc\",\"en\":\"deloc\"}',1),(481,96,'{\"ro\":\"foarte putin\",\"en\":\"foarte putin\"}',2),(482,96,'{\"ro\":\"mediu\",\"en\":\"mediu\"}',3),(483,96,'{\"ro\":\"mult\",\"en\":\"mult\"}',4),(484,96,'{\"ro\":\"foarte mult\",\"en\":\"foarte mult\"}',5),(485,97,'{\"ro\":\"deloc\",\"en\":\"deloc\"}',1),(486,97,'{\"ro\":\"foarte putin\",\"en\":\"foarte putin\"}',2),(487,97,'{\"ro\":\"mediu\",\"en\":\"mediu\"}',3),(488,97,'{\"ro\":\"mult\",\"en\":\"mult\"}',4),(489,97,'{\"ro\":\"foarte mult\",\"en\":\"foarte mult\"}',5),(490,98,'{\"ro\":\"deloc\",\"en\":\"deloc\"}',1),(491,98,'{\"ro\":\"foarte putin\",\"en\":\"foarte putin\"}',2),(492,98,'{\"ro\":\"mediu\",\"en\":\"mediu\"}',3),(493,98,'{\"ro\":\"mult\",\"en\":\"mult\"}',4),(494,98,'{\"ro\":\"foarte mult\",\"en\":\"foarte mult\"}',5),(495,99,'{\"ro\":\"deloc\",\"en\":\"deloc\"}',1),(496,99,'{\"ro\":\"foarte putin\",\"en\":\"foarte putin\"}',2),(497,99,'{\"ro\":\"mediu\",\"en\":\"mediu\"}',3),(498,99,'{\"ro\":\"mult\",\"en\":\"mult\"}',4),(499,99,'{\"ro\":\"foarte mult\",\"en\":\"foarte mult\"}',5),(500,100,'{\"ro\":\"deloc\",\"en\":\"deloc\"}',1),(501,100,'{\"ro\":\"foarte putin\",\"en\":\"foarte putin\"}',2),(502,100,'{\"ro\":\"mediu\",\"en\":\"mediu\"}',3),(503,100,'{\"ro\":\"mult\",\"en\":\"mult\"}',4),(504,100,'{\"ro\":\"foarte mult\",\"en\":\"foarte mult\"}',5),(505,101,'{\"ro\":\"deloc\",\"en\":\"deloc\"}',1),(506,101,'{\"ro\":\"foarte putin\",\"en\":\"foarte putin\"}',2),(507,101,'{\"ro\":\"mediu\",\"en\":\"mediu\"}',3),(508,101,'{\"ro\":\"mult\",\"en\":\"mult\"}',4),(509,101,'{\"ro\":\"foarte mult\",\"en\":\"foarte mult\"}',5),(510,102,'{\"ro\":\"deloc\",\"en\":\"deloc\"}',1),(511,102,'{\"ro\":\"foarte putin\",\"en\":\"foarte putin\"}',2),(512,102,'{\"ro\":\"mediu\",\"en\":\"mediu\"}',3),(513,102,'{\"ro\":\"mult\",\"en\":\"mult\"}',4),(514,102,'{\"ro\":\"foarte mult\",\"en\":\"foarte mult\"}',5),(515,103,'{\"ro\":\"deloc\",\"en\":\"deloc\"}',1),(516,103,'{\"ro\":\"foarte putin\",\"en\":\"foarte putin\"}',2),(517,103,'{\"ro\":\"mediu\",\"en\":\"mediu\"}',3),(518,103,'{\"ro\":\"mult\",\"en\":\"mult\"}',4),(519,103,'{\"ro\":\"foarte mult\",\"en\":\"foarte mult\"}',5),(520,104,'{\"ro\":\"deloc\",\"en\":\"deloc\"}',1),(521,104,'{\"ro\":\"foarte putin\",\"en\":\"foarte putin\"}',2),(522,104,'{\"ro\":\"mediu\",\"en\":\"mediu\"}',3),(523,104,'{\"ro\":\"mult\",\"en\":\"mult\"}',4),(524,104,'{\"ro\":\"foarte mult\",\"en\":\"foarte mult\"}',5),(525,105,'{\"ro\":\"deloc\",\"en\":\"deloc\"}',1),(526,105,'{\"ro\":\"foarte putin\",\"en\":\"foarte putin\"}',2),(527,105,'{\"ro\":\"mediu\",\"en\":\"mediu\"}',3),(528,105,'{\"ro\":\"mult\",\"en\":\"mult\"}',4),(529,105,'{\"ro\":\"foarte mult\",\"en\":\"foarte mult\"}',5),(530,106,'{\"ro\":\"deloc\",\"en\":\"deloc\"}',1),(531,106,'{\"ro\":\"foarte putin\",\"en\":\"foarte putin\"}',2),(532,106,'{\"ro\":\"mediu\",\"en\":\"mediu\"}',3),(533,106,'{\"ro\":\"mult\",\"en\":\"mult\"}',4),(534,106,'{\"ro\":\"foarte mult\",\"en\":\"foarte mult\"}',5),(535,107,'{\"ro\":\"deloc\",\"en\":\"deloc\"}',1),(536,107,'{\"ro\":\"foarte putin\",\"en\":\"foarte putin\"}',2),(537,107,'{\"ro\":\"mediu\",\"en\":\"mediu\"}',3),(538,107,'{\"ro\":\"mult\",\"en\":\"mult\"}',4),(539,107,'{\"ro\":\"foarte mult\",\"en\":\"foarte mult\"}',5),(540,108,'{\"ro\":\"deloc\",\"en\":\"deloc\"}',1),(541,108,'{\"ro\":\"foarte putin\",\"en\":\"foarte putin\"}',2),(542,108,'{\"ro\":\"mediu\",\"en\":\"mediu\"}',3),(543,108,'{\"ro\":\"mult\",\"en\":\"mult\"}',4),(544,108,'{\"ro\":\"foarte mult\",\"en\":\"foarte mult\"}',5),(545,109,'{\"ro\":\"deloc\",\"en\":\"deloc\"}',1),(546,109,'{\"ro\":\"foarte putin\",\"en\":\"foarte putin\"}',2),(547,109,'{\"ro\":\"mediu\",\"en\":\"mediu\"}',3),(548,109,'{\"ro\":\"mult\",\"en\":\"mult\"}',4),(549,109,'{\"ro\":\"foarte mult\",\"en\":\"foarte mult\"}',5),(550,110,'{\"ro\":\"unu\",\"en\":\"one\"}',1),(551,110,'{\"ro\":\"doi\",\"en\":\"two\"}',2);
/*!40000 ALTER TABLE `choices` ENABLE KEYS */;
UNLOCK TABLES;

--
-- Table structure for table `emails`
--

DROP TABLE IF EXISTS `emails`;
/*!40101 SET @saved_cs_client     = @@character_set_client */;
/*!40101 SET character_set_client = utf8 */;
CREATE TABLE `emails` (
  `email_id` int(11) NOT NULL auto_increment,
  `name` text NOT NULL,
  `body` text NOT NULL,
  PRIMARY KEY  (`email_id`)
) ENGINE=InnoDB AUTO_INCREMENT=3 DEFAULT CHARSET=utf8;
/*!40101 SET character_set_client = @saved_cs_client */;

--
-- Dumping data for table `emails`
--

LOCK TABLES `emails` WRITE;
/*!40000 ALTER TABLE `emails` DISABLE KEYS */;
INSERT INTO `emails` VALUES (1,'{\"ro\":\"email t&gt;emp&quot;lat&quot;e ro\",\"en\":\"email tem&quot;&quot;plate en\"}','{\"ro\":\"corp ema&quot;&quot;il tem&gt;plate\",\"en\":\"email template body\"}'),(2,'{\"ro\":\"example@exampl&quot;&gt;e.com\",\"en\":\"example@example.com\"}','{\"ro\":\"email_body_ro\",\"en\":\"email_body_en\"}');
/*!40000 ALTER TABLE `emails` ENABLE KEYS */;
UNLOCK TABLES;

--
-- Table structure for table `liste`
--

DROP TABLE IF EXISTS `liste`;
/*!40101 SET @saved_cs_client     = @@character_set_client */;
/*!40101 SET character_set_client = utf8 */;
CREATE TABLE `liste` (
  `list_id` int(11) NOT NULL auto_increment,
  `name` text NOT NULL,
  `desc` text NOT NULL,
  `public` enum('0','1') NOT NULL default '0',
  PRIMARY KEY  (`list_id`)
) ENGINE=MyISAM AUTO_INCREMENT=11 DEFAULT CHARSET=utf8;
/*!40101 SET character_set_client = @saved_cs_client */;

--
-- Dumping data for table `liste`
--

LOCK TABLES `liste` WRITE;
/*!40000 ALTER TABLE `liste` DISABLE KEYS */;
INSERT INTO `liste` VALUES (1,'{\"ro\":\"Participare la studiu\",\"en\":\"Interest in being evaluated\"}','{\"ro\":\"asdfgh\",\"en\":\"desription list no 1\"}','1'),(2,'{\"ro\":\"Interesat de evaluarea personalului companiei\",\"en\":\"Interested in evaluating the company staff\"}','{\"ro\":\"descriere lista nr. 2\",\"en\":\"description list no. 2\"}','1'),(3,'{\"ro\":\"Newsletter\",\"en\":\"Newsletter\"}','{\"ro\":\"list_desc_ro\",\"en\":\"list_desc_en\"}','1'),(10,'{\"ro\":\"list_name_ro\",\"en\":\"list_name_en\"}','{\"ro\":\"list_desc_ro\",\"en\":\"list_desc_en\"}','0');
/*!40000 ALTER TABLE `liste` ENABLE KEYS */;
UNLOCK TABLES;

--
-- Table structure for table `marital_satiffaction`
--

DROP TABLE IF EXISTS `marital_satiffaction`;
/*!40101 SET @saved_cs_client     = @@character_set_client */;
/*!40101 SET character_set_client = utf8 */;
CREATE TABLE `marital_satiffaction` (
  `id` int(11) NOT NULL auto_increment,
  `email` varchar(255) default NULL,
  `ip` varchar(255) default NULL,
  `data` text,
  KEY `id` (`id`),
  KEY `email` (`email`,`ip`)
) ENGINE=MyISAM AUTO_INCREMENT=78 DEFAULT CHARSET=latin1;
/*!40101 SET character_set_client = @saved_cs_client */;

--
-- Dumping data for table `marital_satiffaction`
--

LOCK TABLES `marital_satiffaction` WRITE;
/*!40000 ALTER TABLE `marital_satiffaction` DISABLE KEYS */;
INSERT INTO `marital_satiffaction` VALUES (14,'','188.24.52.182','{\"a1\":\"ELENACAPRAR@YAHOO.COM\",\"a2\":\"Feminin\",\"a3\":\"31\",\"a4\":\"6\",\"a5\":\"1\",\"a6\":\"1\",\"a7\":\"licenta sau masterat\",\"a8\":\"mult peste media din tara mea\",\"a9\":\"Ortodox\",\"a10\":\"\",\"a11\":\"5\",\"a12\":\"-1 Dezacord usor\",\"a13\":\"+1 Mai degraba da\",\"a14\":\"0 Nici da nici nu\",\"a15\":\"0 Nici da nici nu\",\"a16\":\"0 Nici da nici nu\",\"a17\":\"+2 Da\",\"a18\":\"+2 Da\",\"a19\":\"+1 Mai degraba da\",\"a20\":\"+1 Mai degraba da\",\"a21\":\"+1 Mai degraba da\",\"a22\":\"5\",\"a23\":\"4\",\"a24\":\"4\",\"a25\":\"Acord usor\",\"a26\":\"Acord puternic\",\"a27\":\"Dezacord usor\",\"a28\":\"Nici acord, nici dezacord\",\"a29\":\"Dezacord usor\",\"a30\":\"Acord moderat\",\"a31\":\"Dezacord usor\",\"a32\":\"Acord usor\",\"a33\":\"des\",\"a34\":\"des\",\"a35\":\"rar\",\"a36\":\"foarte des\",\"a37\":\"rar\",\"a38\":\"cateodata\",\"a39\":\"cateodata\",\"a40\":\"rar\",\"a41\":\"rar\",\"a42\":\"cateodata\",\"a43\":\"cateodata\",\"a44\":\"De obicei\",\"a45\":\"Multa influenta\",\"a46\":\"De obicei\",\"a47\":\"Multa influenta\",\"a48\":\"Da\",\"a49\":\"Foarte important\",\"a50\":\"Mai sensibil decat ceilalti\",\"a51\":\"\",\"a52\":\"\",\"a53\":\"\"}'),(15,'','92.141.29.120','{\"a1\":\"monica_tkd@yahoo.com\",\"a2\":\"Feminin\",\"a3\":\"25\",\"a4\":\"1\",\"a5\":\"0\",\"a6\":\"2\",\"a7\":\"licenta sau masterat\",\"a8\":\"similara cu media din tara mea\",\"a9\":\"Ortodox\",\"a10\":\"\",\"a11\":\"2\",\"a12\":\"+1 Acord usor\",\"a13\":\"+2 Da\",\"a14\":\"+2 Da\",\"a15\":\"+2 Da\",\"a16\":\"+2 Da\",\"a17\":\"+2 Da\",\"a18\":\"+2 Da\",\"a19\":\"+2 Da\",\"a20\":\"+2 Da\",\"a21\":\"+2 Da\",\"a22\":\"7 foarte satisfacut\",\"a23\":\"7 foarte satisfacut\",\"a24\":\"7 foarte satisfacut\",\"a25\":\"Acord moderat\",\"a26\":\"Acord puternic\",\"a27\":\"Nici acord, nici dezacord\",\"a28\":\"Acord puternic\",\"a29\":\"Dezacord moderat\",\"a30\":\"Acord moderat\",\"a31\":\"Dezacord puternic\",\"a32\":\"Dezacord puternic\",\"a33\":\"foarte des\",\"a34\":\"foarte des\",\"a35\":\"niciodata / foarte rar\",\"a36\":\"niciodata / foarte rar\",\"a37\":\"des\",\"a38\":\"foarte des\",\"a39\":\"rar\",\"a40\":\"foarte des\",\"a41\":\"rar\",\"a42\":\"foarte des\",\"a43\":\"des\",\"a44\":\"Intotdeauna\",\"a45\":\"Influenta moderata\",\"a46\":\"Intotdeauna\",\"a47\":\"(Aproape) nu are influenta\",\"a48\":\"Da\",\"a49\":\"Destul de important\",\"a50\":\"Mai putin sensibil decat ceilalti\",\"a51\":\"4\",\"a52\":\"3\",\"a53\":\"2\"}'),(16,'','89.123.1.114','{\"a1\":\"monituric@yahoo.com\",\"a2\":\"Feminin\",\"a3\":\"38\",\"a4\":\"10\",\"a5\":\"0\",\"a6\":\"0\",\"a7\":\"nicio educatie formala\",\"a8\":\"peste media din tara mea\",\"a9\":\"Ortodox\",\"a10\":\"\",\"a11\":\"2\",\"a12\":\"-2 Dezacord\",\"a13\":\"+2 Da\",\"a14\":\"0 Nici da nici nu\",\"a15\":\"+1 Mai degraba da\",\"a16\":\"+1 Mai degraba da\",\"a17\":\"+2 Da\",\"a18\":\"+2 Da\",\"a19\":\"+2 Da\",\"a20\":\"-1 Mai degraba nu\",\"a21\":\"+2 Da\",\"a22\":\"4\",\"a23\":\"3\",\"a24\":\"4\",\"a25\":\"Dezacord moderat\",\"a26\":\"Acord moderat\",\"a27\":\"Acord puternic\",\"a28\":\"Acord puternic\",\"a29\":\"Nici acord, nici dezacord\",\"a30\":\"Acord moderat\",\"a31\":\"Acord puternic\",\"a32\":\"Dezacord moderat\",\"a33\":\"cateodata\",\"a34\":\"des\",\"a35\":\"cateodata\",\"a36\":\"des\",\"a37\":\"rar\",\"a38\":\"des\",\"a39\":\"cateodata\",\"a40\":\"cateodata\",\"a41\":\"cateodata\",\"a42\":\"des\",\"a43\":\"cateodata\",\"a44\":\"Intotdeauna\",\"a45\":\"Foarte multa influenta\",\"a46\":\"Intotdeauna\",\"a47\":\"Influenta moderata\",\"a48\":\"Da\",\"a49\":\"Foarte important\",\"a50\":\"Mai sensibil decat ceilalti\",\"a51\":\"2\",\"a52\":\"2\",\"a53\":\"2\"}'),(17,'','79.112.179.224','{\"a1\":\"cristianonesifereanu@yahoo.com\",\"a2\":\"Masculin\",\"a3\":\"42\",\"a4\":\"3\",\"a5\":\"1\",\"a6\":\"1 copil care este al meu din prima casatorie\",\"a7\":\"licenta sau masterat\",\"a8\":\"similara cu media din tara mea\",\"a9\":\"Ortodox\",\"a10\":\"\",\"a11\":\"4 - moderat\",\"a12\":\"+1 Acord usor\",\"a13\":\"+1 Mai degraba da\",\"a15\":\"+2 Da\",\"a16\":\"+1 Mai degraba da\",\"a17\":\"0 Nici da nici nu\",\"a18\":\"+1 Mai degraba da\",\"a19\":\"+2 Da\",\"a20\":\"+1 Mai degraba da\",\"a21\":\"+1 Mai degraba da\",\"a22\":\"5\",\"a23\":\"6\",\"a24\":\"6\",\"a25\":\"Acord usor\",\"a26\":\"Acord moderat\",\"a27\":\"Nici acord, nici dezacord\",\"a28\":\"Nici acord, nici dezacord\",\"a29\":\"Acord usor\",\"a30\":\"Acord usor\",\"a31\":\"Acord moderat\",\"a32\":\"Acord usor\",\"a33\":\"cateodata\",\"a34\":\"cateodata\",\"a35\":\"cateodata\",\"a36\":\"rar\",\"a37\":\"cateodata\",\"a38\":\"des\",\"a39\":\"rar\",\"a40\":\"des\",\"a41\":\"rar\",\"a42\":\"cateodata\",\"a43\":\"cateodata\",\"a44\":\"Rar\",\"a45\":\"Multa influenta\",\"a46\":\"Cateodata\",\"a47\":\"Influenta moderata\",\"a48\":\"Probabil\",\"a49\":\"Destul de important\",\"a50\":\"La fel de sensibil ca ceilalti\",\"a51\":\"3\",\"a52\":\"3\",\"a53\":\"2\"}'),(18,'','188.241.43.41','{\"a1\":\"opricopi@yahoo.com\",\"a2\":\"Feminin\",\"a3\":\"39\",\"a4\":\"15\",\"a5\":\"2\",\"a6\":\"2\",\"a7\":\"licenta sau masterat\",\"a8\":\"peste media din tara mea\",\"a9\":\"Ortodox\",\"a10\":\"\",\"a11\":\"4 - moderat\",\"a12\":\"0 Nici acord, nici dezacord\",\"a13\":\"+2 Da\",\"a14\":\"+2 Da\",\"a15\":\"+2 Da\",\"a16\":\"+1 Mai degraba da\",\"a17\":\"+2 Da\",\"a18\":\"+2 Da\",\"a19\":\"+2 Da\",\"a20\":\"+2 Da\",\"a21\":\"+2 Da\",\"a22\":\"7 foarte satisfacut\",\"a23\":\"6\",\"a24\":\"7 foarte satisfacut\",\"a25\":\"Acord usor\",\"a26\":\"Acord puternic\",\"a27\":\"Dezacord usor\",\"a28\":\"Acord usor\",\"a29\":\"Acord usor\",\"a30\":\"Acord puternic\",\"a31\":\"Dezacord puternic\",\"a32\":\"Nici acord, nici dezacord\",\"a33\":\"cateodata\",\"a34\":\"des\",\"a35\":\"foarte des\",\"a36\":\"des\",\"a37\":\"foarte des\",\"a38\":\"cateodata\",\"a39\":\"cateodata\",\"a40\":\"cateodata\",\"a41\":\"rar\",\"a42\":\"des\",\"a43\":\"des\",\"a44\":\"Intotdeauna\",\"a45\":\"Multa influenta\",\"a46\":\"De obicei\",\"a47\":\"Multa influenta\",\"a48\":\"Da\",\"a49\":\"Putin important\",\"a50\":\"Mai putin sensibil decat ceilalti\",\"a51\":\"5\",\"a52\":\"2\",\"a53\":\"2\"}'),(19,'','92.86.70.167','{\"a1\":\"daninicoara@yahoo.it\",\"a2\":\"Masculin\",\"a3\":\"28\",\"a4\":\"3\",\"a5\":\"1\",\"a6\":\"1\",\"a7\":\"licenta sau masterat\",\"a8\":\"peste media din tara mea\",\"a9\":\"Nici una\",\"a10\":\"\",\"a11\":\"4 - moderat\",\"a12\":\"0 Nici acord, nici dezacord\",\"a13\":\"+2 Da\",\"a14\":\"+2 Da\",\"a15\":\"+2 Da\",\"a16\":\"+2 Da\",\"a18\":\"+2 Da\",\"a19\":\"+2 Da\",\"a20\":\"+2 Da\",\"a21\":\"+2 Da\",\"a22\":\"5\",\"a23\":\"5\",\"a24\":\"4\",\"a25\":\"Nici acord, nici dezacord\",\"a26\":\"Nici acord, nici dezacord\",\"a27\":\"Nici acord, nici dezacord\",\"a28\":\"Nici acord, nici dezacord\",\"a29\":\"Nici acord, nici dezacord\",\"a30\":\"Nici acord, nici dezacord\",\"a32\":\"Nici acord, nici dezacord\",\"a33\":\"des\",\"a34\":\"foarte des\",\"a35\":\"rar\",\"a36\":\"rar\",\"a37\":\"des\",\"a38\":\"des\",\"a39\":\"niciodata / foarte rar\",\"a40\":\"foarte des\",\"a41\":\"foarte des\",\"a42\":\"des\",\"a43\":\"des\",\"a44\":\"Cateodata\",\"a45\":\"Multa influenta\",\"a46\":\"De obicei\",\"a47\":\"Multa influenta\",\"a48\":\"Nu\",\"a49\":\"Destul de important\",\"a50\":\"La fel de sensibil ca ceilalti\",\"a51\":\"3\",\"a52\":\"3\",\"a53\":\"2\"}'),(20,'','188.24.17.58','{\"a1\":\"izabela_moldovanu@yahoo.com\",\"a2\":\"Feminin\",\"a3\":\"27\",\"a4\":\"4\",\"a5\":\"nu\",\"a6\":\"nu\",\"a7\":\"licenta sau masterat\",\"a8\":\"similara cu media din tara mea\",\"a9\":\"Catolic\",\"a10\":\"\",\"a11\":\"3\",\"a12\":\"-2 Dezacord\",\"a13\":\"+2 Da\",\"a14\":\"+2 Da\",\"a15\":\"+2 Da\",\"a16\":\"+2 Da\",\"a17\":\"+2 Da\",\"a18\":\"+2 Da\",\"a19\":\"+2 Da\",\"a20\":\"+2 Da\",\"a21\":\"+2 Da\",\"a22\":\"5\",\"a23\":\"6\",\"a24\":\"6\",\"a25\":\"Nici acord, nici dezacord\",\"a26\":\"Acord moderat\",\"a27\":\"Dezacord usor\",\"a28\":\"Dezacord usor\",\"a29\":\"Acord usor\",\"a30\":\"Acord usor\",\"a31\":\"Dezacord moderat\",\"a32\":\"Dezacord puternic\",\"a33\":\"des\",\"a34\":\"foarte des\",\"a35\":\"cateodata\",\"a36\":\"cateodata\",\"a37\":\"cateodata\",\"a38\":\"des\",\"a39\":\"cateodata\",\"a40\":\"cateodata\",\"a41\":\"cateodata\",\"a42\":\"des\",\"a43\":\"des\",\"a44\":\"Cateodata\",\"a45\":\"Multa influenta\",\"a46\":\"De obicei\",\"a47\":\"Multa influenta\",\"a48\":\"Da\",\"a49\":\"Foarte important\",\"a50\":\"Mai sensibil decat ceilalti\",\"a51\":\"9\",\"a52\":\"9\",\"a53\":\"10\"}'),(21,'','79.114.225.35','{\"a1\":\"andre_satumare@yahoo.com\",\"a2\":\"Feminin\",\"a3\":\"37\",\"a4\":\"5 ani\",\"a5\":\"1\",\"a6\":\"1\",\"a7\":\"licenta sau masterat\",\"a8\":\"similara cu media din tara mea\",\"a9\":\"Catolic\",\"a10\":\"\",\"a11\":\"4 - moderat\",\"a12\":\"+1 Acord usor\",\"a13\":\"+2 Da\",\"a14\":\"+2 Da\",\"a15\":\"+2 Da\",\"a16\":\"+2 Da\",\"a17\":\"+1 Mai degraba da\",\"a18\":\"+2 Da\",\"a19\":\"+2 Da\",\"a20\":\"+1 Mai degraba da\",\"a21\":\"+2 Da\",\"a22\":\"6\",\"a23\":\"6\",\"a24\":\"6\",\"a25\":\"Acord moderat\",\"a26\":\"Acord moderat\",\"a27\":\"Acord usor\",\"a28\":\"Dezacord usor\",\"a29\":\"Acord moderat\",\"a30\":\"Acord moderat\",\"a31\":\"Acord moderat\",\"a32\":\"Acord usor\",\"a33\":\"des\",\"a34\":\"cateodata\",\"a35\":\"niciodata / foarte rar\",\"a36\":\"cateodata\",\"a37\":\"cateodata\",\"a38\":\"cateodata\",\"a39\":\"niciodata / foarte rar\",\"a40\":\"cateodata\",\"a41\":\"niciodata / foarte rar\",\"a42\":\"des\",\"a43\":\"des\",\"a44\":\"Rar\",\"a45\":\"Influenta moderata\",\"a46\":\"Rar\",\"a47\":\"Influenta moderata\",\"a48\":\"Probabil\",\"a49\":\"Destul de important\",\"a50\":\"La fel de sensibil ca ceilalti\",\"a51\":\"8\",\"a52\":\"8\",\"a53\":\"8\"}'),(22,'','92.80.23.23','{\"a1\":\"gabi2baicus@yahoo.com\",\"a2\":\"Feminin\",\"a3\":\"29\",\"a4\":\"5 ani\",\"a5\":\"0\",\"a6\":\"0\",\"a7\":\"licenta sau masterat\",\"a8\":\"similara cu media din tara mea\",\"a9\":\"Ortodox\",\"a10\":\"\",\"a11\":\"5\",\"a12\":\"+1 Acord usor\",\"a13\":\"+2 Da\",\"a14\":\"+2 Da\",\"a15\":\"+2 Da\",\"a16\":\"+2 Da\",\"a17\":\"+2 Da\",\"a18\":\"+2 Da\",\"a19\":\"+2 Da\",\"a20\":\"+2 Da\",\"a21\":\"+2 Da\",\"a22\":\"7 foarte satisfacut\",\"a23\":\"6\",\"a24\":\"6\",\"a25\":\"Dezacord usor\",\"a26\":\"Acord moderat\",\"a27\":\"Dezacord usor\",\"a28\":\"Acord moderat\",\"a29\":\"Acord usor\",\"a30\":\"Acord usor\",\"a31\":\"Dezacord usor\",\"a32\":\"Dezacord moderat\",\"a33\":\"des\",\"a34\":\"foarte des\",\"a35\":\"rar\",\"a36\":\"rar\",\"a37\":\"cateodata\",\"a38\":\"foarte des\",\"a39\":\"des\",\"a40\":\"foarte des\",\"a41\":\"niciodata / foarte rar\",\"a42\":\"foarte des\",\"a43\":\"des\",\"a44\":\"Cateodata\",\"a45\":\"Multa influenta\",\"a46\":\"De obicei\",\"a47\":\"Multa influenta\",\"a48\":\"Da\",\"a49\":\"Foarte important\",\"a50\":\"Mai sensibil decat ceilalti\",\"a51\":\"3\",\"a52\":\"2\",\"a53\":\"1\"}'),(23,'','82.79.71.147','{\"a1\":\"mircea_prv@yahoo.com\",\"a2\":\"Masculin\",\"a3\":\"33\",\"a4\":\"9 ani\",\"a5\":\"1 \",\"a6\":\"1 al meu si 2 frati ai sotie  peste 25 ani ii ajut sa zic asa\",\"a10\":\"\",\"a51\":\"1\",\"a52\":\"1\",\"a53\":\"1\"}'),(24,'','109.99.239.16','{\"a1\":\"pacostin@gmail.com\",\"a2\":\"Masculin\",\"a3\":\"45\",\"a4\":\"23\",\"a5\":\"1\",\"a6\":\"1\",\"a7\":\"licenta sau masterat\",\"a8\":\"peste media din tara mea\",\"a9\":\"Ortodox\",\"a10\":\"\",\"a11\":\"2\",\"a12\":\"-3 Dezacord puternic\",\"a13\":\"+2 Da\",\"a14\":\"+2 Da\",\"a15\":\"+2 Da\",\"a16\":\"+2 Da\",\"a17\":\"+2 Da\",\"a18\":\"+1 Mai degraba da\",\"a19\":\"+1 Mai degraba da\",\"a20\":\"+2 Da\",\"a21\":\"+2 Da\",\"a22\":\"7 foarte satisfacut\",\"a23\":\"7 foarte satisfacut\",\"a24\":\"6\",\"a25\":\"Acord usor\",\"a26\":\"Acord puternic\",\"a27\":\"Acord usor\",\"a28\":\"Acord moderat\",\"a29\":\"Dezacord usor\",\"a30\":\"Acord moderat\",\"a31\":\"Dezacord moderat\",\"a32\":\"Dezacord usor\",\"a33\":\"cateodata\",\"a34\":\"cateodata\",\"a35\":\"rar\",\"a36\":\"foarte des\",\"a37\":\"des\",\"a38\":\"des\",\"a39\":\"rar\",\"a40\":\"des\",\"a41\":\"rar\",\"a42\":\"cateodata\",\"a43\":\"foarte des\",\"a44\":\"Rar\",\"a45\":\"Foarte multa influenta\",\"a46\":\"De obicei\",\"a47\":\"Multa influenta\",\"a48\":\"Da\",\"a49\":\"Destul de important\",\"a50\":\"La fel de sensibil ca ceilalti\",\"a51\":\"9\",\"a52\":\"10\",\"a53\":\"10\"}'),(25,'','213.233.90.28','{\"a1\":\"alina.costin@cfcecas.ro\",\"a2\":\"Feminin\",\"a3\":\"38 ani\",\"a4\":\"3 ani\",\"a5\":\"0\",\"a6\":\"3\",\"a7\":\"licenta sau masterat\",\"a8\":\"peste media din tara mea\",\"a9\":\"Ortodox\",\"a10\":\"\",\"a11\":\"5\",\"a12\":\"-2 Dezacord\",\"a13\":\"+2 Da\",\"a14\":\"+2 Da\",\"a15\":\"+2 Da\",\"a16\":\"+2 Da\",\"a17\":\"+2 Da\",\"a18\":\"+2 Da\",\"a19\":\"+2 Da\",\"a20\":\"+2 Da\",\"a21\":\"+2 Da\",\"a22\":\"7 foarte satisfacut\",\"a23\":\"7 foarte satisfacut\",\"a24\":\"7 foarte satisfacut\",\"a25\":\"Acord usor\",\"a26\":\"Acord puternic\",\"a27\":\"Acord usor\",\"a28\":\"Acord moderat\",\"a29\":\"Acord moderat\",\"a30\":\"Acord moderat\",\"a31\":\"Dezacord puternic\",\"a32\":\"Dezacord puternic\",\"a33\":\"des\",\"a34\":\"foarte des\",\"a35\":\"niciodata / foarte rar\",\"a36\":\"cateodata\",\"a37\":\"cateodata\",\"a38\":\"cateodata\",\"a39\":\"niciodata / foarte rar\",\"a40\":\"des\",\"a41\":\"rar\",\"a42\":\"des\",\"a43\":\"des\",\"a44\":\"De obicei\",\"a45\":\"Foarte multa influenta\",\"a46\":\"Intotdeauna\",\"a47\":\"Multa influenta\",\"a48\":\"Da\",\"a49\":\"Foarte important\",\"a50\":\"Mult mai sensibil decat ceilalti\",\"a51\":\"\",\"a52\":\"\",\"a53\":\"\"}'),(26,'','194.102.208.11','{\"a1\":\"\",\"a3\":\"\",\"a4\":\"\",\"a5\":\"\",\"a6\":\"\",\"a10\":\"\",\"a51\":\"\",\"a52\":\"\",\"a53\":\"\"}'),(27,'','85.186.103.188','{\"a1\":\"lumilaza@yahoo.com\",\"a2\":\"Feminin\",\"a3\":\"35\",\"a4\":\"4\",\"a5\":\"1\",\"a6\":\"1\",\"a7\":\"licenta sau masterat\",\"a8\":\"peste media din tara mea\",\"a9\":\"Ortodox\",\"a10\":\"\",\"a11\":\"4 - moderat\",\"a12\":\"-2 Dezacord\",\"a13\":\"+2 Da\",\"a14\":\"+1 Mai degraba da\",\"a15\":\"+2 Da\",\"a16\":\"+2 Da\",\"a17\":\"+2 Da\",\"a18\":\"+2 Da\",\"a19\":\"+2 Da\",\"a20\":\"+2 Da\",\"a21\":\"+2 Da\",\"a22\":\"6\",\"a23\":\"6\",\"a24\":\"6\",\"a25\":\"Acord moderat\",\"a26\":\"Acord puternic\",\"a27\":\"Acord usor\",\"a28\":\"Acord moderat\",\"a29\":\"Acord moderat\",\"a30\":\"Acord puternic\",\"a31\":\"Dezacord moderat\",\"a32\":\"Dezacord moderat\",\"a33\":\"des\",\"a34\":\"foarte des\",\"a35\":\"niciodata / foarte rar\",\"a36\":\"cateodata\",\"a37\":\"des\",\"a38\":\"des\",\"a39\":\"rar\",\"a40\":\"cateodata\",\"a41\":\"rar\",\"a42\":\"des\",\"a43\":\"des\",\"a44\":\"Cateodata\",\"a45\":\"Multa influenta\",\"a46\":\"Cateodata\",\"a47\":\"Multa influenta\",\"a48\":\"Probabil\",\"a49\":\"Destul de important\",\"a50\":\"La fel de sensibil ca ceilalti\",\"a51\":\"\",\"a52\":\"\",\"a53\":\"\"}'),(28,'','86.123.3.252','{\"a1\":\"crisan77cristina@yahoo.com\",\"a2\":\"Feminin\",\"a3\":\"34\",\"a4\":\"9 ani\",\"a5\":\"1\",\"a6\":\"\",\"a7\":\"licenta sau masterat\",\"a8\":\"peste media din tara mea\",\"a9\":\"Ortodox\",\"a10\":\"\",\"a11\":\"4 - moderat\",\"a12\":\"0 Nici acord, nici dezacord\",\"a13\":\"+2 Da\",\"a14\":\"+2 Da\",\"a15\":\"+2 Da\",\"a16\":\"+2 Da\",\"a17\":\"+2 Da\",\"a18\":\"+2 Da\",\"a19\":\"+2 Da\",\"a20\":\"+1 Mai degraba da\",\"a21\":\"+2 Da\",\"a22\":\"7 foarte satisfacut\",\"a23\":\"6\",\"a24\":\"7 foarte satisfacut\",\"a25\":\"Acord moderat\",\"a26\":\"Acord puternic\",\"a27\":\"Dezacord usor\",\"a28\":\"Acord usor\",\"a29\":\"Acord moderat\",\"a30\":\"Acord puternic\",\"a31\":\"Dezacord puternic\",\"a32\":\"Dezacord moderat\",\"a33\":\"foarte des\",\"a34\":\"foarte des\",\"a35\":\"niciodata / foarte rar\",\"a36\":\"cateodata\",\"a37\":\"foarte des\",\"a38\":\"foarte des\",\"a39\":\"niciodata / foarte rar\",\"a40\":\"niciodata / foarte rar\",\"a41\":\"rar\",\"a43\":\"foarte des\",\"a44\":\"Cateodata\",\"a45\":\"Foarte multa influenta\",\"a46\":\"Intotdeauna\",\"a47\":\"Putina influenta\",\"a48\":\"Da\",\"a49\":\"Foarte important\",\"a50\":\"Mult mai sensibil decat ceilalti\",\"a51\":\"\",\"a52\":\"\",\"a53\":\"\"}'),(29,'','217.91.30.31','{\"a1\":\"youngrenton@yahoo.com\",\"a2\":\"Masculin\",\"a3\":\"30\",\"a4\":\"2\",\"a5\":\"1\",\"a6\":\"1\",\"a7\":\"licenta sau masterat\",\"a8\":\"peste media din tara mea\",\"a9\":\"Ortodox\",\"a10\":\"\",\"a11\":\"4 - moderat\",\"a12\":\"-2 Dezacord\",\"a13\":\"+2 Da\",\"a14\":\"+2 Da\",\"a15\":\"+2 Da\",\"a16\":\"+2 Da\",\"a17\":\"+2 Da\",\"a18\":\"+2 Da\",\"a19\":\"+2 Da\",\"a20\":\"+1 Mai degraba da\",\"a21\":\"+2 Da\",\"a22\":\"6\",\"a23\":\"6\",\"a24\":\"6\",\"a25\":\"Acord usor\",\"a26\":\"Acord moderat\",\"a27\":\"Dezacord moderat\",\"a28\":\"Acord puternic\",\"a29\":\"Acord moderat\",\"a30\":\"Acord moderat\",\"a31\":\"Dezacord puternic\",\"a32\":\"Dezacord puternic\",\"a33\":\"cateodata\",\"a34\":\"rar\",\"a35\":\"rar\",\"a36\":\"cateodata\",\"a37\":\"des\",\"a38\":\"des\",\"a39\":\"niciodata / foarte rar\",\"a40\":\"foarte des\",\"a41\":\"niciodata / foarte rar\",\"a42\":\"des\",\"a43\":\"cateodata\",\"a44\":\"Cateodata\",\"a45\":\"Influenta moderata\",\"a46\":\"Cateodata\",\"a47\":\"Multa influenta\",\"a48\":\"Da\",\"a49\":\"Destul de important\",\"a50\":\"Mai putin sensibil decat ceilalti\",\"a51\":\"\",\"a52\":\"\",\"a53\":\"\"}'),(30,'','188.26.115.29','{\"a1\":\"ramona@rdconsulting.ro\",\"a2\":\"Feminin\",\"a3\":\"33\",\"a4\":\"8\",\"a5\":\"0\",\"a6\":\"0\",\"a7\":\"licenta sau masterat\",\"a8\":\"similara cu media din tara mea\",\"a9\":\"Ortodox\",\"a10\":\"\",\"a11\":\"4 - moderat\",\"a12\":\"-1 Dezacord usor\",\"a13\":\"+2 Da\",\"a14\":\"+2 Da\",\"a15\":\"+2 Da\",\"a16\":\"+2 Da\",\"a17\":\"+2 Da\",\"a18\":\"+2 Da\",\"a19\":\"+2 Da\",\"a20\":\"+2 Da\",\"a21\":\"+2 Da\",\"a22\":\"7 foarte satisfacut\",\"a23\":\"7 foarte satisfacut\",\"a24\":\"7 foarte satisfacut\",\"a25\":\"Acord moderat\",\"a26\":\"Acord moderat\",\"a27\":\"Acord moderat\",\"a28\":\"Acord puternic\",\"a29\":\"Acord usor\",\"a30\":\"Acord usor\",\"a31\":\"Acord moderat\",\"a32\":\"Acord usor\",\"a33\":\"des\",\"a34\":\"cateodata\",\"a35\":\"niciodata / foarte rar\",\"a36\":\"niciodata / foarte rar\",\"a37\":\"rar\",\"a38\":\"foarte des\",\"a39\":\"rar\",\"a40\":\"foarte des\",\"a41\":\"rar\",\"a42\":\"des\",\"a43\":\"des\",\"a44\":\"De obicei\",\"a45\":\"Multa influenta\",\"a46\":\"De obicei\",\"a47\":\"Influenta moderata\",\"a48\":\"Probabil\",\"a49\":\"Destul de important\",\"a50\":\"La fel de sensibil ca ceilalti\",\"a51\":\"\",\"a52\":\"\",\"a53\":\"\"}'),(31,'','86.121.103.214','{\"a1\":\"crisa_99g@yahoo.com\",\"a2\":\"Feminin\",\"a3\":\"28\",\"a4\":\"2\",\"a5\":\"0\",\"a6\":\"0\",\"a7\":\"licenta sau masterat\",\"a8\":\"mai scazuta fata de media din tara mea\",\"a9\":\"Ortodox\",\"a10\":\"\",\"a11\":\"1  - deloc religios\",\"a12\":\"-1 Dezacord usor\",\"a13\":\"+2 Da\",\"a14\":\"+2 Da\",\"a15\":\"+2 Da\",\"a16\":\"+2 Da\",\"a17\":\"+2 Da\",\"a18\":\"+1 Mai degraba da\",\"a19\":\"0 Nici da nici nu\",\"a20\":\"0 Nici da nici nu\",\"a21\":\"+2 Da\",\"a22\":\"5\",\"a23\":\"6\",\"a24\":\"5\",\"a25\":\"Acord usor\",\"a26\":\"Acord moderat\",\"a27\":\"Dezacord puternic\",\"a28\":\"Dezacord puternic\",\"a29\":\"Acord usor\",\"a30\":\"Acord usor\",\"a31\":\"Dezacord moderat\",\"a32\":\"Dezacord moderat\",\"a33\":\"rar\",\"a34\":\"cateodata\",\"a35\":\"cateodata\",\"a36\":\"cateodata\",\"a37\":\"cateodata\",\"a38\":\"des\",\"a39\":\"rar\",\"a41\":\"des\",\"a42\":\"des\",\"a43\":\"des\",\"a44\":\"Cateodata\",\"a45\":\"Influenta moderata\",\"a46\":\"Rar\",\"a47\":\"Influenta moderata\",\"a48\":\"Poate\",\"a49\":\"Putin important\",\"a50\":\"La fel de sensibil ca ceilalti\",\"a51\":\"4\",\"a52\":\"4\",\"a53\":\"2\"}'),(32,'','87.237.108.34','{\"a1\":\"\",\"a2\":\"Masculin\",\"a3\":\"50\",\"a4\":\"25\",\"a5\":\"1\",\"a6\":\"1\",\"a7\":\"licenta sau masterat\",\"a8\":\"peste media din tara mea\",\"a9\":\"Ortodox\",\"a10\":\"\",\"a11\":\"5\",\"a12\":\"+1 Acord usor\",\"a13\":\"+2 Da\",\"a14\":\"0 Nici da nici nu\",\"a15\":\"+2 Da\",\"a16\":\"+2 Da\",\"a17\":\"+2 Da\",\"a18\":\"+1 Mai degraba da\",\"a19\":\"+2 Da\",\"a20\":\"+1 Mai degraba da\",\"a21\":\"+1 Mai degraba da\",\"a22\":\"6\",\"a23\":\"6\",\"a24\":\"6\",\"a25\":\"Acord moderat\",\"a26\":\"Acord moderat\",\"a27\":\"Nici acord, nici dezacord\",\"a28\":\"Acord moderat\",\"a29\":\"Acord moderat\",\"a30\":\"Acord moderat\",\"a31\":\"Nici acord, nici dezacord\",\"a32\":\"Acord moderat\",\"a33\":\"cateodata\",\"a34\":\"cateodata\",\"a35\":\"des\",\"a36\":\"cateodata\",\"a37\":\"des\",\"a38\":\"des\",\"a39\":\"des\",\"a40\":\"cateodata\",\"a41\":\"cateodata\",\"a42\":\"cateodata\",\"a43\":\"cateodata\",\"a44\":\"Cateodata\",\"a45\":\"Multa influenta\",\"a46\":\"Intotdeauna\",\"a47\":\"Foarte multa influenta\",\"a48\":\"Probabil\",\"a49\":\"Destul de important\",\"a50\":\"Mai sensibil decat ceilalti\",\"a51\":\"\",\"a52\":\"\",\"a53\":\"\"}'),(33,'','188.26.111.74','{\"a1\":\"dcg-constanta@dcg.ro\",\"a2\":\"Feminin\",\"a3\":\"43\",\"a4\":\"14\",\"a5\":\"1\",\"a6\":\"1\",\"a7\":\"licenta sau masterat\",\"a8\":\"similara cu media din tara mea\",\"a9\":\"Ortodox\",\"a10\":\"\",\"a11\":\"4 - moderat\",\"a12\":\"-2 Dezacord\",\"a13\":\"+2 Da\",\"a14\":\"+2 Da\",\"a15\":\"+2 Da\",\"a16\":\"+2 Da\",\"a17\":\"+2 Da\",\"a18\":\"+2 Da\",\"a19\":\"+2 Da\",\"a20\":\"+2 Da\",\"a21\":\"+2 Da\",\"a22\":\"7 foarte satisfacut\",\"a23\":\"7 foarte satisfacut\",\"a24\":\"7 foarte satisfacut\",\"a25\":\"Acord moderat\",\"a26\":\"Acord puternic\",\"a27\":\"Dezacord usor\",\"a28\":\"Acord moderat\",\"a29\":\"Acord usor\",\"a30\":\"Acord puternic\",\"a31\":\"Dezacord moderat\",\"a32\":\"Acord moderat\",\"a33\":\"rar\",\"a34\":\"cateodata\",\"a35\":\"niciodata / foarte rar\",\"a36\":\"rar\",\"a37\":\"foarte des\",\"a38\":\"foarte des\",\"a39\":\"rar\",\"a40\":\"foarte des\",\"a41\":\"niciodata / foarte rar\",\"a42\":\"foarte des\",\"a43\":\"foarte des\",\"a44\":\"De obicei\",\"a45\":\"Multa influenta\",\"a46\":\"Intotdeauna\",\"a47\":\"Influenta moderata\",\"a48\":\"Da\",\"a49\":\"Destul de important\",\"a50\":\"Mai sensibil decat ceilalti\",\"a51\":\"9\",\"a52\":\"9\",\"a53\":\"10\"}'),(34,'','89.120.128.100','{\"a1\":\"loana@sunkiss.ro\",\"a2\":\"Feminin\",\"a3\":\"43\",\"a4\":\"23\",\"a5\":\"1\",\"a6\":\"0\",\"a7\":\"licenta sau masterat\",\"a8\":\"mult peste media din tara mea\",\"a9\":\"Ortodox\",\"a10\":\"\",\"a11\":\"3\",\"a12\":\"-3 Dezacord puternic\",\"a13\":\"+2 Da\",\"a14\":\"+2 Da\",\"a15\":\"-2 Nu\",\"a16\":\"+2 Da\",\"a17\":\"+2 Da\",\"a18\":\"+2 Da\",\"a19\":\"+2 Da\",\"a20\":\"+2 Da\",\"a21\":\"-2 Nu\",\"a22\":\"7 foarte satisfacut\",\"a23\":\"7 foarte satisfacut\",\"a24\":\"7 foarte satisfacut\",\"a25\":\"Acord puternic\",\"a26\":\"Acord puternic\",\"a27\":\"Dezacord puternic\",\"a28\":\"Acord moderat\",\"a29\":\"Acord puternic\",\"a30\":\"Acord puternic\",\"a31\":\"Dezacord puternic\",\"a32\":\"Dezacord moderat\",\"a33\":\"cateodata\",\"a34\":\"cateodata\",\"a35\":\"niciodata / foarte rar\",\"a36\":\"rar\",\"a37\":\"foarte des\",\"a38\":\"niciodata / foarte rar\",\"a39\":\"niciodata / foarte rar\",\"a40\":\"des\",\"a41\":\"rar\",\"a42\":\"des\",\"a43\":\"foarte des\",\"a44\":\"Intotdeauna\",\"a45\":\"Foarte multa influenta\",\"a46\":\"Intotdeauna\",\"a47\":\"Foarte multa influenta\",\"a48\":\"Da\",\"a49\":\"Foarte important\",\"a50\":\"Mult mai sensibil decat ceilalti\",\"a51\":\"4\",\"a52\":\"3\",\"a53\":\"2\"}'),(35,'','188.27.147.17','{\"a1\":\"honoria.chis@held-fashion.ro\",\"a2\":\"Feminin\",\"a3\":\"37\",\"a4\":\"10\",\"a5\":\"2\",\"a6\":\"2\",\"a7\":\"licenta sau masterat\",\"a8\":\"mult peste media din tara mea\",\"a9\":\"Ortodox\",\"a10\":\"\",\"a11\":\"4 - moderat\",\"a12\":\"-3 Dezacord puternic\",\"a13\":\"+2 Da\",\"a14\":\"+1 Mai degraba da\",\"a15\":\"+2 Da\",\"a16\":\"+1 Mai degraba da\",\"a17\":\"+1 Mai degraba da\",\"a18\":\"+2 Da\",\"a19\":\"+1 Mai degraba da\",\"a20\":\"0 Nici da nici nu\",\"a21\":\"+2 Da\",\"a22\":\"5\",\"a23\":\"4\",\"a24\":\"4\",\"a25\":\"Acord moderat\",\"a26\":\"Acord puternic\",\"a27\":\"Dezacord puternic\",\"a28\":\"Dezacord usor\",\"a29\":\"Acord moderat\",\"a30\":\"Acord puternic\",\"a31\":\"Dezacord puternic\",\"a32\":\"Acord usor\",\"a33\":\"rar\",\"a34\":\"des\",\"a35\":\"des\",\"a36\":\"foarte des\",\"a37\":\"rar\",\"a38\":\"cateodata\",\"a39\":\"des\",\"a40\":\"rar\",\"a41\":\"rar\",\"a42\":\"rar\",\"a43\":\"niciodata / foarte rar\",\"a44\":\"Cateodata\",\"a45\":\"Multa influenta\",\"a46\":\"De obicei\",\"a47\":\"Multa influenta\",\"a48\":\"Probabil\",\"a49\":\"Destul de important\",\"a50\":\"Mai putin sensibil decat ceilalti\",\"a51\":\"9\",\"a52\":\"9\",\"a53\":\"9\"}'),(36,'','195.81.5.114','{\"a1\":\"kittecat_cris@yahoo.com\",\"a2\":\"Feminin\",\"a3\":\"32\",\"a4\":\"5.5\",\"a5\":\"2\",\"a6\":\"3\",\"a7\":\"licenta sau masterat\",\"a8\":\"similara cu media din tara mea\",\"a9\":\"Nici una\",\"a10\":\"\",\"a11\":\"1  - deloc religios\",\"a12\":\"-1 Dezacord usor\",\"a13\":\"+2 Da\",\"a14\":\"+1 Mai degraba da\",\"a15\":\"+2 Da\",\"a16\":\"+1 Mai degraba da\",\"a17\":\"+2 Da\",\"a18\":\"+2 Da\",\"a19\":\"+2 Da\",\"a20\":\"+2 Da\",\"a21\":\"+2 Da\",\"a22\":\"5\",\"a23\":\"5\",\"a24\":\"5\",\"a25\":\"Acord usor\",\"a26\":\"Acord puternic\",\"a27\":\"Dezacord usor\",\"a28\":\"Acord moderat\",\"a29\":\"Acord usor\",\"a30\":\"Acord puternic\",\"a31\":\"Dezacord usor\",\"a32\":\"Dezacord moderat\",\"a33\":\"des\",\"a34\":\"des\",\"a35\":\"rar\",\"a36\":\"cateodata\",\"a37\":\"niciodata / foarte rar\",\"a38\":\"rar\",\"a39\":\"cateodata\",\"a40\":\"cateodata\",\"a41\":\"cateodata\",\"a42\":\"cateodata\",\"a43\":\"cateodata\",\"a44\":\"De obicei\",\"a45\":\"Influenta moderata\",\"a46\":\"Intotdeauna\",\"a47\":\"Foarte multa influenta\",\"a48\":\"Da\",\"a49\":\"Destul de important\",\"a50\":\"Mai sensibil decat ceilalti\",\"a51\":\"\",\"a52\":\"\",\"a53\":\"\"}'),(37,'','188.27.147.6','{\"a1\":\"biancamur@yahoo.com\",\"a2\":\"Feminin\",\"a3\":\"37\",\"a4\":\"12\",\"a5\":\"2\",\"a6\":\"2\",\"a7\":\"licenta sau masterat\",\"a8\":\"mult peste media din tara mea\",\"a9\":\"Ortodox\",\"a10\":\"\",\"a11\":\"4 - moderat\",\"a12\":\"0 Nici acord, nici dezacord\",\"a13\":\"+2 Da\",\"a14\":\"+1 Mai degraba da\",\"a15\":\"+2 Da\",\"a16\":\"+1 Mai degraba da\",\"a17\":\"+1 Mai degraba da\",\"a18\":\"+2 Da\",\"a19\":\"+2 Da\",\"a20\":\"+1 Mai degraba da\",\"a21\":\"+2 Da\",\"a22\":\"6\",\"a23\":\"5\",\"a24\":\"5\",\"a25\":\"Acord puternic\",\"a26\":\"Acord puternic\",\"a27\":\"Dezacord usor\",\"a28\":\"Acord moderat\",\"a29\":\"Acord puternic\",\"a30\":\"Acord puternic\",\"a31\":\"Nici acord, nici dezacord\",\"a32\":\"Dezacord moderat\",\"a33\":\"cateodata\",\"a34\":\"des\",\"a35\":\"rar\",\"a36\":\"cateodata\",\"a37\":\"cateodata\",\"a38\":\"cateodata\",\"a39\":\"cateodata\",\"a40\":\"cateodata\",\"a41\":\"cateodata\",\"a42\":\"des\",\"a43\":\"cateodata\",\"a44\":\"De obicei\",\"a45\":\"Foarte multa influenta\",\"a46\":\"Intotdeauna\",\"a47\":\"Foarte multa influenta\",\"a48\":\"Da\",\"a49\":\"Destul de important\",\"a50\":\"Mai sensibil decat ceilalti\",\"a51\":\"\",\"a52\":\"\",\"a53\":\"\"}'),(38,'','79.113.175.107','{\"a1\":\"ddadianam@yahoo.com\",\"a2\":\"Feminin\",\"a3\":\"43\",\"a4\":\"21\",\"a5\":\"1\",\"a6\":\"1\",\"a7\":\"licenta sau masterat\",\"a8\":\"similara cu media din tara mea\",\"a9\":\"Ortodox\",\"a10\":\"-\",\"a11\":\"4 - moderat\",\"a12\":\"+1 Acord usor\",\"a13\":\"+2 Da\",\"a14\":\"+2 Da\",\"a15\":\"+2 Da\",\"a16\":\"+2 Da\",\"a17\":\"+2 Da\",\"a18\":\"+2 Da\",\"a19\":\"+2 Da\",\"a20\":\"+2 Da\",\"a21\":\"+2 Da\",\"a22\":\"7 foarte satisfacut\",\"a23\":\"6\",\"a24\":\"7 foarte satisfacut\",\"a25\":\"Dezacord moderat\",\"a26\":\"Dezacord puternic\",\"a27\":\"Dezacord moderat\",\"a28\":\"Dezacord moderat\",\"a29\":\"Dezacord moderat\",\"a30\":\"Dezacord puternic\",\"a31\":\"Dezacord usor\",\"a32\":\"Dezacord moderat\",\"a33\":\"des\",\"a34\":\"des\",\"a35\":\"cateodata\",\"a36\":\"rar\",\"a37\":\"des\",\"a38\":\"des\",\"a39\":\"cateodata\",\"a40\":\"des\",\"a41\":\"cateodata\",\"a42\":\"des\",\"a43\":\"des\",\"a44\":\"Intotdeauna\",\"a45\":\"Foarte multa influenta\",\"a46\":\"De obicei\",\"a47\":\"Multa influenta\",\"a48\":\"Da\",\"a49\":\"Foarte important\",\"a50\":\"Mai sensibil decat ceilalti\",\"a51\":\"5\",\"a52\":\"3\",\"a53\":\"2\"}'),(39,'','92.82.50.41','{\"a1\":\"\",\"a2\":\"Feminin\",\"a3\":\"40\",\"a4\":\"18\",\"a5\":\"1\",\"a6\":\"1\",\"a7\":\"licenta sau masterat\",\"a8\":\"peste media din tara mea\",\"a9\":\"Ortodox\",\"a10\":\"\",\"a11\":\"4 - moderat\",\"a12\":\"-2 Dezacord\",\"a13\":\"+2 Da\",\"a14\":\"+1 Mai degraba da\",\"a15\":\"+2 Da\",\"a16\":\"+2 Da\",\"a17\":\"+2 Da\",\"a18\":\"+2 Da\",\"a19\":\"+2 Da\",\"a20\":\"+2 Da\",\"a21\":\"+2 Da\",\"a22\":\"7 foarte satisfacut\",\"a23\":\"7 foarte satisfacut\",\"a24\":\"7 foarte satisfacut\",\"a25\":\"Acord usor\",\"a26\":\"Acord usor\",\"a28\":\"Dezacord usor\",\"a29\":\"Dezacord usor\",\"a30\":\"Dezacord usor\",\"a31\":\"Dezacord usor\",\"a32\":\"Dezacord usor\",\"a33\":\"foarte des\",\"a34\":\"foarte des\",\"a35\":\"rar\",\"a36\":\"rar\",\"a37\":\"des\",\"a38\":\"foarte des\",\"a39\":\"rar\",\"a40\":\"des\",\"a41\":\"cateodata\",\"a42\":\"des\",\"a43\":\"des\",\"a44\":\"De obicei\",\"a45\":\"Multa influenta\",\"a46\":\"De obicei\",\"a47\":\"Multa influenta\",\"a48\":\"Probabil\",\"a49\":\"Destul de important\",\"a50\":\"Mai sensibil decat ceilalti\",\"a51\":\"\",\"a52\":\"\",\"a53\":\"\"}'),(40,'','78.97.169.151','{\"a1\":\"irinaszekely@yahoo.com\",\"a2\":\"Feminin\",\"a3\":\"32\",\"a4\":\"2\",\"a5\":\"0\",\"a6\":\"0\",\"a7\":\"licenta sau masterat\",\"a8\":\"peste media din tara mea\",\"a9\":\"Ortodox\",\"a10\":\"\",\"a11\":\"3\",\"a12\":\"+3 Acord puternic\",\"a13\":\"+2 Da\",\"a14\":\"+2 Da\",\"a15\":\"+2 Da\",\"a16\":\"+2 Da\",\"a17\":\"+2 Da\",\"a18\":\"+2 Da\",\"a19\":\"+2 Da\",\"a20\":\"+2 Da\",\"a21\":\"+2 Da\",\"a22\":\"7 foarte satisfacut\",\"a23\":\"7 foarte satisfacut\",\"a24\":\"7 foarte satisfacut\",\"a25\":\"Acord usor\",\"a26\":\"Acord puternic\",\"a27\":\"Acord usor\",\"a28\":\"Acord moderat\",\"a29\":\"Acord usor\",\"a30\":\"Acord moderat\",\"a31\":\"Dezacord moderat\",\"a32\":\"Dezacord moderat\",\"a33\":\"des\",\"a34\":\"foarte des\",\"a35\":\"rar\",\"a36\":\"niciodata / foarte rar\",\"a37\":\"des\",\"a38\":\"foarte des\",\"a39\":\"rar\",\"a40\":\"foarte des\",\"a41\":\"niciodata / foarte rar\",\"a42\":\"foarte des\",\"a43\":\"foarte des\",\"a44\":\"Rar\",\"a45\":\"Foarte multa influenta\",\"a46\":\"Intotdeauna\",\"a47\":\"Multa influenta\",\"a48\":\"Da\",\"a49\":\"Destul de important\",\"a50\":\"Mai sensibil decat ceilalti\",\"a51\":\"3\",\"a52\":\"3\",\"a53\":\"2\"}'),(41,'','188.24.82.176','{\"a1\":\"\",\"a3\":\"\",\"a4\":\"\",\"a5\":\"\",\"a6\":\"\",\"a10\":\"\",\"a51\":\"1\",\"a52\":\"1\",\"a53\":\"4\"}'),(42,'','86.218.80.23','{\"a1\":\"\",\"a2\":\"Feminin\",\"a3\":\"\",\"a4\":\"5\",\"a5\":\"0\",\"a6\":\"0\",\"a7\":\"licenta sau masterat\",\"a8\":\"mult peste media din tara mea\",\"a9\":\"Ortodox\",\"a10\":\"\",\"a11\":\"3\",\"a12\":\"-2 Dezacord\",\"a13\":\"+2 Da\",\"a14\":\"+2 Da\",\"a15\":\"+2 Da\",\"a16\":\"+2 Da\",\"a17\":\"+2 Da\",\"a18\":\"+2 Da\",\"a19\":\"+2 Da\",\"a20\":\"+2 Da\",\"a21\":\"+2 Da\",\"a22\":\"7 foarte satisfacut\",\"a23\":\"7 foarte satisfacut\",\"a24\":\"7 foarte satisfacut\",\"a25\":\"Acord moderat\",\"a26\":\"Acord puternic\",\"a27\":\"Acord moderat\",\"a28\":\"Acord puternic\",\"a29\":\"Dezacord moderat\",\"a30\":\"Acord moderat\",\"a31\":\"Dezacord puternic\",\"a32\":\"Dezacord puternic\",\"a33\":\"foarte des\",\"a34\":\"foarte des\",\"a35\":\"niciodata / foarte rar\",\"a36\":\"niciodata / foarte rar\",\"a37\":\"des\",\"a38\":\"foarte des\",\"a39\":\"niciodata / foarte rar\",\"a40\":\"foarte des\",\"a41\":\"niciodata / foarte rar\",\"a42\":\"foarte des\",\"a43\":\"foarte des\",\"a44\":\"Intotdeauna\",\"a45\":\"Influenta moderata\",\"a46\":\"De obicei\",\"a47\":\"Multa influenta\",\"a48\":\"Da\",\"a49\":\"Foarte important\",\"a50\":\"Mai sensibil decat ceilalti\",\"a51\":\"4\",\"a52\":\"3\",\"a53\":\"2\"}'),(43,'','89.238.214.206','{\"a1\":\"christinagheorghe@yahoo.com\",\"a2\":\"Feminin\",\"a3\":\"43\",\"a4\":\"14\",\"a5\":\"2\",\"a6\":\"2 + 1 adoptie\",\"a7\":\"licenta sau masterat\",\"a8\":\"similara cu media din tara mea\",\"a9\":\"Ortodox\",\"a10\":\"\",\"a11\":\"4 - moderat\",\"a12\":\"0 Nici acord, nici dezacord\",\"a13\":\"+2 Da\",\"a14\":\"+2 Da\",\"a15\":\"+2 Da\",\"a17\":\"+2 Da\",\"a18\":\"+2 Da\",\"a19\":\"+2 Da\",\"a20\":\"+2 Da\",\"a21\":\"+2 Da\",\"a22\":\"6\",\"a23\":\"7 foarte satisfacut\",\"a24\":\"7 foarte satisfacut\",\"a25\":\"Acord moderat\",\"a26\":\"Acord moderat\",\"a27\":\"Acord puternic\",\"a28\":\"Acord puternic\",\"a29\":\"Acord puternic\",\"a30\":\"Acord puternic\",\"a31\":\"Acord moderat\",\"a32\":\"Acord moderat\",\"a33\":\"des\",\"a34\":\"des\",\"a36\":\"rar\",\"a37\":\"rar\",\"a38\":\"des\",\"a39\":\"rar\",\"a40\":\"des\",\"a41\":\"des\",\"a42\":\"foarte des\",\"a43\":\"foarte des\",\"a44\":\"Intotdeauna\",\"a45\":\"Foarte multa influenta\",\"a46\":\"Intotdeauna\",\"a47\":\"Influenta moderata\",\"a48\":\"Da\",\"a49\":\"Foarte important\",\"a50\":\"Mai sensibil decat ceilalti\",\"a51\":\"\",\"a52\":\"\",\"a53\":\"\"}'),(44,'','62.231.92.248','{\"a1\":\"chiraliliana@yahoo.com\",\"a2\":\"Feminin\",\"a3\":\"45\",\"a4\":\"23\",\"a5\":\"1\",\"a6\":\"1\",\"a7\":\"licenta sau masterat\",\"a8\":\"similara cu media din tara mea\",\"a9\":\"Ortodox\",\"a10\":\"\",\"a11\":\"4 - moderat\",\"a12\":\"0 Nici acord, nici dezacord\",\"a13\":\"+2 Da\",\"a14\":\"+2 Da\",\"a15\":\"+2 Da\",\"a16\":\"+2 Da\",\"a17\":\"+2 Da\",\"a18\":\"+2 Da\",\"a19\":\"+2 Da\",\"a20\":\"+2 Da\",\"a21\":\"+2 Da\",\"a22\":\"1 foarte insatisfacut\",\"a23\":\"1 foarte insatisfacut\",\"a24\":\"7 foarte satisfacut\",\"a25\":\"Acord puternic\",\"a26\":\"Acord puternic\",\"a27\":\"Dezacord moderat\",\"a28\":\"Acord puternic\",\"a29\":\"Acord moderat\",\"a30\":\"Acord puternic\",\"a31\":\"Nici acord, nici dezacord\",\"a32\":\"Acord moderat\",\"a33\":\"des\",\"a34\":\"foarte des\",\"a35\":\"niciodata / foarte rar\",\"a36\":\"cateodata\",\"a37\":\"des\",\"a38\":\"foarte des\",\"a39\":\"rar\",\"a40\":\"foarte des\",\"a41\":\"rar\",\"a42\":\"foarte des\",\"a43\":\"des\",\"a44\":\"De obicei\",\"a45\":\"Multa influenta\",\"a46\":\"Intotdeauna\",\"a47\":\"Foarte multa influenta\",\"a48\":\"Da\",\"a49\":\"Foarte important\",\"a50\":\"Mai sensibil decat ceilalti\",\"a51\":\"4\",\"a52\":\"3\",\"a53\":\"2\"}'),(45,'','86.34.199.124','{\"a1\":\"aditana77@yahoo.com\",\"a3\":\"52\",\"a4\":\"32\",\"a5\":\"1\",\"a6\":\"1\",\"a7\":\"licenta sau masterat\",\"a8\":\"peste media din tara mea\",\"a9\":\"Ortodox\",\"a10\":\"\",\"a11\":\"4 - moderat\",\"a12\":\"+2 Acord\",\"a13\":\"+2 Da\",\"a14\":\"0 Nici da nici nu\",\"a15\":\"0 Nici da nici nu\",\"a16\":\"+1 Mai degraba da\",\"a17\":\"+1 Mai degraba da\",\"a18\":\"+2 Da\",\"a19\":\"+1 Mai degraba da\",\"a20\":\"+1 Mai degraba da\",\"a21\":\"+2 Da\",\"a22\":\"5\",\"a23\":\"4\",\"a24\":\"3\",\"a25\":\"Acord usor\",\"a26\":\"Acord puternic\",\"a27\":\"Acord usor\",\"a28\":\"Acord puternic\",\"a29\":\"Nici acord, nici dezacord\",\"a30\":\"Acord puternic\",\"a31\":\"Nici acord, nici dezacord\",\"a32\":\"Nici acord, nici dezacord\",\"a33\":\"cateodata\",\"a34\":\"foarte des\",\"a35\":\"foarte des\",\"a36\":\"foarte des\",\"a37\":\"niciodata / foarte rar\",\"a38\":\"rar\",\"a39\":\"foarte des\",\"a40\":\"cateodata\",\"a41\":\"cateodata\",\"a42\":\"cateodata\",\"a43\":\"rar\",\"a44\":\"Rar\",\"a45\":\"Multa influenta\",\"a46\":\"Cateodata\",\"a47\":\"Multa influenta\",\"a48\":\"Probabil\",\"a49\":\"Destul de important\",\"a50\":\"La fel de sensibil ca ceilalti\",\"a51\":\"4\",\"a52\":\"3\",\"a53\":\"2\"}'),(46,'','109.102.31.37','{\"a1\":\"andreicamrc@yahoo.com\",\"a2\":\"Masculin\",\"a3\":\"36\",\"a4\":\"11\",\"a5\":\"2\",\"a6\":\"2\",\"a7\":\"licenta sau masterat\",\"a8\":\"similara cu media din tara mea\",\"a9\":\"Ortodox\",\"a10\":\"--\",\"a11\":\"5\",\"a12\":\"+1 Acord usor\",\"a13\":\"+2 Da\",\"a14\":\"+2 Da\",\"a15\":\"+2 Da\",\"a16\":\"+2 Da\",\"a17\":\"+2 Da\",\"a18\":\"+2 Da\",\"a19\":\"+1 Mai degraba da\",\"a20\":\"+1 Mai degraba da\",\"a21\":\"+2 Da\",\"a22\":\"6\",\"a23\":\"6\",\"a24\":\"6\",\"a25\":\"Acord puternic\",\"a26\":\"Acord puternic\",\"a27\":\"Acord usor\",\"a28\":\"Dezacord moderat\",\"a29\":\"Acord usor\",\"a30\":\"Acord moderat\",\"a31\":\"Acord usor\",\"a32\":\"Dezacord moderat\",\"a33\":\"rar\",\"a34\":\"rar\",\"a35\":\"cateodata\",\"a36\":\"des\",\"a37\":\"cateodata\",\"a38\":\"cateodata\",\"a39\":\"rar\",\"a40\":\"des\",\"a41\":\"des\",\"a42\":\"cateodata\",\"a43\":\"cateodata\",\"a44\":\"De obicei\",\"a45\":\"Multa influenta\",\"a46\":\"De obicei\",\"a47\":\"Multa influenta\",\"a48\":\"Da\",\"a49\":\"Destul de important\",\"a50\":\"La fel de sensibil ca ceilalti\",\"a51\":\"\",\"a52\":\"\",\"a53\":\"\"}'),(47,'','79.118.250.141','{\"a1\":\"cabinet.psihoconsult@gmail.com\",\"a2\":\"Feminin\",\"a3\":\"45\",\"a4\":\"25\",\"a5\":\"1\",\"a6\":\"nici unul. am crescut copilul meu si al sorei mele si acum amandoi sunt plecati- au 26 si respectiv 23 de ani\",\"a7\":\"licenta sau masterat\",\"a8\":\"similara cu media din tara mea\",\"a9\":\"Ortodox\",\"a10\":\"\",\"a11\":\"4 - moderat\",\"a12\":\"-2 Dezacord\",\"a13\":\"+1 Mai degraba da\",\"a14\":\"0 Nici da nici nu\",\"a15\":\"+1 Mai degraba da\",\"a16\":\"+1 Mai degraba da\",\"a17\":\"+2 Da\",\"a18\":\"+1 Mai degraba da\",\"a19\":\"0 Nici da nici nu\",\"a20\":\"-1 Mai degraba nu\",\"a21\":\"+1 Mai degraba da\",\"a22\":\"5\",\"a23\":\"4\",\"a24\":\"4\",\"a25\":\"Acord moderat\",\"a26\":\"Acord puternic\",\"a27\":\"Acord moderat\",\"a28\":\"Acord puternic\",\"a29\":\"Nici acord, nici dezacord\",\"a30\":\"Acord moderat\",\"a31\":\"Nici acord, nici dezacord\",\"a32\":\"Dezacord puternic\",\"a33\":\"rar\",\"a34\":\"des\",\"a35\":\"cateodata\",\"a36\":\"cateodata\",\"a37\":\"des\",\"a38\":\"niciodata / foarte rar\",\"a39\":\"rar\",\"a40\":\"cateodata\",\"a41\":\"cateodata\",\"a42\":\"cateodata\",\"a43\":\"cateodata\",\"a44\":\"De obicei\",\"a45\":\"Foarte multa influenta\",\"a46\":\"Intotdeauna\",\"a47\":\"Influenta moderata\",\"a48\":\"Probabil\",\"a49\":\"Destul de important\",\"a50\":\"Mai sensibil decat ceilalti\",\"a51\":\"2\",\"a52\":\"2\",\"a53\":\"2\"}'),(48,'','213.233.92.125','{\"a1\":\"borceanugianina@yahoo.com\",\"a2\":\"Feminin\",\"a3\":\"40\",\"a4\":\"3\",\"a5\":\"0\",\"a6\":\"0\",\"a7\":\"licenta sau masterat\",\"a8\":\"similara cu media din tara mea\",\"a9\":\"Ortodox\",\"a10\":\"\",\"a11\":\"4 - moderat\",\"a12\":\"0 Nici acord, nici dezacord\",\"a13\":\"+2 Da\",\"a14\":\"0 Nici da nici nu\",\"a15\":\"0 Nici da nici nu\",\"a16\":\"+2 Da\",\"a17\":\"+2 Da\",\"a18\":\"+2 Da\",\"a19\":\"0 Nici da nici nu\",\"a20\":\"+2 Da\",\"a21\":\"+2 Da\",\"a22\":\"4\",\"a23\":\"4\",\"a24\":\"5\",\"a25\":\"Nici acord, nici dezacord\",\"a26\":\"Acord usor\",\"a27\":\"Acord moderat\",\"a28\":\"Acord puternic\",\"a29\":\"Acord moderat\",\"a30\":\"Acord puternic\",\"a31\":\"Acord puternic\",\"a32\":\"Nici acord, nici dezacord\",\"a33\":\"foarte des\",\"a34\":\"foarte des\",\"a35\":\"niciodata / foarte rar\",\"a36\":\"cateodata\",\"a37\":\"des\",\"a38\":\"cateodata\",\"a39\":\"des\",\"a40\":\"des\",\"a41\":\"cateodata\",\"a42\":\"cateodata\",\"a43\":\"cateodata\",\"a44\":\"De obicei\",\"a45\":\"Foarte multa influenta\",\"a46\":\"Intotdeauna\",\"a47\":\"Foarte multa influenta\",\"a48\":\"Probabil\",\"a49\":\"Foarte important\",\"a50\":\"Mai sensibil decat ceilalti\",\"a51\":\"\",\"a52\":\"\",\"a53\":\"\"}'),(49,'','216.38.216.101','[]'),(50,'','188.26.87.184','{\"a1\":\"cristina.rizea@yahoo.com\",\"a2\":\"Feminin\",\"a3\":\"31\",\"a4\":\"3.5 \",\"a5\":\"0\",\"a6\":\"0\",\"a7\":\"licenta sau masterat\",\"a8\":\"similara cu media din tara mea\",\"a9\":\"Ortodox\",\"a10\":\"\",\"a11\":\"2\",\"a12\":\"-1 Dezacord usor\",\"a13\":\"+2 Da\",\"a14\":\"+2 Da\",\"a15\":\"+1 Mai degraba da\",\"a16\":\"+2 Da\",\"a17\":\"+2 Da\",\"a18\":\"+2 Da\",\"a19\":\"+2 Da\",\"a20\":\"+2 Da\",\"a21\":\"+2 Da\",\"a22\":\"6\",\"a23\":\"6\",\"a24\":\"6\",\"a25\":\"Acord moderat\",\"a26\":\"Acord puternic\",\"a27\":\"Acord puternic\",\"a28\":\"Acord moderat\",\"a29\":\"Acord puternic\",\"a30\":\"Acord puternic\",\"a31\":\"Dezacord puternic\",\"a32\":\"Dezacord puternic\",\"a33\":\"foarte des\",\"a34\":\"des\",\"a35\":\"rar\",\"a36\":\"rar\",\"a37\":\"des\",\"a38\":\"foarte des\",\"a39\":\"niciodata / foarte rar\",\"a40\":\"foarte des\",\"a41\":\"niciodata / foarte rar\",\"a42\":\"foarte des\",\"a43\":\"cateodata\",\"a44\":\"Cateodata\",\"a45\":\"Multa influenta\",\"a46\":\"Cateodata\",\"a47\":\"Foarte multa influenta\",\"a48\":\"Da\",\"a49\":\"Foarte important\",\"a50\":\"La fel de sensibil ca ceilalti\",\"a51\":\"3\",\"a52\":\"3\",\"a53\":\"2\"}'),(51,'','86.124.250.203','{\"a1\":\"crisa_99g@yahoo.com\",\"a2\":\"Feminin\",\"a3\":\"28\",\"a4\":\"3\",\"a5\":\"nu\",\"a6\":\"0\",\"a7\":\"licenta sau masterat\",\"a8\":\"similara cu media din tara mea\",\"a9\":\"Ortodox\",\"a10\":\"\",\"a11\":\"1  - deloc religios\",\"a12\":\"0 Nici acord, nici dezacord\",\"a13\":\"+2 Da\",\"a14\":\"0 Nici da nici nu\",\"a15\":\"+2 Da\",\"a16\":\"+2 Da\",\"a17\":\"+2 Da\",\"a18\":\"+2 Da\",\"a19\":\"0 Nici da nici nu\",\"a20\":\"0 Nici da nici nu\",\"a21\":\"+2 Da\",\"a22\":\"4\",\"a23\":\"3\",\"a24\":\"4\",\"a25\":\"Acord usor\",\"a26\":\"Acord moderat\",\"a27\":\"Acord usor\",\"a28\":\"Acord usor\",\"a29\":\"Acord moderat\",\"a30\":\"Acord moderat\",\"a31\":\"Nici acord, nici dezacord\",\"a32\":\"Nici acord, nici dezacord\",\"a33\":\"cateodata\",\"a34\":\"des\",\"a35\":\"rar\",\"a36\":\"cateodata\",\"a37\":\"cateodata\",\"a38\":\"cateodata\",\"a39\":\"cateodata\",\"a40\":\"cateodata\",\"a41\":\"rar\",\"a42\":\"des\",\"a43\":\"cateodata\",\"a44\":\"Rar\",\"a45\":\"Influenta moderata\",\"a46\":\"Rar\",\"a47\":\"Influenta moderata\",\"a48\":\"Poate\",\"a49\":\"Foarte important\",\"a50\":\"Mult mai sensibil decat ceilalti\",\"a51\":\"5\",\"a52\":\"3\",\"a53\":\"2\"}'),(52,'','213.177.7.234','{\"a1\":\"corneliar2005@yahoo.com\",\"a2\":\"Feminin\",\"a3\":\"45\",\"a4\":\"24 de ani\",\"a5\":\"2\",\"a6\":\"2\",\"a7\":\"licenta sau masterat\",\"a8\":\"similara cu media din tara mea\",\"a9\":\"Ortodox\",\"a10\":\"\",\"a11\":\"6\",\"a12\":\"+1 Acord usor\",\"a13\":\"+2 Da\",\"a14\":\"+1 Mai degraba da\",\"a15\":\"+2 Da\",\"a16\":\"+2 Da\",\"a17\":\"+2 Da\",\"a18\":\"+2 Da\",\"a19\":\"+2 Da\",\"a20\":\"+1 Mai degraba da\",\"a21\":\"+2 Da\",\"a22\":\"6\",\"a23\":\"6\",\"a24\":\"6\",\"a25\":\"Acord moderat\",\"a26\":\"Acord puternic\",\"a27\":\"Acord usor\",\"a28\":\"Acord moderat\",\"a29\":\"Acord moderat\",\"a30\":\"Acord puternic\",\"a31\":\"Nici acord, nici dezacord\",\"a32\":\"Acord moderat\",\"a33\":\"cateodata\",\"a34\":\"cateodata\",\"a35\":\"cateodata\",\"a36\":\"cateodata\",\"a37\":\"cateodata\",\"a38\":\"cateodata\",\"a39\":\"rar\",\"a40\":\"cateodata\",\"a41\":\"rar\",\"a42\":\"des\",\"a43\":\"foarte des\",\"a44\":\"De obicei\",\"a45\":\"Foarte multa influenta\",\"a46\":\"Intotdeauna\",\"a47\":\"Foarte multa influenta\",\"a48\":\"Da\",\"a49\":\"Foarte important\",\"a50\":\"La fel de sensibil ca ceilalti\",\"a51\":\"\",\"a52\":\"\",\"a53\":\"\"}'),(53,'','213.233.93.15','{\"a1\":\"\",\"a2\":\"Feminin\",\"a3\":\"40\",\"a4\":\"16\",\"a5\":\"1\",\"a6\":\"1\",\"a7\":\"licenta sau masterat\",\"a8\":\"mult peste media din tara mea\",\"a9\":\"Ortodox\",\"a10\":\"\",\"a11\":\"3\",\"a12\":\"-1 Dezacord usor\",\"a13\":\"+2 Da\",\"a14\":\"+1 Mai degraba da\",\"a15\":\"0 Nici da nici nu\",\"a16\":\"+2 Da\",\"a17\":\"+2 Da\",\"a18\":\"+2 Da\",\"a19\":\"+2 Da\",\"a20\":\"+2 Da\",\"a21\":\"+2 Da\",\"a22\":\"6\",\"a23\":\"6\",\"a24\":\"7 foarte satisfacut\",\"a25\":\"Nici acord, nici dezacord\",\"a26\":\"Acord puternic\",\"a27\":\"Acord usor\",\"a28\":\"Acord puternic\",\"a29\":\"Nici acord, nici dezacord\",\"a30\":\"Acord puternic\",\"a31\":\"Dezacord usor\",\"a32\":\"Dezacord moderat\",\"a33\":\"des\",\"a34\":\"cateodata\",\"a35\":\"niciodata / foarte rar\",\"a36\":\"niciodata / foarte rar\",\"a37\":\"rar\",\"a38\":\"des\",\"a39\":\"rar\",\"a40\":\"des\",\"a41\":\"des\",\"a42\":\"foarte des\",\"a43\":\"cateodata\",\"a44\":\"De obicei\",\"a45\":\"Foarte multa influenta\",\"a46\":\"Intotdeauna\",\"a47\":\"Foarte multa influenta\",\"a48\":\"Da\",\"a49\":\"Foarte important\",\"a50\":\"Mai sensibil decat ceilalti\",\"a51\":\"3\",\"a52\":\"3\",\"a53\":\"3\"}'),(54,'','86.121.107.212','{\"a1\":\"camelia.sorina@yahoo.com\",\"a2\":\"Feminin\",\"a3\":\"38\",\"a4\":\"18\",\"a5\":\"1\",\"a6\":\"1\",\"a7\":\"licenta sau masterat\",\"a8\":\"similara cu media din tara mea\",\"a9\":\"Ortodox\",\"a10\":\"\",\"a11\":\"6\",\"a12\":\"+1 Acord usor\",\"a13\":\"+1 Mai degraba da\",\"a14\":\"+1 Mai degraba da\",\"a15\":\"+1 Mai degraba da\",\"a16\":\"+2 Da\",\"a17\":\"+2 Da\",\"a18\":\"+1 Mai degraba da\",\"a19\":\"+1 Mai degraba da\",\"a20\":\"0 Nici da nici nu\",\"a21\":\"+2 Da\",\"a22\":\"4\",\"a23\":\"4\",\"a24\":\"4\",\"a25\":\"Acord usor\",\"a26\":\"Acord moderat\",\"a27\":\"Dezacord usor\",\"a28\":\"Acord puternic\",\"a29\":\"Acord usor\",\"a30\":\"Acord moderat\",\"a31\":\"Nici acord, nici dezacord\",\"a32\":\"Acord moderat\",\"a33\":\"des\",\"a34\":\"des\",\"a35\":\"niciodata / foarte rar\",\"a36\":\"cateodata\",\"a37\":\"cateodata\",\"a38\":\"rar\",\"a39\":\"cateodata\",\"a40\":\"cateodata\",\"a41\":\"rar\",\"a42\":\"cateodata\",\"a43\":\"cateodata\",\"a44\":\"De obicei\",\"a45\":\"Multa influenta\",\"a46\":\"Intotdeauna\",\"a47\":\"Multa influenta\",\"a48\":\"Probabil\",\"a49\":\"Destul de important\",\"a50\":\"La fel de sensibil ca ceilalti\",\"a51\":\"\",\"a52\":\"\",\"a53\":\"\"}'),(55,'','195.28.188.55','{\"a1\":\"septimiutulpan@yahoo.com\",\"a2\":\"Masculin\",\"a3\":\"58\",\"a4\":\"31\",\"a5\":\"1\",\"a6\":\"1\",\"a7\":\"licenta sau masterat\",\"a8\":\"peste media din tara mea\",\"a9\":\"Ortodox\",\"a10\":\"\",\"a11\":\"4 - moderat\",\"a12\":\"-2 Dezacord\",\"a13\":\"+2 Da\",\"a14\":\"+2 Da\",\"a15\":\"+2 Da\",\"a16\":\"+2 Da\",\"a17\":\"+2 Da\",\"a18\":\"+2 Da\",\"a19\":\"+2 Da\",\"a20\":\"+1 Mai degraba da\",\"a21\":\"+2 Da\",\"a22\":\"7 foarte satisfacut\",\"a23\":\"7 foarte satisfacut\",\"a24\":\"7 foarte satisfacut\",\"a25\":\"Acord moderat\",\"a26\":\"Acord puternic\",\"a27\":\"Dezacord usor\",\"a28\":\"Acord moderat\",\"a29\":\"Acord usor\",\"a30\":\"Acord puternic\",\"a31\":\"Dezacord usor\",\"a32\":\"Acord usor\",\"a33\":\"cateodata\",\"a34\":\"cateodata\",\"a35\":\"niciodata / foarte rar\",\"a36\":\"niciodata / foarte rar\",\"a37\":\"niciodata / foarte rar\",\"a38\":\"des\",\"a39\":\"niciodata / foarte rar\",\"a40\":\"foarte des\",\"a41\":\"niciodata / foarte rar\",\"a42\":\"des\",\"a43\":\"foarte des\",\"a44\":\"De obicei\",\"a45\":\"Multa influenta\",\"a46\":\"Cateodata\",\"a47\":\"Influenta moderata\",\"a48\":\"Da\",\"a49\":\"Destul de important\",\"a50\":\"La fel de sensibil ca ceilalti\",\"a51\":\"\",\"a52\":\"\",\"a53\":\"\"}'),(56,'','86.35.45.68','{\"a1\":\"mihaelamurza@yahoo.com\",\"a2\":\"Feminin\",\"a3\":\"41\",\"a4\":\"23\",\"a5\":\"2\",\"a6\":\"2\",\"a7\":\"licenta sau masterat\",\"a8\":\"peste media din tara mea\",\"a10\":\"baptist\",\"a11\":\"3\",\"a12\":\"-1 Dezacord usor\",\"a13\":\"+2 Da\",\"a14\":\"+1 Mai degraba da\",\"a15\":\"+1 Mai degraba da\",\"a16\":\"+2 Da\",\"a17\":\"+2 Da\",\"a18\":\"+2 Da\",\"a19\":\"+1 Mai degraba da\",\"a20\":\"+2 Da\",\"a21\":\"+2 Da\",\"a22\":\"6\",\"a23\":\"6\",\"a24\":\"6\",\"a25\":\"Acord usor\",\"a26\":\"Acord puternic\",\"a27\":\"Nici acord, nici dezacord\",\"a28\":\"Acord usor\",\"a29\":\"Nici acord, nici dezacord\",\"a30\":\"Nici acord, nici dezacord\",\"a31\":\"Dezacord usor\",\"a32\":\"Acord usor\",\"a33\":\"des\",\"a34\":\"des\",\"a35\":\"cateodata\",\"a36\":\"rar\",\"a37\":\"des\",\"a38\":\"foarte des\",\"a39\":\"rar\",\"a40\":\"foarte des\",\"a41\":\"rar\",\"a42\":\"foarte des\",\"a43\":\"des\",\"a44\":\"Cateodata\",\"a45\":\"Multa influenta\",\"a46\":\"De obicei\",\"a47\":\"Multa influenta\",\"a48\":\"Da\",\"a49\":\"Destul de important\",\"a50\":\"Mai sensibil decat ceilalti\",\"a51\":\"\",\"a52\":\"\",\"a53\":\"\"}'),(57,'','82.137.12.243','{\"a1\":\"nicole04ro@yahoo.com\",\"a2\":\"Feminin\",\"a3\":\"34\",\"a4\":\"6 ani\",\"a5\":\"nu avem copii\",\"a6\":\"nici unul\",\"a7\":\"licenta sau masterat\",\"a8\":\"peste media din tara mea\",\"a9\":\"Ortodox\",\"a10\":\"\",\"a11\":\"4 - moderat\",\"a12\":\"+2 Acord\",\"a13\":\"+2 Da\",\"a14\":\"+2 Da\",\"a15\":\"+2 Da\",\"a16\":\"+2 Da\",\"a17\":\"+2 Da\",\"a18\":\"+2 Da\",\"a19\":\"+2 Da\",\"a20\":\"+2 Da\",\"a21\":\"+2 Da\",\"a22\":\"7 foarte satisfacut\",\"a23\":\"6\",\"a24\":\"7 foarte satisfacut\",\"a25\":\"Acord puternic\",\"a26\":\"Acord puternic\",\"a27\":\"Nici acord, nici dezacord\",\"a28\":\"Acord usor\",\"a29\":\"Acord puternic\",\"a30\":\"Acord puternic\",\"a31\":\"Nici acord, nici dezacord\",\"a32\":\"Acord usor\",\"a33\":\"foarte des\",\"a34\":\"foarte des\",\"a35\":\"niciodata / foarte rar\",\"a36\":\"niciodata / foarte rar\",\"a37\":\"des\",\"a38\":\"rar\",\"a39\":\"niciodata / foarte rar\",\"a40\":\"foarte des\",\"a41\":\"cateodata\",\"a42\":\"foarte des\",\"a43\":\"foarte des\",\"a44\":\"Cateodata\",\"a45\":\"Multa influenta\",\"a46\":\"Intotdeauna\",\"a47\":\"Foarte multa influenta\",\"a48\":\"Da\",\"a49\":\"Foarte important\",\"a50\":\"Mult mai sensibil decat ceilalti\",\"a51\":\"3\",\"a52\":\"2\",\"a53\":\"1\"}'),(58,'','188.24.73.135','{\"a1\":\"laura_hasna@yahoo.com\",\"a2\":\"Feminin\",\"a3\":\"27\",\"a4\":\"3\",\"a5\":\"0\",\"a6\":\"0\",\"a7\":\"licenta sau masterat\",\"a8\":\"peste media din tara mea\",\"a9\":\"Catolic\",\"a10\":\"\",\"a11\":\"2\",\"a12\":\"-2 Dezacord\",\"a13\":\"+2 Da\",\"a14\":\"+2 Da\",\"a15\":\"+2 Da\",\"a16\":\"+2 Da\",\"a17\":\"+2 Da\",\"a18\":\"+2 Da\",\"a19\":\"+1 Mai degraba da\",\"a20\":\"+2 Da\",\"a21\":\"+2 Da\",\"a22\":\"7 foarte satisfacut\",\"a23\":\"7 foarte satisfacut\",\"a24\":\"6\",\"a25\":\"Acord moderat\",\"a26\":\"Acord puternic\",\"a27\":\"Dezacord usor\",\"a28\":\"Acord puternic\",\"a29\":\"Acord usor\",\"a30\":\"Acord moderat\",\"a31\":\"Nici acord, nici dezacord\",\"a32\":\"Dezacord usor\",\"a33\":\"cateodata\",\"a34\":\"des\",\"a35\":\"rar\",\"a36\":\"niciodata / foarte rar\",\"a37\":\"cateodata\",\"a38\":\"foarte des\",\"a39\":\"niciodata / foarte rar\",\"a40\":\"foarte des\",\"a41\":\"rar\",\"a42\":\"des\",\"a43\":\"cateodata\",\"a44\":\"De obicei\",\"a45\":\"Multa influenta\",\"a46\":\"Cateodata\",\"a47\":\"Foarte multa influenta\",\"a48\":\"Da\",\"a49\":\"Foarte important\",\"a50\":\"Mai sensibil decat ceilalti\",\"a51\":\"7\",\"a52\":\"3\",\"a53\":\"2\"}'),(59,'','74.57.193.74','{\"a1\":\"alexandra.balc@gmail.com\",\"a2\":\"Feminin\",\"a3\":\"35\",\"a4\":\"1\",\"a5\":\"0\",\"a6\":\"1\",\"a7\":\"licenta sau masterat\",\"a8\":\"peste media din tara mea\",\"a9\":\"Ortodox\",\"a10\":\"\",\"a11\":\"4 - moderat\",\"a12\":\"-1 Dezacord usor\",\"a13\":\"+2 Da\",\"a14\":\"+1 Mai degraba da\",\"a15\":\"+1 Mai degraba da\",\"a16\":\"+2 Da\",\"a17\":\"+2 Da\",\"a18\":\"+2 Da\",\"a19\":\"+2 Da\",\"a20\":\"+2 Da\",\"a21\":\"+2 Da\",\"a22\":\"6\",\"a23\":\"6\",\"a24\":\"5\",\"a25\":\"Acord usor\",\"a26\":\"Acord moderat\",\"a27\":\"Dezacord moderat\",\"a28\":\"Dezacord puternic\",\"a29\":\"Acord moderat\",\"a30\":\"Acord puternic\",\"a31\":\"Dezacord puternic\",\"a32\":\"Acord usor\",\"a33\":\"foarte des\",\"a34\":\"foarte des\",\"a35\":\"niciodata / foarte rar\",\"a37\":\"cateodata\",\"a38\":\"des\",\"a39\":\"rar\",\"a40\":\"foarte des\",\"a41\":\"rar\",\"a42\":\"foarte des\",\"a43\":\"foarte des\",\"a44\":\"De obicei\",\"a45\":\"Influenta moderata\",\"a46\":\"De obicei\",\"a47\":\"Influenta moderata\",\"a48\":\"Probabil\",\"a49\":\"Destul de important\",\"a50\":\"La fel de sensibil ca ceilalti\",\"a51\":\"\",\"a52\":\"\",\"a53\":\"\"}'),(60,'','84.232.245.136','{\"a1\":\"ionescucristina@yahoo.com\",\"a2\":\"Feminin\",\"a3\":\"35\",\"a4\":\"10 ani\",\"a5\":\"2\",\"a6\":\"2\",\"a7\":\"licenta sau masterat\",\"a8\":\"similara cu media din tara mea\",\"a9\":\"Ortodox\",\"a10\":\"\",\"a11\":\"3\",\"a12\":\"+1 Acord usor\",\"a13\":\"-1 Mai degraba nu\",\"a14\":\"0 Nici da nici nu\",\"a15\":\"+1 Mai degraba da\",\"a16\":\"-1 Mai degraba nu\",\"a17\":\"-1 Mai degraba nu\",\"a18\":\"-1 Mai degraba nu\",\"a20\":\"-1 Mai degraba nu\",\"a21\":\"0 Nici da nici nu\",\"a22\":\"2\",\"a23\":\"2\",\"a24\":\"2\",\"a25\":\"Acord puternic\",\"a26\":\"Acord puternic\",\"a27\":\"Acord usor\",\"a28\":\"Acord puternic\",\"a29\":\"Acord usor\",\"a30\":\"Acord puternic\",\"a31\":\"Dezacord puternic\",\"a32\":\"Dezacord puternic\",\"a33\":\"niciodata / foarte rar\",\"a34\":\"cateodata\",\"a35\":\"des\",\"a36\":\"foarte des\",\"a37\":\"niciodata / foarte rar\",\"a38\":\"cateodata\",\"a39\":\"des\",\"a40\":\"niciodata / foarte rar\",\"a41\":\"cateodata\",\"a42\":\"rar\",\"a43\":\"rar\",\"a44\":\"De obicei\",\"a45\":\"Multa influenta\",\"a46\":\"De obicei\",\"a47\":\"Foarte multa influenta\",\"a48\":\"Da\",\"a49\":\"Foarte important\",\"a50\":\"La fel de sensibil ca ceilalti\",\"a51\":\"7\",\"a52\":\"8\",\"a53\":\"9\"}'),(61,'','89.120.231.55','{\"a1\":\"macovei.dan@gmail.com\",\"a2\":\"Masculin\",\"a3\":\"28\",\"a4\":\"3\",\"a5\":\"0\",\"a6\":\"0\",\"a7\":\"licenta sau masterat\",\"a8\":\"similara cu media din tara mea\",\"a9\":\"Ortodox\",\"a10\":\"\",\"a11\":\"2\",\"a12\":\"-2 Dezacord\",\"a13\":\"0 Nici da nici nu\",\"a14\":\"-1 Mai degraba nu\",\"a15\":\"0 Nici da nici nu\",\"a16\":\"-1 Mai degraba nu\",\"a17\":\"+1 Mai degraba da\",\"a18\":\"0 Nici da nici nu\",\"a19\":\"-1 Mai degraba nu\",\"a20\":\"0 Nici da nici nu\",\"a21\":\"+1 Mai degraba da\",\"a22\":\"3\",\"a23\":\"3\",\"a24\":\"4\",\"a25\":\"Acord usor\",\"a26\":\"Acord puternic\",\"a27\":\"Acord moderat\",\"a28\":\"Acord puternic\",\"a29\":\"Acord puternic\",\"a30\":\"Acord puternic\",\"a31\":\"Dezacord usor\",\"a32\":\"Dezacord moderat\",\"a33\":\"rar\",\"a34\":\"cateodata\",\"a35\":\"rar\",\"a36\":\"rar\",\"a37\":\"des\",\"a38\":\"cateodata\",\"a39\":\"cateodata\",\"a40\":\"cateodata\",\"a41\":\"rar\",\"a42\":\"des\",\"a43\":\"cateodata\",\"a44\":\"Rar\",\"a45\":\"Multa influenta\",\"a46\":\"Rar\",\"a47\":\"Multa influenta\",\"a48\":\"Da\",\"a49\":\"Destul de important\",\"a50\":\"Mai sensibil decat ceilalti\",\"a51\":\"3\",\"a52\":\"3\",\"a53\":\"3\"}'),(62,'','93.112.84.13','{\"a1\":\"codruta_burda@wvi.org\",\"a2\":\"Feminin\",\"a3\":\"42\",\"a4\":\"22\",\"a5\":\"0\",\"a6\":\"0\",\"a7\":\"licenta sau masterat\",\"a8\":\"similara cu media din tara mea\",\"a9\":\"Ortodox\",\"a10\":\"\",\"a11\":\"4 - moderat\",\"a12\":\"-1 Dezacord usor\",\"a13\":\"+2 Da\",\"a14\":\"+1 Mai degraba da\",\"a15\":\"+2 Da\",\"a16\":\"+2 Da\",\"a17\":\"+2 Da\",\"a18\":\"+2 Da\",\"a19\":\"+2 Da\",\"a20\":\"+2 Da\",\"a21\":\"+2 Da\",\"a22\":\"5\",\"a23\":\"7 foarte satisfacut\",\"a24\":\"7 foarte satisfacut\",\"a25\":\"Acord usor\",\"a26\":\"Acord puternic\",\"a27\":\"Acord moderat\",\"a28\":\"Dezacord usor\",\"a29\":\"Acord moderat\",\"a30\":\"Acord moderat\",\"a31\":\"Dezacord moderat\",\"a32\":\"Acord moderat\",\"a33\":\"des\",\"a34\":\"foarte des\",\"a35\":\"rar\",\"a36\":\"niciodata / foarte rar\",\"a37\":\"des\",\"a38\":\"foarte des\",\"a39\":\"niciodata / foarte rar\",\"a40\":\"des\",\"a41\":\"niciodata / foarte rar\",\"a42\":\"foarte des\",\"a43\":\"foarte des\",\"a44\":\"Rar\",\"a45\":\"Influenta moderata\",\"a46\":\"De obicei\",\"a47\":\"Multa influenta\",\"a48\":\"Da\",\"a49\":\"Destul de important\",\"a50\":\"La fel de sensibil ca ceilalti\",\"a51\":\"\",\"a52\":\"\",\"a53\":\"\"}'),(63,'','5.12.173.190','{\"a1\":\"iuliana312002@yahoo.com\",\"a2\":\"Feminin\",\"a3\":\"41\",\"a4\":\"22\",\"a5\":\"22\",\"a6\":\"\",\"a7\":\"licenta sau masterat\",\"a8\":\"similara cu media din tara mea\",\"a9\":\"Ortodox\",\"a10\":\"\",\"a11\":\"2\",\"a12\":\"-2 Dezacord\",\"a13\":\"+1 Mai degraba da\",\"a14\":\"+1 Mai degraba da\",\"a15\":\"-1 Mai degraba nu\",\"a16\":\"+1 Mai degraba da\",\"a17\":\"0 Nici da nici nu\",\"a18\":\"+1 Mai degraba da\",\"a19\":\"0 Nici da nici nu\",\"a20\":\"+1 Mai degraba da\",\"a21\":\"+2 Da\",\"a22\":\"4\",\"a23\":\"3\",\"a24\":\"3\",\"a25\":\"Acord moderat\",\"a26\":\"Acord moderat\",\"a27\":\"Acord moderat\",\"a28\":\"Acord moderat\",\"a29\":\"Acord usor\",\"a30\":\"Acord puternic\",\"a31\":\"Dezacord puternic\",\"a32\":\"Dezacord moderat\",\"a33\":\"cateodata\",\"a34\":\"cateodata\",\"a35\":\"cateodata\",\"a36\":\"des\",\"a37\":\"des\",\"a38\":\"rar\",\"a39\":\"cateodata\",\"a40\":\"rar\",\"a41\":\"des\",\"a42\":\"des\",\"a43\":\"des\",\"a44\":\"Cateodata\",\"a45\":\"Multa influenta\",\"a46\":\"Intotdeauna\",\"a47\":\"Multa influenta\",\"a48\":\"Da\",\"a49\":\"Destul de important\",\"a50\":\"Mai sensibil decat ceilalti\",\"a51\":\"\",\"a52\":\"\",\"a53\":\"\"}'),(64,'','82.137.8.25','{\"a1\":\"office.mariandumitru@gmail.com\",\"a2\":\"Masculin\",\"a3\":\"31\",\"a4\":\"1an\",\"a5\":\"0\",\"a6\":\"......................\",\"a7\":\"licenta sau masterat\",\"a8\":\"similara cu media din tara mea\",\"a9\":\"Protestant\",\"a10\":\"\",\"a11\":\"5\",\"a12\":\"+2 Acord\",\"a13\":\"+2 Da\",\"a14\":\"+2 Da\",\"a15\":\"+2 Da\",\"a16\":\"+2 Da\",\"a17\":\"+2 Da\",\"a18\":\"+2 Da\",\"a19\":\"+2 Da\",\"a20\":\"+2 Da\",\"a21\":\"+2 Da\",\"a22\":\"1 foarte insatisfacut\",\"a23\":\"1 foarte insatisfacut\",\"a24\":\"1 foarte insatisfacut\",\"a25\":\"Acord puternic\",\"a26\":\"Dezacord puternic\",\"a27\":\"Acord usor\",\"a28\":\"Acord puternic\",\"a29\":\"Acord moderat\",\"a30\":\"Acord puternic\",\"a31\":\"Dezacord usor\",\"a32\":\"Dezacord moderat\",\"a33\":\"cateodata\",\"a34\":\"niciodata / foarte rar\",\"a35\":\"foarte des\",\"a36\":\"rar\",\"a37\":\"foarte des\",\"a38\":\"foarte des\",\"a39\":\"foarte des\",\"a40\":\"foarte des\",\"a41\":\"foarte des\",\"a43\":\"cateodata\",\"a44\":\"De obicei\",\"a45\":\"Foarte multa influenta\",\"a46\":\"Intotdeauna\",\"a47\":\"Multa influenta\",\"a48\":\"Nu\",\"a49\":\"Destul de important\",\"a50\":\"Mai sensibil decat ceilalti\",\"a51\":\"6\",\"a52\":\"6\",\"a53\":\"5\"}'),(65,'','193.151.30.187','{\"a1\":\"mihaelalicuta@yahoo.com\",\"a2\":\"Feminin\",\"a3\":\"35\",\"a4\":\"6\",\"a5\":\"1\",\"a6\":\"1\",\"a7\":\"licenta sau masterat\",\"a8\":\"peste media din tara mea\",\"a9\":\"Ortodox\",\"a10\":\"\",\"a11\":\"3\",\"a12\":\"-2 Dezacord\",\"a13\":\"-1 Mai degraba nu\",\"a14\":\"-1 Mai degraba nu\",\"a15\":\"+1 Mai degraba da\",\"a16\":\"-1 Mai degraba nu\",\"a17\":\"-2 Nu\",\"a18\":\"-2 Nu\",\"a19\":\"-1 Mai degraba nu\",\"a20\":\"-2 Nu\",\"a21\":\"-1 Mai degraba nu\",\"a22\":\"2\",\"a23\":\"1 foarte insatisfacut\",\"a24\":\"2\",\"a25\":\"Dezacord usor\",\"a26\":\"Acord usor\",\"a27\":\"Dezacord moderat\",\"a28\":\"Acord moderat\",\"a29\":\"Dezacord usor\",\"a30\":\"Acord usor\",\"a31\":\"Dezacord puternic\",\"a32\":\"Dezacord puternic\",\"a33\":\"niciodata / foarte rar\",\"a34\":\"niciodata / foarte rar\",\"a35\":\"des\",\"a36\":\"des\",\"a37\":\"cateodata\",\"a38\":\"rar\",\"a39\":\"des\",\"a40\":\"niciodata / foarte rar\",\"a41\":\"rar\",\"a42\":\"niciodata / foarte rar\",\"a43\":\"niciodata / foarte rar\",\"a44\":\"Niciodata\",\"a45\":\"Putina influenta\",\"a46\":\"Intotdeauna\",\"a47\":\"Putina influenta\",\"a48\":\"Da\",\"a49\":\"Mai degraba neimportant decat important\",\"a50\":\"La fel de sensibil ca ceilalti\",\"a51\":\"\",\"a52\":\"\",\"a53\":\"\"}'),(66,'','78.96.4.132','{\"a1\":\"maria_demeter@yahoo.co.uk\",\"a2\":\"Feminin\",\"a3\":\"52\",\"a4\":\"26 ani\",\"a5\":\"1\",\"a6\":\"2\",\"a7\":\"licenta sau masterat\",\"a8\":\"peste media din tara mea\",\"a9\":\"Alta\",\"a10\":\"evanghelica\",\"a11\":\"4 - moderat\",\"a12\":\"+1 Acord usor\",\"a13\":\"0 Nici da nici nu\",\"a14\":\"+1 Mai degraba da\",\"a15\":\"+1 Mai degraba da\",\"a16\":\"0 Nici da nici nu\",\"a17\":\"0 Nici da nici nu\",\"a18\":\"+1 Mai degraba da\",\"a19\":\"+1 Mai degraba da\",\"a20\":\"-1 Mai degraba nu\",\"a21\":\"+1 Mai degraba da\",\"a22\":\"5\",\"a23\":\"4\",\"a24\":\"4\",\"a25\":\"Acord puternic\",\"a26\":\"Acord puternic\",\"a27\":\"Dezacord usor\",\"a28\":\"Acord moderat\",\"a29\":\"Acord moderat\",\"a30\":\"Acord puternic\",\"a31\":\"Dezacord usor\",\"a32\":\"Acord moderat\",\"a33\":\"cateodata\",\"a34\":\"rar\",\"a35\":\"rar\",\"a36\":\"des\",\"a37\":\"rar\",\"a38\":\"rar\",\"a39\":\"des\",\"a40\":\"cateodata\",\"a41\":\"cateodata\",\"a42\":\"niciodata / foarte rar\",\"a43\":\"niciodata / foarte rar\",\"a44\":\"Intotdeauna\",\"a45\":\"Foarte multa influenta\",\"a46\":\"Intotdeauna\",\"a47\":\"Foarte multa influenta\",\"a48\":\"Da\",\"a49\":\"Destul de important\",\"a50\":\"La fel de sensibil ca ceilalti\",\"a51\":\"9\",\"a52\":\"10\",\"a53\":\"10\"}'),(67,'','95.76.195.254','{\"a1\":\"anca.blanaru@gmail.com\",\"a3\":\"\",\"a4\":\"\",\"a5\":\"\",\"a6\":\"\",\"a10\":\"\",\"a51\":\"1\",\"a52\":\"1\",\"a53\":\"1\"}'),(68,'','109.166.129.52','{\"a1\":\"simonatrip@yahoo.com\",\"a2\":\"Feminin\",\"a3\":\"38\",\"a4\":\"8\",\"a5\":\"2\",\"a6\":\"\",\"a7\":\"licenta sau masterat\",\"a8\":\"peste media din tara mea\",\"a9\":\"Ortodox\",\"a10\":\"\",\"a11\":\"4 - moderat\",\"a12\":\"0 Nici acord, nici dezacord\",\"a13\":\"+2 Da\",\"a14\":\"+1 Mai degraba da\",\"a15\":\"+2 Da\",\"a16\":\"+2 Da\",\"a17\":\"+2 Da\",\"a18\":\"+2 Da\",\"a19\":\"+2 Da\",\"a20\":\"-1 Mai degraba nu\",\"a21\":\"+2 Da\",\"a22\":\"7 foarte satisfacut\",\"a23\":\"7 foarte satisfacut\",\"a24\":\"7 foarte satisfacut\",\"a25\":\"Acord puternic\",\"a26\":\"Acord puternic\",\"a27\":\"Nici acord, nici dezacord\",\"a28\":\"Acord puternic\",\"a29\":\"Acord puternic\",\"a30\":\"Acord puternic\",\"a31\":\"Acord usor\",\"a32\":\"Acord moderat\",\"a33\":\"foarte des\",\"a34\":\"foarte des\",\"a35\":\"niciodata / foarte rar\",\"a36\":\"niciodata / foarte rar\",\"a37\":\"cateodata\",\"a38\":\"foarte des\",\"a39\":\"niciodata / foarte rar\",\"a40\":\"foarte des\",\"a41\":\"niciodata / foarte rar\",\"a42\":\"foarte des\",\"a43\":\"cateodata\",\"a44\":\"De obicei\",\"a45\":\"Influenta moderata\",\"a46\":\"De obicei\",\"a47\":\"(Aproape) nu are influenta\",\"a48\":\"Probabil\",\"a49\":\"Destul de important\",\"a50\":\"La fel de sensibil ca ceilalti\",\"a51\":\"\",\"a52\":\"\",\"a53\":\"\"}'),(69,'','82.137.10.156','{\"a1\":\"morcanoana@yahoo.com\",\"a2\":\"Feminin\",\"a3\":\"29\",\"a4\":\"4\",\"a5\":\"1\",\"a6\":\"1\",\"a7\":\"licenta sau masterat\",\"a8\":\"peste media din tara mea\",\"a9\":\"Ortodox\",\"a10\":\"-\",\"a13\":\"+2 Da\",\"a14\":\"+2 Da\",\"a15\":\"+2 Da\",\"a16\":\"+2 Da\",\"a17\":\"+2 Da\",\"a18\":\"+2 Da\",\"a19\":\"+2 Da\",\"a20\":\"+2 Da\",\"a22\":\"7 foarte satisfacut\",\"a23\":\"7 foarte satisfacut\",\"a24\":\"7 foarte satisfacut\",\"a25\":\"Acord puternic\",\"a26\":\"Acord puternic\",\"a27\":\"Acord usor\",\"a28\":\"Acord puternic\",\"a29\":\"Nici acord, nici dezacord\",\"a30\":\"Acord puternic\",\"a31\":\"Dezacord usor\",\"a32\":\"Dezacord moderat\",\"a33\":\"foarte des\",\"a34\":\"foarte des\",\"a35\":\"niciodata / foarte rar\",\"a36\":\"niciodata / foarte rar\",\"a37\":\"foarte des\",\"a38\":\"foarte des\",\"a39\":\"niciodata / foarte rar\",\"a40\":\"foarte des\",\"a41\":\"niciodata / foarte rar\",\"a42\":\"foarte des\",\"a43\":\"foarte des\",\"a44\":\"Intotdeauna\",\"a45\":\"Foarte multa influenta\",\"a46\":\"Intotdeauna\",\"a47\":\"Multa influenta\",\"a48\":\"Probabil\",\"a49\":\"Foarte important\",\"a50\":\"Mult mai sensibil decat ceilalti\",\"a51\":\"10\",\"a52\":\"9\",\"a53\":\"11\"}'),(70,'','79.113.62.157','{\"a1\":\"hodutcarmen@yahoo.ca\",\"a2\":\"Feminin\",\"a3\":\"31\",\"a4\":\"1\",\"a5\":\"0\",\"a6\":\"0\",\"a7\":\"licenta sau masterat\",\"a8\":\"similara cu media din tara mea\",\"a9\":\"Protestant\",\"a10\":\"\",\"a11\":\"5\",\"a12\":\"-1 Dezacord usor\",\"a13\":\"+2 Da\",\"a14\":\"+1 Mai degraba da\",\"a15\":\"+2 Da\",\"a16\":\"+2 Da\",\"a17\":\"+2 Da\",\"a18\":\"+2 Da\",\"a19\":\"+2 Da\",\"a20\":\"+2 Da\",\"a21\":\"+2 Da\",\"a22\":\"6\",\"a23\":\"6\",\"a24\":\"6\",\"a25\":\"Dezacord usor\",\"a26\":\"Acord moderat\",\"a27\":\"Acord usor\",\"a28\":\"Acord puternic\",\"a29\":\"Dezacord puternic\",\"a30\":\"Nici acord, nici dezacord\",\"a31\":\"Nici acord, nici dezacord\",\"a32\":\"Nici acord, nici dezacord\",\"a33\":\"cateodata\",\"a34\":\"cateodata\",\"a35\":\"niciodata / foarte rar\",\"a36\":\"rar\",\"a37\":\"cateodata\",\"a38\":\"foarte des\",\"a39\":\"niciodata / foarte rar\",\"a40\":\"foarte des\",\"a41\":\"niciodata / foarte rar\",\"a42\":\"foarte des\",\"a43\":\"foarte des\",\"a44\":\"Cateodata\",\"a45\":\"Influenta moderata\",\"a46\":\"De obicei\",\"a47\":\"Influenta moderata\",\"a48\":\"Poate\",\"a49\":\"Destul de important\",\"a50\":\"La fel de sensibil ca ceilalti\",\"a51\":\"3\",\"a52\":\"2\",\"a53\":\"2\"}'),(71,'','86.123.45.2','{\"a1\":\"margareta_calin@yahoo.com\",\"a2\":\"Feminin\",\"a3\":\"45\",\"a4\":\"22\",\"a5\":\"1\",\"a6\":\"1\",\"a7\":\"licenta sau masterat\",\"a8\":\"mai scazuta fata de media din tara mea\",\"a9\":\"Ortodox\",\"a10\":\"\",\"a11\":\"4 - moderat\",\"a12\":\"0 Nici acord, nici dezacord\",\"a13\":\"+1 Mai degraba da\",\"a14\":\"+1 Mai degraba da\",\"a15\":\"+1 Mai degraba da\",\"a16\":\"+1 Mai degraba da\",\"a17\":\"+1 Mai degraba da\",\"a18\":\"+2 Da\",\"a19\":\"+1 Mai degraba da\",\"a20\":\"+1 Mai degraba da\",\"a21\":\"+2 Da\",\"a22\":\"6\",\"a23\":\"6\",\"a24\":\"5\",\"a25\":\"Nici acord, nici dezacord\",\"a26\":\"Acord moderat\",\"a27\":\"Acord usor\",\"a28\":\"Nici acord, nici dezacord\",\"a29\":\"Acord puternic\",\"a30\":\"Acord puternic\",\"a31\":\"Dezacord puternic\",\"a32\":\"Dezacord moderat\",\"a33\":\"cateodata\",\"a34\":\"des\",\"a35\":\"rar\",\"a36\":\"cateodata\",\"a37\":\"des\",\"a38\":\"cateodata\",\"a39\":\"cateodata\",\"a40\":\"cateodata\",\"a41\":\"cateodata\",\"a42\":\"des\",\"a43\":\"des\",\"a44\":\"Rar\",\"a45\":\"Influenta moderata\",\"a46\":\"Cateodata\",\"a47\":\"Influenta moderata\",\"a48\":\"Probabil nu\",\"a49\":\"Mai degraba neimportant decat important\",\"a50\":\"La fel de sensibil ca ceilalti\",\"a51\":\"9\",\"a52\":\"3\",\"a53\":\"2\"}'),(72,'','194.145.238.50','{\"a1\":\"mioara_mihali@yahoo.fr\",\"a2\":\"Feminin\",\"a3\":\"29\",\"a4\":\"2\",\"a5\":\"0\",\"a6\":\"0\",\"a7\":\"licenta sau masterat\",\"a8\":\"peste media din tara mea\",\"a9\":\"Catolic\",\"a10\":\"\",\"a11\":\"2\",\"a12\":\"-3 Dezacord puternic\",\"a13\":\"+2 Da\",\"a14\":\"+2 Da\",\"a15\":\"+2 Da\",\"a16\":\"+2 Da\",\"a17\":\"+2 Da\",\"a18\":\"+2 Da\",\"a19\":\"+2 Da\",\"a20\":\"+1 Mai degraba da\",\"a21\":\"+1 Mai degraba da\",\"a22\":\"7 foarte satisfacut\",\"a23\":\"7 foarte satisfacut\",\"a24\":\"7 foarte satisfacut\",\"a25\":\"Acord usor\",\"a26\":\"Acord puternic\",\"a27\":\"Acord moderat\",\"a28\":\"Acord puternic\",\"a29\":\"Dezacord usor\",\"a30\":\"Acord usor\",\"a31\":\"Dezacord puternic\",\"a32\":\"Dezacord puternic\",\"a33\":\"des\",\"a34\":\"des\",\"a35\":\"rar\",\"a36\":\"rar\",\"a37\":\"des\",\"a38\":\"des\",\"a39\":\"rar\",\"a40\":\"foarte des\",\"a41\":\"niciodata / foarte rar\",\"a42\":\"des\",\"a43\":\"cateodata\",\"a44\":\"Intotdeauna\",\"a45\":\"Foarte multa influenta\",\"a46\":\"Intotdeauna\",\"a47\":\"Foarte multa influenta\",\"a48\":\"Da\",\"a49\":\"Foarte important\",\"a50\":\"Mai sensibil decat ceilalti\",\"a51\":\"\",\"a52\":\"\",\"a53\":\"\"}'),(73,'','89.136.151.107','{\"a1\":\"izapopescu@gmail.com\",\"a2\":\"Feminin\",\"a3\":\"30\",\"a4\":\"4\",\"a5\":\"1\",\"a6\":\"1\",\"a7\":\"licenta sau masterat\",\"a8\":\"peste media din tara mea\",\"a9\":\"Ortodox\",\"a10\":\"\",\"a11\":\"2\",\"a12\":\"-1 Dezacord usor\",\"a13\":\"+2 Da\",\"a14\":\"+2 Da\",\"a15\":\"+2 Da\",\"a16\":\"+2 Da\",\"a17\":\"+2 Da\",\"a18\":\"+2 Da\",\"a19\":\"+2 Da\",\"a20\":\"+1 Mai degraba da\",\"a21\":\"+2 Da\",\"a22\":\"6\",\"a23\":\"6\",\"a24\":\"7 foarte satisfacut\",\"a25\":\"Acord moderat\",\"a26\":\"Acord puternic\",\"a27\":\"Dezacord usor\",\"a28\":\"Acord moderat\",\"a29\":\"Acord usor\",\"a30\":\"Acord puternic\",\"a31\":\"Dezacord usor\",\"a32\":\"Dezacord puternic\",\"a33\":\"des\",\"a34\":\"des\",\"a35\":\"rar\",\"a36\":\"cateodata\",\"a37\":\"cateodata\",\"a38\":\"des\",\"a39\":\"foarte des\",\"a40\":\"des\",\"a41\":\"niciodata / foarte rar\",\"a42\":\"foarte des\",\"a43\":\"des\",\"a44\":\"De obicei\",\"a45\":\"Foarte multa influenta\",\"a46\":\"De obicei\",\"a47\":\"Foarte multa influenta\",\"a48\":\"Probabil\",\"a49\":\"Foarte important\",\"a50\":\"Mai sensibil decat ceilalti\",\"a51\":\"3\",\"a52\":\"3\",\"a53\":\"2\"}'),(74,'','82.79.96.23','{\"a1\":\"\",\"a2\":\"Feminin\",\"a3\":\"41\",\"a4\":\"12\",\"a5\":\"0\",\"a6\":\"1\",\"a7\":\"licenta sau masterat\",\"a8\":\"similara cu media din tara mea\",\"a9\":\"Ortodox\",\"a10\":\"\",\"a11\":\"4 - moderat\",\"a12\":\"-2 Dezacord\",\"a13\":\"+2 Da\",\"a14\":\"+1 Mai degraba da\",\"a15\":\"+2 Da\",\"a16\":\"+2 Da\",\"a17\":\"+2 Da\",\"a18\":\"+2 Da\",\"a19\":\"+2 Da\",\"a20\":\"+1 Mai degraba da\",\"a21\":\"+2 Da\",\"a22\":\"6\",\"a23\":\"7 foarte satisfacut\",\"a24\":\"6\",\"a25\":\"Acord puternic\",\"a26\":\"Acord puternic\",\"a27\":\"Acord moderat\",\"a28\":\"Acord moderat\",\"a29\":\"Nici acord, nici dezacord\",\"a30\":\"Acord puternic\",\"a31\":\"Acord usor\",\"a32\":\"Dezacord usor\",\"a33\":\"des\",\"a34\":\"des\",\"a35\":\"rar\",\"a36\":\"rar\",\"a37\":\"rar\",\"a38\":\"des\",\"a39\":\"rar\",\"a40\":\"des\",\"a41\":\"des\",\"a42\":\"des\",\"a43\":\"des\",\"a44\":\"De obicei\",\"a45\":\"Multa influenta\",\"a46\":\"Intotdeauna\",\"a47\":\"Multa influenta\",\"a48\":\"Da\",\"a49\":\"Foarte important\",\"a50\":\"Mai sensibil decat ceilalti\",\"a51\":\"\",\"a52\":\"\",\"a53\":\"\"}'),(75,'','79.116.72.217','{\"a1\":\"a1\",\"a2\":\"Feminin\",\"a3\":\"a3\",\"a4\":\"a4\",\"a5\":\"a5\",\"a6\":\"a6\",\"a7\":\"licenta sau masterat\",\"a8\":\"mult mai scazuta fata de media din tara mea\",\"a9\":\"Alta\",\"a10\":\"a10\",\"a11\":\"7 - extrem de religios\",\"a12\":\"-3 Dezacord puternic\",\"a13\":\"-2 Nu\",\"a14\":\"-2 Nu\",\"a15\":\"-2 Nu\",\"a16\":\"-2 Nu\",\"a17\":\"-2 Nu\",\"a18\":\"-2 Nu\",\"a19\":\"-2 Nu\",\"a20\":\"-2 Nu\",\"a21\":\"-2 Nu\",\"a22\":\"7 foarte satisfacut\",\"a23\":\"7 foarte satisfacut\",\"a24\":\"7 foarte satisfacut\",\"a25\":\"Dezacord puternic\",\"a26\":\"Dezacord puternic\",\"a27\":\"Dezacord puternic\",\"a28\":\"Dezacord puternic\",\"a29\":\"Dezacord puternic\",\"a30\":\"Dezacord puternic\",\"a31\":\"Dezacord puternic\",\"a32\":\"Dezacord puternic\",\"a33\":\"foarte des\",\"a34\":\"foarte des\",\"a35\":\"foarte des\",\"a36\":\"foarte des\",\"a37\":\"foarte des\",\"a38\":\"foarte des\",\"a39\":\"foarte des\",\"a40\":\"foarte des\",\"a41\":\"foarte des\",\"a42\":\"foarte des\",\"a43\":\"foarte des\",\"a44\":\"Niciodata\",\"a45\":\"(Aproape) nu are influenta\",\"a46\":\"Niciodata\",\"a47\":\"(Aproape) nu are influenta\",\"a48\":\"Nu\",\"a49\":\"(Aproape) deloc important\",\"a50\":\"Mult mai putin sensibil decat ceilalti\",\"a51\":\"1\",\"a52\":\"1\",\"a53\":\"1\"}'),(76,'','89.121.222.40','{\"a1\":\"ioana_grady@yahoo.com\",\"a2\":\"Feminin\",\"a3\":\"31\",\"a4\":\"2\",\"a5\":\"1\",\"a6\":\"1\",\"a7\":\"licenta sau masterat\",\"a8\":\"similara cu media din tara mea\",\"a9\":\"Catolic\",\"a10\":\"\",\"a11\":\"5\",\"a12\":\"+1 Acord usor\",\"a13\":\"+2 Da\",\"a14\":\"+2 Da\",\"a15\":\"+2 Da\",\"a16\":\"+2 Da\",\"a17\":\"+2 Da\",\"a18\":\"+2 Da\",\"a19\":\"+2 Da\",\"a20\":\"+2 Da\",\"a21\":\"+2 Da\",\"a22\":\"6\",\"a23\":\"6\",\"a24\":\"6\",\"a25\":\"Acord usor\",\"a26\":\"Acord moderat\",\"a27\":\"Nici acord, nici dezacord\",\"a28\":\"Acord puternic\",\"a29\":\"Acord puternic\",\"a30\":\"Acord puternic\",\"a31\":\"Acord puternic\",\"a32\":\"Acord puternic\",\"a33\":\"foarte des\",\"a34\":\"foarte des\",\"a35\":\"niciodata / foarte rar\",\"a36\":\"rar\",\"a37\":\"foarte des\",\"a38\":\"des\",\"a39\":\"niciodata / foarte rar\",\"a40\":\"foarte des\",\"a41\":\"cateodata\",\"a42\":\"foarte des\",\"a43\":\"des\",\"a44\":\"Rar\",\"a45\":\"Multa influenta\",\"a46\":\"Rar\",\"a47\":\"Multa influenta\",\"a48\":\"Da\",\"a49\":\"Destul de important\",\"a50\":\"Mai putin sensibil decat ceilalti\",\"a51\":\"\",\"a52\":\"\",\"a53\":\"\"}'),(77,'','188.26.211.156','{\"a1\":\"lupucorina@yahoo.com\",\"a2\":\"Feminin\",\"a3\":\"36\",\"a4\":\"14\",\"a5\":\"1\",\"a6\":\"1\",\"a7\":\"licenta sau masterat\",\"a8\":\"similara cu media din tara mea\",\"a9\":\"Ortodox\",\"a10\":\"-\",\"a11\":\"4 - moderat\",\"a12\":\"+1 Acord usor\",\"a13\":\"+1 Mai degraba da\",\"a14\":\"0 Nici da nici nu\",\"a15\":\"+2 Da\",\"a16\":\"+2 Da\",\"a17\":\"+2 Da\",\"a18\":\"+2 Da\",\"a19\":\"+1 Mai degraba da\",\"a20\":\"0 Nici da nici nu\",\"a21\":\"+2 Da\",\"a22\":\"2\",\"a23\":\"4\",\"a24\":\"3\",\"a25\":\"Acord usor\",\"a26\":\"Acord moderat\",\"a27\":\"Acord usor\",\"a28\":\"Dezacord usor\",\"a29\":\"Dezacord usor\",\"a30\":\"Nici acord, nici dezacord\",\"a31\":\"Dezacord usor\",\"a32\":\"Dezacord usor\",\"a33\":\"rar\",\"a34\":\"cateodata\",\"a35\":\"cateodata\",\"a36\":\"des\",\"a37\":\"des\",\"a38\":\"rar\",\"a39\":\"des\",\"a40\":\"rar\",\"a41\":\"rar\",\"a42\":\"cateodata\",\"a43\":\"rar\",\"a44\":\"Rar\",\"a45\":\"Influenta moderata\",\"a46\":\"Intotdeauna\",\"a47\":\"Influenta moderata\",\"a48\":\"Poate\",\"a49\":\"Destul de important\",\"a50\":\"La fel de sensibil ca ceilalti\",\"a51\":\"\",\"a52\":\"\",\"a53\":\"\"}');
/*!40000 ALTER TABLE `marital_satiffaction` ENABLE KEYS */;
UNLOCK TABLES;

--
-- Table structure for table `questionnaires`
--

DROP TABLE IF EXISTS `questionnaires`;
/*!40101 SET @saved_cs_client     = @@character_set_client */;
/*!40101 SET character_set_client = utf8 */;
CREATE TABLE `questionnaires` (
  `questionnaire_id` int(11) NOT NULL auto_increment,
  `name` text NOT NULL,
  `desc` text NOT NULL,
  `max_score` int(11) NOT NULL,
  `display_type` enum('normal','radial') NOT NULL,
  `quest_type` enum('normal','360') NOT NULL,
  PRIMARY KEY  (`questionnaire_id`)
) ENGINE=InnoDB AUTO_INCREMENT=7 DEFAULT CHARSET=utf8;
/*!40101 SET character_set_client = @saved_cs_client */;

--
-- Dumping data for table `questionnaires`
--

LOCK TABLES `questionnaires` WRITE;
/*!40000 ALTER TABLE `questionnaires` DISABLE KEYS */;
INSERT INTO `questionnaires` VALUES (1,'{\"ro\":\"Despre muzic\\u0103\",\"en\":\"About music\"}','{\"ro\":\"Doar un alt chestionar despre muzic\\u0103\",\"en\":\"Just another questionnaire about music\"}',3,'normal','normal'),(2,'{\"ro\":\"Despre fotbal\",\"en\":\"About football\"}','{\"ro\":\"quest_desc_ro\",\"en\":\"quest_desc_en\"}',10,'normal','360'),(3,'{\"ro\":\"Roata Profil\",\"en\":\"Profil Wheel\"}','{\"ro\":\"In roata de mai jos veti gasi un num\\u0103r de cuvinte \\u0219i expresii care descriu diferite emotii \\u0219i trairi. Citi\\u021bi fiecare item \\u0219i apoi marca\\u021bi r\\u0103spunsul adecvat.\",\"en\":\"quest_desc_en\"}',0,'radial','360'),(4,'{\"ro\":\"M-RIBS\",\"en\":\"M-RIBS\"}','{\"ro\":\"Atunci cand se confrunta cu situatii negative, unii angajati au tendinta sa gandeasca in termeni de trebuie cu necesitate\\/ neparat. In acelea\\u015fi situatii, al\\u0163i oameni g\\u00e2ndesc \\u00een termeni preferen\\u0163iali \\u015fi accept\\u0103 situa\\u0163ia, chiar dac\\u0103 i\\u015fi doresc foarte mult ca acele situatii sa nu se intample. \\r\\nDe exemplu, unii manageri pot gandi: \\u201cAr fi trebuit s\\u0103 asculte c\\u00eend vobesc\\u201d sau \\u201cA\\u015f fi vrut s\\u0103 m\\u0103 asculte dar asta nu \\u00eenseamn\\u0103 c\\u0103 asa \\u015fi trebuie s\\u0103 se \\u00eent\\u00e2mple\\u201d sau pot avea ambele ganduri. \\r\\nDin perspectiva acestor posibilitati, estima\\u0163i c\\u00e2t de mult reprezint\\u0103 afirma\\u0163iile de mai jos g\\u00e2ndurile pe care le-a\\u0163i avut \\u00een situa\\u0163ia amintit\\u0103.\",\"en\":\"Atunci cand se confrunta cu situatii negative, unii angajati au tendinta sa gandeasca in termeni de trebuie cu necesitate\\/ neparat. In acelea\\u015fi situatii, al\\u0163i oameni g\\u00e2ndesc \\u00een termeni preferen\\u0163iali \\u015fi accept\\u0103 situa\\u0163ia, chiar dac\\u0103 i\\u015fi doresc foarte mult ca acele situatii sa nu se intample. \\r\\nDe exemplu, unii manageri pot gandi: \\u201cAr fi trebuit s\\u0103 asculte c\\u00eend vobesc\\u201d sau \\u201cA\\u015f fi vrut s\\u0103 m\\u0103 asculte dar asta nu \\u00eenseamn\\u0103 c\\u0103 asa \\u015fi trebuie s\\u0103 se \\u00eent\\u00e2mple\\u201d sau pot avea ambele ganduri. \\r\\nDin perspectiva acestor posibilitati, estima\\u0163i c\\u00e2t de mult reprezint\\u0103 afirma\\u0163iile de mai jos g\\u00e2ndurile pe care le-a\\u0163i avut \\u00een situa\\u0163ia amintit\\u0103.\"}',4,'normal','normal'),(5,'{\"ro\":\"Profilul Distresului Afectiv (PDA) PLUS\",\"en\":\"Profilul Distresului Afectiv (PDA) PLUS\"}','{\"ro\":\"Mai jos v\\u0103 prezent\\u0103m o list\\u0103 de cuvinte care descriu emo\\u0163iile pe care oamenii le au \\u00een diverse situa\\u0163ii.\\r\\nCiti\\u0163i cu aten\\u0163ie fiecare cuv\\u00e2nt, apoi marca\\u0163i prin colorarea cercule\\u0163ului corespunz\\u0103tor varianta care\\r\\ncorespunde cel mai bine \\u00eentreb\\u0103rii:\\r\\n\\r\\nCUM V-A\\u0162I SIM\\u0162IT \\u00ceN ULTIMELE DOU\\u0102 S\\u0102PT\\u0102M\\u00c2NI?\",\"en\":\"Mai jos v\\u0103 prezent\\u0103m o list\\u0103 de cuvinte care descriu emo\\u0163iile pe care oamenii le au \\u00een diverse situa\\u0163ii.\\r\\nCiti\\u0163i cu aten\\u0163ie fiecare cuv\\u00e2nt, apoi marca\\u0163i prin colorarea cercule\\u0163ului corespunz\\u0103tor varianta care\\r\\ncorespunde cel mai bine \\u00eentreb\\u0103rii:\\r\\n\\r\\nCUM V-A\\u0162I SIM\\u0162IT \\u00ceN ULTIMELE DOU\\u0102 S\\u0102PT\\u0102M\\u00c2NI?\"}',200,'normal','normal'),(6,'{\"ro\":\"q tester\",\"en\":\"q tester\"}','{\"ro\":\"jhgjhg\",\"en\":\"jhgjhg\"}',2,'normal','normal');
/*!40000 ALTER TABLE `questionnaires` ENABLE KEYS */;
UNLOCK TABLES;

--
-- Table structure for table `questions`
--

DROP TABLE IF EXISTS `questions`;
/*!40101 SET @saved_cs_client     = @@character_set_client */;
/*!40101 SET character_set_client = utf8 */;
CREATE TABLE `questions` (
  `question_id` int(11) NOT NULL auto_increment,
  `questionnaire_id` int(11) NOT NULL,
  `name` text NOT NULL,
  `type` enum('text','choice') NOT NULL,
  PRIMARY KEY  (`question_id`)
) ENGINE=InnoDB AUTO_INCREMENT=112 DEFAULT CHARSET=utf8;
/*!40101 SET character_set_client = @saved_cs_client */;

--
-- Dumping data for table `questions`
--

LOCK TABLES `questions` WRITE;
/*!40000 ALTER TABLE `questions` DISABLE KEYS */;
INSERT INTO `questions` VALUES (1,1,'{\"ro\":\"Va place jazzul?\",\"en\":\"Do you like jazz?\"}','choice'),(2,2,'{\"ro\":\"Prima \\u00eentrebare\",\"en\":\"The first question\"}','choice'),(4,2,'{\"ro\":\"A doua intrebare\",\"en\":\"Second question\"}','choice'),(5,3,'{\"ro\":\"Depresie\",\"en\":\"question_1_en\"}','choice'),(6,3,'{\"ro\":\"Triste\\u0163e\",\"en\":\"question_2_en\"}','choice'),(7,3,'{\"ro\":\"Anxietate\",\"en\":\"question_3_en\"}','choice'),(8,3,'{\"ro\":\"Preocupare\",\"en\":\"question_4_en\"}','choice'),(9,3,'{\"ro\":\"Ru\\u015fine\",\"en\":\"question_5_en\"}','choice'),(10,3,'{\"ro\":\"Dezam\\u0103gire\",\"en\":\"question_6_en\"}','choice'),(11,3,'{\"ro\":\"Vinov\\u0103\\u0163ie\",\"en\":\"question_7_en\"}','choice'),(12,3,'{\"ro\":\"Remu\\u015fcare\",\"en\":\"question_8_en\"}','choice'),(13,3,'{\"ro\":\"Invidie\",\"en\":\"question_9_en\"}','choice'),(14,3,'{\"ro\":\"Resentimente\",\"en\":\"question_10_en\"}','choice'),(15,3,'{\"ro\":\"Gelozie\",\"en\":\"question_11_en\"}','choice'),(16,3,'{\"ro\":\"Rivalitate\",\"en\":\"question_12_en\"}','choice'),(17,3,'{\"ro\":\"Dezgust\",\"en\":\"question_13_en\"}','choice'),(18,3,'{\"ro\":\"Aversiune\",\"en\":\"question_14_en\"}','choice'),(19,3,'{\"ro\":\"Furie\",\"en\":\"question_15_en\"}','choice'),(20,3,'{\"ro\":\"Enervare\",\"en\":\"question_16_en\"}','choice'),(21,3,'{\"ro\":\"Implicare\",\"en\":\"question_17_en\"}','choice'),(22,3,'{\"ro\":\"Interes\",\"en\":\"question_18_en\"}','choice'),(23,3,'{\"ro\":\"R\\u00e2s\",\"en\":\"question_19_en\"}','choice'),(24,3,'{\"ro\":\"Amuzament\",\"en\":\"question_20_en\"}','choice'),(25,3,'{\"ro\":\"Fericire\",\"en\":\"question_21_en\"}','choice'),(26,3,'{\"ro\":\"Veselie\",\"en\":\"question_22_en\"}','choice'),(27,3,'{\"ro\":\"Satisfac\\u0163ie\",\"en\":\"question_23_en\"}','choice'),(28,3,'{\"ro\":\"Mul\\u0163umire\",\"en\":\"question_24_en\"}','choice'),(29,3,'{\"ro\":\"Dragoste\",\"en\":\"question_25_en\"}','choice'),(30,3,'{\"ro\":\"Tandre\\u0163e\",\"en\":\"question_26_en\"}','choice'),(31,3,'{\"ro\":\"Despov\\u0103rare\",\"en\":\"question_27_en\"}','choice'),(32,3,'{\"ro\":\"U\\u015furare\",\"en\":\"question_28_en\"}','choice'),(33,3,'{\"ro\":\"Mirare\",\"en\":\"question_29_en\"}','choice'),(34,3,'{\"ro\":\"Surprindere\",\"en\":\"question_30_en\"}','choice'),(35,3,'{\"ro\":\"Dor\",\"en\":\"question_31_en\"}','choice'),(36,3,'{\"ro\":\"Nostalgie\",\"en\":\"question_32_en\"}','choice'),(37,4,'{\"ro\":\"Va rugam sa va ganditi la o situatie la serviciu in care performanta dvs. nu a fost atat de buna precum va asteptati sau in care aceasta nu a fost apreciata. Incercati sa va amintiti gandurile pe care le-ati avut intr-o asemenea situatie si apreciati cat de mult reprezinta afirmatiile de mai jos gandurile pe care le-ati avut&lt;\\/.p&gt;.&lt;br&gt;Trebuie neaparat sa obtin performante ridicate si sa fiu apreciat  in munca pe care o defasor. \",\"en\":\"Va rugam sa va ganditi la o situatie la serviciu in care performanta dvs. nu a fost atat de buna precum va asteptati sau in care aceasta nu a fost apreciata. Incercati sa va amintiti gandurile pe care le-ati avut intr-o asemenea situatie si apreciati cat de mult reprezinta afirmatiile de mai jos gandurile pe care le-ati avut&lt;\\/.p&gt;.&lt;br&gt;Trebuie neaparat sa obtin performante ridicate si sa fiu apreciat  in munca pe care o defasor. \"}','choice'),(38,4,'{\"ro\":\"Atunci cand nu obtin performante ridicate si nu sunt apreciat, ma gandesc ca sunt incompetent sau fara valoare. \",\"en\":\"Atunci cand nu obtin performante ridicate si nu sunt apreciat, ma gandesc ca sunt incompetent sau fara valoare. \"}','choice'),(39,4,'{\"ro\":\"Daca nu am rezultate ridicate si nu sunt apreciat la serviciu, inseamna ca sunt fara valoare ca om.\",\"en\":\"Daca nu am rezultate ridicate si nu sunt apreciat la serviciu, inseamna ca sunt fara valoare ca om.\"}','choice'),(40,4,'{\"ro\":\"Este ingrozitor c\\u00e2nd nu ob\\u0163in performante ridicate si nu sunt apreciat. \",\"en\":\"Este ingrozitor c\\u00e2nd nu ob\\u0163in performante ridicate si nu sunt apreciat. \"}','choice'),(41,4,'{\"ro\":\"Este insuportabil si nu pot tolera sa nu am rezultate ridicate si sa fiu apreciat in munca pe care o desfasor.\",\"en\":\"Este insuportabil si nu pot tolera sa nu am rezultate ridicate si sa fiu apreciat in munca pe care o desfasor.\"}','choice'),(42,4,'{\"ro\":\"Pot suporta atunci cand nu am rezultate ridicate si nu sunt apreciat in munca mea, chiar daca imi este dificil sa tolerez acest lucru. \",\"en\":\"Pot suporta atunci cand nu am rezultate ridicate si nu sunt apreciat in munca mea, chiar daca imi este dificil sa tolerez acest lucru. \"}','choice'),(43,4,'{\"ro\":\"Imi doresc foarte mult sa am rezultate bune si sa fiu apreciat pentru munca mea, dar realizez si accept ca lucrurile nu trebuie sa fie intotdeauna asa cum vreau eu sa fie. \",\"en\":\"Imi doresc foarte mult sa am rezultate bune si sa fiu apreciat pentru munca mea, dar realizez si accept ca lucrurile nu trebuie sa fie intotdeauna asa cum vreau eu sa fie. \"}','choice'),(44,4,'{\"ro\":\"Este neplacut si regretabil sa nu ai rezultate ridicate si sa nu fii apreciat pentru munca ta, dar nu este groaznic.\",\"en\":\"Este neplacut si regretabil sa nu ai rezultate ridicate si sa nu fii apreciat pentru munca ta, dar nu este groaznic.\"}','choice'),(45,4,'{\"ro\":\"Atunci cand nu obtin performante ridicate si nu sunt apreciat, ma pot accepta ca fiind valoros si competent in ciuda performantei mele. \",\"en\":\"Atunci cand nu obtin performante ridicate si nu sunt apreciat, ma pot accepta ca fiind valoros si competent in ciuda performantei mele. \"}','choice'),(46,4,'{\"ro\":\"Imi doresc mult sa obtin performante ridicate si sa fiu printre cei mai buni in munca pe care o desfasor, dar asta nu inseamna ca trebuie cu necesitate sa fiu. \",\"en\":\"Imi doresc mult sa obtin performante ridicate si sa fiu printre cei mai buni in munca pe care o desfasor, dar asta nu inseamna ca trebuie cu necesitate sa fiu. \"}','choice'),(47,4,'{\"ro\":\"Va rugam sa va ganditi la o situatie la serviciu asupra careia ati avut un control redus sau nu ati reusit sa o controlati. Incercati sa va amintiti gandurile pe care le-ati avut intr-o asemenea situatie si apreciati cat de mult reprezinta afirmatiile de mai jos gandurile pe care le-ati avut.&lt;br&gt;Trebuie neaparat sa detin controlul asupra ceea ce se intampla la serviciu. \",\"en\":\"Va rugam sa va ganditi la o situatie la serviciu asupra careia ati avut un control redus sau nu ati reusit sa o controlati. Incercati sa va amintiti gandurile pe care le-ati avut intr-o asemenea situatie si apreciati cat de mult reprezinta afirmatiile de mai jos gandurile pe care le-ati avut.&lt;br&gt;Trebuie neaparat sa detin controlul asupra ceea ce se intampla la serviciu. \"}','choice'),(48,4,'{\"ro\":\"Imi doresc foarte mult sa detin controlul la serviciu, dar nu trebuie neparat sa se intample acest lucru. \",\"en\":\"Imi doresc foarte mult sa detin controlul la serviciu, dar nu trebuie neparat sa se intample acest lucru. \"}','choice'),(49,4,'{\"ro\":\"Este groaznic daca nu detin controlul total asupra situatiilor de la serviciu. \",\"en\":\"Este groaznic daca nu detin controlul total asupra situatiilor de la serviciu. \"}','choice'),(50,4,'{\"ro\":\"Daca nu detin controlul total asupra ceea ce se intampla la serviciu, inseamna ca sunt incompetent si fara valoare. \",\"en\":\"Daca nu detin controlul total asupra ceea ce se intampla la serviciu, inseamna ca sunt incompetent si fara valoare. \"}','choice'),(51,4,'{\"ro\":\"Este de nesuportat si nu pot tolera sa nu am control asupra ceea ce se petrece la serviciu\",\"en\":\"Este de nesuportat si nu pot tolera sa nu am control asupra ceea ce se petrece la serviciu\"}','choice'),(52,4,'{\"ro\":\"Pot tolera sa nu am control asupra ceea ce se petrece la serviciu, desi imi este greu sa tolerez acest lucru.  \",\"en\":\"Pot tolera sa nu am control asupra ceea ce se petrece la serviciu, desi imi este greu sa tolerez acest lucru.  \"}','choice'),(53,4,'{\"ro\":\"Imi doresc foarte mult sa nu pierd controlul la serviciu, dar realizez si accept ca lucrurile nu trebuie sa fie intotdeauna asa cum doresc eu sa fie. \",\"en\":\"Imi doresc foarte mult sa nu pierd controlul la serviciu, dar realizez si accept ca lucrurile nu trebuie sa fie intotdeauna asa cum doresc eu sa fie. \"}','choice'),(54,4,'{\"ro\":\"Este neplacut si regretabil sa nu detin controlul total asupra ce se intampla la serviciu, dar nu este ingrozitor.  \",\"en\":\"Este neplacut si regretabil sa nu detin controlul total asupra ce se intampla la serviciu, dar nu este ingrozitor.  \"}','choice'),(55,4,'{\"ro\":\"Atunci cand nu detin controlul total asupra ce se intampla la serviciu, ma consider incompetent si lipsit de valoare\",\"en\":\"Atunci cand nu detin controlul total asupra ce se intampla la serviciu, ma consider incompetent si lipsit de valoare\"}','choice'),(56,4,'{\"ro\":\"Atunci cand nu detin controlul total asupra ce se intampla la serviciu, ma pot accepta ca fiind competent si valoros in ciuda performantei mele. \",\"en\":\"Atunci cand nu detin controlul total asupra ce se intampla la serviciu, ma pot accepta ca fiind competent si valoros in ciuda performantei mele. \"}','choice'),(57,4,'{\"ro\":\"Va rugam sa va ganditi la o situatie la serviciu in care v-ati simtit stresati. Incercati sa va amintiti gandurile pe care le-ati avut intr-o asemenea situatie si apreciati cat de mult reprezinta afirmatiile de mai jos gandurile pe care le-ati avut.&lt;br&gt;Trebuie neparat sa ma simt confortabil emotional si sa nu fiu stresat la serviciu. \",\"en\":\"Va rugam sa va ganditi la o situatie la serviciu in care v-ati simtit stresati. Incercati sa va amintiti gandurile pe care le-ati avut intr-o asemenea situatie si apreciati cat de mult reprezinta afirmatiile de mai jos gandurile pe care le-ati avut.&lt;br&gt;Trebuie neparat sa ma simt confortabil emotional si sa nu fiu stresat la serviciu. \"}','choice'),(58,4,'{\"ro\":\"Imi doresc foarte mult sa ma simt confortabil emotional si sa nu fiu stresat la serviciu, dar nu trebuie neparat sa se intample acest lucru.\",\"en\":\"Imi doresc foarte mult sa ma simt confortabil emotional si sa nu fiu stresat la serviciu, dar nu trebuie neparat sa se intample acest lucru.\"}','choice'),(59,4,'{\"ro\":\"Este groaznic daca ma simt stresat la serviciu. \",\"en\":\"Este groaznic daca ma simt stresat la serviciu. \"}','choice'),(60,4,'{\"ro\":\"Daca ma simt stresat la serviciu inseamna ca sunt lipsit de valoare ca om. \",\"en\":\"Daca ma simt stresat la serviciu inseamna ca sunt lipsit de valoare ca om. \"}','choice'),(61,4,'{\"ro\":\"Este intolerabil si nu pot suporta sa ma simt stresat la munca. \",\"en\":\"Este intolerabil si nu pot suporta sa ma simt stresat la munca. \"}','choice'),(62,4,'{\"ro\":\"Pot suporta sa ma simt stresat la serviciu, desi imi este greu sa tolerez acest lucru. \",\"en\":\"Pot suporta sa ma simt stresat la serviciu, desi imi este greu sa tolerez acest lucru. \"}','choice'),(63,4,'{\"ro\":\"Imi doresc foarte mult sa nu ma simt stresat la lerviciu, dar realizez ca lucrurile nu \",\"en\":\"Imi doresc foarte mult sa nu ma simt stresat la lerviciu, dar realizez ca lucrurile nu \"}','choice'),(64,4,'{\"ro\":\"Este neplacut si regretabil sa ma simt stresat la serviciu, dar nu este groaznic\",\"en\":\"Este neplacut si regretabil sa ma simt stresat la serviciu, dar nu este groaznic\"}','choice'),(65,4,'{\"ro\":\"Atunci cand devin stresat la serviciu, ma gandesc ca sunt incompetent si fara valoare\",\"en\":\"Atunci cand devin stresat la serviciu, ma gandesc ca sunt incompetent si fara valoare\"}','choice'),(66,4,'{\"ro\":\"Atunci cand devin stresat la serviciu, ma pot accepta ca fiind valoros si competent in ciuda disconfortului meu emotional.  \",\"en\":\"Atunci cand devin stresat la serviciu, ma pot accepta ca fiind valoros si competent in ciuda disconfortului meu emotional.  \"}','choice'),(67,5,'{\"ro\":\"Optimist (\\u0103)\",\"en\":\"Optimist (\\u0103)\"}','choice'),(68,5,'{\"ro\":\"Tensionat (\\u0103)\",\"en\":\"Tensionat (\\u0103)\"}','choice'),(69,5,'{\"ro\":\"Trist (\\u0103)\",\"en\":\"Trist (\\u0103)\"}','choice'),(70,5,'{\"ro\":\"Melancolic (\\u0103)\",\"en\":\"Melancolic (\\u0103)\"}','choice'),(71,5,'{\"ro\":\"Vesel (\\u0103)\",\"en\":\"Vesel (\\u0103)\"}','choice'),(72,5,'{\"ro\":\"Nefolositor (Nefolositoare)\",\"en\":\"Nefolositor (Nefolositoare)\"}','choice'),(73,5,'{\"ro\":\"\\u00cengrijorat (\\u0103)\",\"en\":\"\\u00cengrijorat (\\u0103)\"}','choice'),(74,5,'{\"ro\":\"Am\\u0103r\\u00e2t (\\u0103)\",\"en\":\"Am\\u0103r\\u00e2t (\\u0103)\"}','choice'),(75,5,'{\"ro\":\"\\u00cenfuriat (\\u0103)\",\"en\":\"\\u00cenfuriat (\\u0103)\"}','choice'),(76,5,'{\"ro\":\"Fericit (\\u0103)\",\"en\":\"Fericit (\\u0103)\"}','choice'),(77,5,'{\"ro\":\"Anxios (Anxioas\\u0103)\",\"en\":\"Anxios (Anxioas\\u0103)\"}','choice'),(78,5,'{\"ro\":\"Depresiv (\\u0103)\",\"en\":\"Depresiv (\\u0103)\"}','choice'),(79,5,'{\"ro\":\"Bucuros (bucuroas\\u0103)\",\"en\":\"Bucuros (bucuroas\\u0103)\"}','choice'),(80,5,'{\"ro\":\"Preocupat (\\u0103)\",\"en\":\"Preocupat (\\u0103)\"}','choice'),(81,5,'{\"ro\":\"Voios (voioas\\u0103)\",\"en\":\"Voios (voioas\\u0103)\"}','choice'),(82,5,'{\"ro\":\"Iritat\",\"en\":\"Iritat\"}','choice'),(83,5,'{\"ro\":\"\\u00censp\\u0103im\\u00e2ntat (\\u0103)\",\"en\":\"\\u00censp\\u0103im\\u00e2ntat (\\u0103)\"}','choice'),(84,5,'{\"ro\":\"Deprimat (\\u0103)\",\"en\":\"Deprimat (\\u0103)\"}','choice'),(85,5,'{\"ro\":\"Mul\\u0163umit (\\u0103)\",\"en\":\"Mul\\u0163umit (\\u0103)\"}','choice'),(86,5,'{\"ro\":\"Nec\\u0103jit (\\u0103)\",\"en\":\"Nec\\u0103jit (\\u0103)\"}','choice'),(87,5,'{\"ro\":\"\\u00cencordat (\\u0103)\",\"en\":\"\\u00cencordat (\\u0103)\"}','choice'),(88,5,'{\"ro\":\"Moroc\\u0103nos (\\u0103)\",\"en\":\"Moroc\\u0103nos (\\u0103)\"}','choice'),(89,5,'{\"ro\":\"Satisf\\u0103cut (\\u0103)\",\"en\":\"Satisf\\u0103cut (\\u0103)\"}','choice'),(90,5,'{\"ro\":\"M\\u00e2hnit (\\u0103)\",\"en\":\"M\\u00e2hnit (\\u0103)\"}','choice'),(91,5,'{\"ro\":\"\\u00cengrozit (\\u0103)\",\"en\":\"\\u00cengrozit (\\u0103)\"}','choice'),(92,5,'{\"ro\":\"Nervos (Nervoas\\u0103)\",\"en\":\"Nervos (Nervoas\\u0103)\"}','choice'),(93,5,'{\"ro\":\"Entuziast (\\u0103)\",\"en\":\"Entuziast (\\u0103)\"}','choice'),(94,5,'{\"ro\":\"Entuziast (\\u0103)\",\"en\":\"Entuziast (\\u0103)\"}','choice'),(95,5,'{\"ro\":\"Nemu\\u0163umit (\\u0103)\",\"en\":\"Nemu\\u0163umit (\\u0103)\"}','choice'),(96,5,'{\"ro\":\"\\u00cendurerat (\\u0103)\",\"en\":\"\\u00cendurerat (\\u0103)\"}','choice'),(97,5,'{\"ro\":\"Alarmat (\\u0103)\",\"en\":\"Alarmat (\\u0103)\"}','choice'),(98,5,'{\"ro\":\"Bine dispus (\\u0103)\",\"en\":\"Bine dispus (\\u0103)\"}','choice'),(99,5,'{\"ro\":\"Panicat (\\u0103)\",\"en\":\"Panicat (\\u0103)\"}','choice'),(100,5,'{\"ro\":\"Sup\\u0103rat (\\u0103)\",\"en\":\"Sup\\u0103rat (\\u0103)\"}','choice'),(101,5,'{\"ro\":\"Distrus (\\u0103)\",\"en\":\"Distrus (\\u0103)\"}','choice'),(102,5,'{\"ro\":\"Jovial (\\u0103)\",\"en\":\"Jovial (\\u0103)\"}','choice'),(103,5,'{\"ro\":\"Disperat (\\u0103)\",\"en\":\"Disperat (\\u0103)\"}','choice'),(104,5,'{\"ro\":\"Dinamic (\\u0103)\",\"en\":\"Dinamic (\\u0103)\"}','choice'),(105,5,'{\"ro\":\"Nelini\\u015ftit (\\u0103)\",\"en\":\"Nelini\\u015ftit (\\u0103)\"}','choice'),(106,5,'{\"ro\":\"Furios (\\u0103)\",\"en\":\"Furios (\\u0103)\"}','choice'),(107,5,'{\"ro\":\"\\u00cenfrico\\u015fat (\\u0103)\",\"en\":\"\\u00cenfrico\\u015fat (\\u0103)\"}','choice'),(108,5,'{\"ro\":\"Plin (\\u0103) de vitalitate\",\"en\":\"Plin (\\u0103) de vitalitate\"}','choice'),(109,5,'{\"ro\":\"Dezn\\u0103d\\u0103jduit (\\u0103)\",\"en\":\"Dezn\\u0103d\\u0103jduit (\\u0103)\"}','choice'),(110,6,'{\"ro\":\"cati\",\"en\":\"how many\"}','choice'),(111,6,'{\"ro\":\"de unde\",\"en\":\"where from\"}','text');
/*!40000 ALTER TABLE `questions` ENABLE KEYS */;
UNLOCK TABLES;

--
-- Table structure for table `ratings`
--

DROP TABLE IF EXISTS `ratings`;
/*!40101 SET @saved_cs_client     = @@character_set_client */;
/*!40101 SET character_set_client = utf8 */;
CREATE TABLE `ratings` (
  `rating_id` int(11) NOT NULL auto_increment,
  `questionnaire_id` int(11) NOT NULL,
  `min_val` int(11) NOT NULL,
  `max_val` int(11) NOT NULL,
  `scoring` int(11) NOT NULL,
  `value` varchar(50) NOT NULL,
  PRIMARY KEY  (`rating_id`)
) ENGINE=MyISAM AUTO_INCREMENT=31 DEFAULT CHARSET=utf8;
/*!40101 SET character_set_client = @saved_cs_client */;

--
-- Dumping data for table `ratings`
--

LOCK TABLES `ratings` WRITE;
/*!40000 ALTER TABLE `ratings` DISABLE KEYS */;
INSERT INTO `ratings` VALUES (1,1,0,0,0,'value_1'),(2,1,0,0,0,'value_2'),(3,1,0,0,0,'value_3'),(4,1,0,0,0,'value_4'),(5,1,0,0,0,'value_5'),(6,2,0,0,0,'value_1'),(7,2,0,0,0,'value_2'),(8,2,0,0,0,'value_3'),(9,2,0,0,0,'value_4'),(10,2,0,0,0,'value_566'),(11,3,0,0,0,'value_1'),(12,3,0,0,0,'value_2'),(13,3,0,0,0,'value_3'),(14,3,0,0,0,'value_4'),(15,3,0,0,0,'value_5'),(16,4,1,2,3,'4'),(17,4,1,2,3,'4'),(18,4,1,2,3,'4'),(19,4,1,2,3,'4'),(20,4,1,2,3,'4'),(21,5,0,0,0,'0'),(22,5,0,0,0,'0'),(23,5,0,0,0,'0'),(24,5,0,0,0,'0'),(25,5,0,0,0,'0'),(26,6,0,0,0,'0'),(27,6,0,0,0,'0'),(28,6,0,0,0,'0'),(29,6,0,0,0,'0'),(30,6,0,0,0,'0');
/*!40000 ALTER TABLE `ratings` ENABLE KEYS */;
UNLOCK TABLES;

--
-- Table structure for table `rel_list_study`
--

DROP TABLE IF EXISTS `rel_list_study`;
/*!40101 SET @saved_cs_client     = @@character_set_client */;
/*!40101 SET character_set_client = utf8 */;
CREATE TABLE `rel_list_study` (
  `list_id` int(11) NOT NULL,
  `study_id` int(11) NOT NULL,
  PRIMARY KEY  (`list_id`,`study_id`)
) ENGINE=MyISAM DEFAULT CHARSET=utf8;
/*!40101 SET character_set_client = @saved_cs_client */;

--
-- Dumping data for table `rel_list_study`
--

LOCK TABLES `rel_list_study` WRITE;
/*!40000 ALTER TABLE `rel_list_study` DISABLE KEYS */;
INSERT INTO `rel_list_study` VALUES (1,3),(3,2),(10,4);
/*!40000 ALTER TABLE `rel_list_study` ENABLE KEYS */;
UNLOCK TABLES;

--
-- Table structure for table `rel_questionnaire_study`
--

DROP TABLE IF EXISTS `rel_questionnaire_study`;
/*!40101 SET @saved_cs_client     = @@character_set_client */;
/*!40101 SET character_set_client = utf8 */;
CREATE TABLE `rel_questionnaire_study` (
  `questionnaire_id` int(11) NOT NULL,
  `study_id` int(11) NOT NULL,
  PRIMARY KEY  (`questionnaire_id`,`study_id`)
) ENGINE=MyISAM DEFAULT CHARSET=utf8;
/*!40101 SET character_set_client = @saved_cs_client */;

--
-- Dumping data for table `rel_questionnaire_study`
--

LOCK TABLES `rel_questionnaire_study` WRITE;
/*!40000 ALTER TABLE `rel_questionnaire_study` DISABLE KEYS */;
INSERT INTO `rel_questionnaire_study` VALUES (3,3),(4,2),(6,4);
/*!40000 ALTER TABLE `rel_questionnaire_study` ENABLE KEYS */;
UNLOCK TABLES;

--
-- Table structure for table `rel_studies_email`
--

DROP TABLE IF EXISTS `rel_studies_email`;
/*!40101 SET @saved_cs_client     = @@character_set_client */;
/*!40101 SET character_set_client = utf8 */;
CREATE TABLE `rel_studies_email` (
  `email_id` int(11) NOT NULL,
  `study_id` int(11) NOT NULL,
  PRIMARY KEY  (`email_id`,`study_id`)
) ENGINE=MyISAM DEFAULT CHARSET=utf8;
/*!40101 SET character_set_client = @saved_cs_client */;

--
-- Dumping data for table `rel_studies_email`
--

LOCK TABLES `rel_studies_email` WRITE;
/*!40000 ALTER TABLE `rel_studies_email` DISABLE KEYS */;
INSERT INTO `rel_studies_email` VALUES (2,1);
/*!40000 ALTER TABLE `rel_studies_email` ENABLE KEYS */;
UNLOCK TABLES;

--
-- Table structure for table `rel_subj_list`
--

DROP TABLE IF EXISTS `rel_subj_list`;
/*!40101 SET @saved_cs_client     = @@character_set_client */;
/*!40101 SET character_set_client = utf8 */;
CREATE TABLE `rel_subj_list` (
  `list_id` int(11) NOT NULL,
  `subj_id` int(11) NOT NULL,
  PRIMARY KEY  (`list_id`,`subj_id`)
) ENGINE=MyISAM DEFAULT CHARSET=utf8;
/*!40101 SET character_set_client = @saved_cs_client */;

--
-- Dumping data for table `rel_subj_list`
--

LOCK TABLES `rel_subj_list` WRITE;
/*!40000 ALTER TABLE `rel_subj_list` DISABLE KEYS */;
INSERT INTO `rel_subj_list` VALUES (1,1),(1,30),(2,1),(2,3),(2,4),(2,27),(3,1),(3,3),(3,4),(3,27),(3,31),(10,1),(10,3),(10,4),(10,27),(10,30);
/*!40000 ALTER TABLE `rel_subj_list` ENABLE KEYS */;
UNLOCK TABLES;

--
-- Table structure for table `results`
--

DROP TABLE IF EXISTS `results`;
/*!40101 SET @saved_cs_client     = @@character_set_client */;
/*!40101 SET character_set_client = utf8 */;
CREATE TABLE `results` (
  `study_id` int(11) NOT NULL,
  `subj_id` int(11) NOT NULL,
  `questionnaire_id` int(11) NOT NULL,
  `question_id` int(11) NOT NULL,
  `choice_id` int(11) default NULL,
  `data` text NOT NULL,
  `response_id` varchar(50) NOT NULL,
  KEY `study_id` (`study_id`)
) ENGINE=MyISAM DEFAULT CHARSET=utf8;
/*!40101 SET character_set_client = @saved_cs_client */;

--
-- Dumping data for table `results`
--

LOCK TABLES `results` WRITE;
/*!40000 ALTER TABLE `results` DISABLE KEYS */;
INSERT INTO `results` VALUES (3,1,3,25,125,'','ca5f77054448109d80a851acbf86ca7b'),(3,1,3,24,120,'','ca5f77054448109d80a851acbf86ca7b'),(3,1,3,23,115,'','ca5f77054448109d80a851acbf86ca7b'),(3,1,3,22,109,'','ca5f77054448109d80a851acbf86ca7b'),(3,1,3,21,101,'','ca5f77054448109d80a851acbf86ca7b'),(3,1,3,20,100,'','ca5f77054448109d80a851acbf86ca7b'),(3,1,3,19,93,'','ca5f77054448109d80a851acbf86ca7b'),(3,1,3,18,90,'','ca5f77054448109d80a851acbf86ca7b'),(3,1,3,17,85,'','ca5f77054448109d80a851acbf86ca7b'),(3,1,3,16,80,'','ca5f77054448109d80a851acbf86ca7b'),(3,1,3,15,71,'','ca5f77054448109d80a851acbf86ca7b'),(3,1,3,14,70,'','ca5f77054448109d80a851acbf86ca7b'),(3,1,3,13,61,'','ca5f77054448109d80a851acbf86ca7b'),(3,1,3,12,60,'','ca5f77054448109d80a851acbf86ca7b'),(3,1,3,11,55,'','ca5f77054448109d80a851acbf86ca7b'),(3,1,3,10,48,'','ca5f77054448109d80a851acbf86ca7b'),(3,1,3,9,45,'','ca5f77054448109d80a851acbf86ca7b'),(3,1,3,8,40,'','ca5f77054448109d80a851acbf86ca7b'),(3,1,3,7,31,'','ca5f77054448109d80a851acbf86ca7b'),(3,1,3,6,30,'','ca5f77054448109d80a851acbf86ca7b'),(3,1,3,5,25,'','ca5f77054448109d80a851acbf86ca7b'),(3,1,3,26,126,'','ca5f77054448109d80a851acbf86ca7b'),(3,1,3,27,135,'','ca5f77054448109d80a851acbf86ca7b'),(3,1,3,28,140,'','ca5f77054448109d80a851acbf86ca7b'),(3,1,3,29,143,'','ca5f77054448109d80a851acbf86ca7b'),(3,1,3,30,150,'','ca5f77054448109d80a851acbf86ca7b'),(3,1,3,31,155,'','ca5f77054448109d80a851acbf86ca7b'),(3,1,3,32,156,'','ca5f77054448109d80a851acbf86ca7b'),(3,1,3,33,165,'','ca5f77054448109d80a851acbf86ca7b'),(3,1,3,34,168,'','ca5f77054448109d80a851acbf86ca7b'),(3,1,3,35,175,'','ca5f77054448109d80a851acbf86ca7b'),(3,1,3,36,180,'','ca5f77054448109d80a851acbf86ca7b'),(2,1,4,37,184,'','0d0d41357d6192590e4b2b44b506b087'),(2,1,4,38,189,'','0d0d41357d6192590e4b2b44b506b087'),(2,1,4,39,194,'','0d0d41357d6192590e4b2b44b506b087'),(2,1,4,40,199,'','0d0d41357d6192590e4b2b44b506b087'),(2,1,4,41,204,'','0d0d41357d6192590e4b2b44b506b087'),(2,1,4,42,209,'','0d0d41357d6192590e4b2b44b506b087'),(2,1,4,43,214,'','0d0d41357d6192590e4b2b44b506b087'),(2,1,4,44,219,'','0d0d41357d6192590e4b2b44b506b087'),(2,1,4,45,224,'','0d0d41357d6192590e4b2b44b506b087'),(2,1,4,46,229,'','0d0d41357d6192590e4b2b44b506b087'),(2,1,4,47,234,'','0d0d41357d6192590e4b2b44b506b087'),(2,1,4,48,239,'','0d0d41357d6192590e4b2b44b506b087'),(2,1,4,49,244,'','0d0d41357d6192590e4b2b44b506b087'),(2,1,4,50,249,'','0d0d41357d6192590e4b2b44b506b087'),(2,1,4,51,254,'','0d0d41357d6192590e4b2b44b506b087'),(2,1,4,52,259,'','0d0d41357d6192590e4b2b44b506b087'),(2,1,4,53,264,'','0d0d41357d6192590e4b2b44b506b087'),(2,1,4,54,269,'','0d0d41357d6192590e4b2b44b506b087'),(2,1,4,55,274,'','0d0d41357d6192590e4b2b44b506b087'),(2,1,4,56,279,'','0d0d41357d6192590e4b2b44b506b087'),(2,1,4,57,284,'','0d0d41357d6192590e4b2b44b506b087'),(2,1,4,58,289,'','0d0d41357d6192590e4b2b44b506b087'),(2,1,4,59,294,'','0d0d41357d6192590e4b2b44b506b087'),(2,1,4,60,299,'','0d0d41357d6192590e4b2b44b506b087'),(2,1,4,61,304,'','0d0d41357d6192590e4b2b44b506b087'),(2,1,4,62,309,'','0d0d41357d6192590e4b2b44b506b087'),(2,1,4,63,314,'','0d0d41357d6192590e4b2b44b506b087'),(2,1,4,64,319,'','0d0d41357d6192590e4b2b44b506b087'),(2,1,4,65,324,'','0d0d41357d6192590e4b2b44b506b087'),(2,1,4,66,329,'','0d0d41357d6192590e4b2b44b506b087'),(2,3,4,37,182,'','fc71c392a47764aee0ca2d4e83423ced'),(2,3,4,38,189,'','fc71c392a47764aee0ca2d4e83423ced'),(2,3,4,39,194,'','fc71c392a47764aee0ca2d4e83423ced'),(2,3,4,40,199,'','fc71c392a47764aee0ca2d4e83423ced'),(2,3,4,41,204,'','fc71c392a47764aee0ca2d4e83423ced'),(2,3,4,42,209,'','fc71c392a47764aee0ca2d4e83423ced'),(2,3,4,43,214,'','fc71c392a47764aee0ca2d4e83423ced'),(2,3,4,44,219,'','fc71c392a47764aee0ca2d4e83423ced'),(2,3,4,45,222,'','fc71c392a47764aee0ca2d4e83423ced'),(2,3,4,46,226,'','fc71c392a47764aee0ca2d4e83423ced'),(2,3,4,47,234,'','fc71c392a47764aee0ca2d4e83423ced'),(2,3,4,48,239,'','fc71c392a47764aee0ca2d4e83423ced'),(2,3,4,49,244,'','fc71c392a47764aee0ca2d4e83423ced'),(2,3,4,50,249,'','fc71c392a47764aee0ca2d4e83423ced'),(2,3,4,51,254,'','fc71c392a47764aee0ca2d4e83423ced'),(2,3,4,52,259,'','fc71c392a47764aee0ca2d4e83423ced'),(2,3,4,53,264,'','fc71c392a47764aee0ca2d4e83423ced'),(2,3,4,54,269,'','fc71c392a47764aee0ca2d4e83423ced'),(2,3,4,55,274,'','fc71c392a47764aee0ca2d4e83423ced'),(2,3,4,56,279,'','fc71c392a47764aee0ca2d4e83423ced'),(2,3,4,57,284,'','fc71c392a47764aee0ca2d4e83423ced'),(2,3,4,58,289,'','fc71c392a47764aee0ca2d4e83423ced'),(2,3,4,59,294,'','fc71c392a47764aee0ca2d4e83423ced'),(2,3,4,60,299,'','fc71c392a47764aee0ca2d4e83423ced'),(2,3,4,61,304,'','fc71c392a47764aee0ca2d4e83423ced'),(2,3,4,62,309,'','fc71c392a47764aee0ca2d4e83423ced'),(2,3,4,63,314,'','fc71c392a47764aee0ca2d4e83423ced'),(2,3,4,64,319,'','fc71c392a47764aee0ca2d4e83423ced'),(2,3,4,65,322,'','fc71c392a47764aee0ca2d4e83423ced'),(2,3,4,66,329,'','fc71c392a47764aee0ca2d4e83423ced');
/*!40000 ALTER TABLE `results` ENABLE KEYS */;
UNLOCK TABLES;

--
-- Table structure for table `studies`
--

DROP TABLE IF EXISTS `studies`;
/*!40101 SET @saved_cs_client     = @@character_set_client */;
/*!40101 SET character_set_client = utf8 */;
CREATE TABLE `studies` (
  `study_id` int(11) NOT NULL auto_increment,
  `name` text NOT NULL,
  `desc` text NOT NULL,
  PRIMARY KEY  (`study_id`)
) ENGINE=MyISAM AUTO_INCREMENT=5 DEFAULT CHARSET=utf8;
/*!40101 SET character_set_client = @saved_cs_client */;

--
-- Dumping data for table `studies`
--

LOCK TABLES `studies` WRITE;
/*!40000 ALTER TABLE `studies` DISABLE KEYS */;
INSERT INTO `studies` VALUES (2,'{\"ro\":\"M-RIBS\",\"en\":\"M-RIBS\"}','{\"ro\":\"Studiu M-RIBS\",\"en\":\"M-RIBS Study\"}'),(3,'{\"ro\":\"Roata profil\",\"en\":\"Profile Wheel\"}','{\"ro\":\"Roata profil\",\"en\":\"Profile Wheel\"}'),(4,'{\"ro\":\"tester\",\"en\":\"tester\"}','{\"ro\":\"tester\",\"en\":\"tester\"}');
/*!40000 ALTER TABLE `studies` ENABLE KEYS */;
UNLOCK TABLES;

--
-- Table structure for table `subjects`
--

DROP TABLE IF EXISTS `subjects`;
/*!40101 SET @saved_cs_client     = @@character_set_client */;
/*!40101 SET character_set_client = utf8 */;
CREATE TABLE `subjects` (
  `subj_id` int(11) NOT NULL auto_increment,
  `first_name` varchar(50) NOT NULL,
  `last_name` varchar(50) NOT NULL,
  `gender` enum('m','f') default NULL,
  `email` varchar(50) NOT NULL,
  `tested` tinyint(4) NOT NULL default '0',
  `status` enum('p','a') NOT NULL default 'p',
  PRIMARY KEY  (`subj_id`)
) ENGINE=MyISAM AUTO_INCREMENT=34 DEFAULT CHARSET=utf8;
/*!40101 SET character_set_client = @saved_cs_client */;

--
-- Dumping data for table `subjects`
--

LOCK TABLES `subjects` WRITE;
/*!40000 ALTER TABLE `subjects` DISABLE KEYS */;
INSERT INTO `subjects` VALUES (27,'Chuck','Norris','m','example@example.com',0,'a'),(1,'Lolek','Bolek','m','lolek@bolek.ro',1,'a'),(3,'Susan','Test','f','susan@test.com',1,'a'),(4,'Johnny','Test','m','j@t.com',0,'a'),(30,'james','bond','m','james@bond.com',0,'a'),(31,'Parapancea','Gianina','f','borceanugianina@yahoo.com',0,'p'),(32,'Marian','Dumitru','m','office.mariandumitru@gmail.com',0,'p'),(33,'123','123','m','123',0,'p');
/*!40000 ALTER TABLE `subjects` ENABLE KEYS */;
UNLOCK TABLES;

--
-- Table structure for table `texts`
--

DROP TABLE IF EXISTS `texts`;
/*!40101 SET @saved_cs_client     = @@character_set_client */;
/*!40101 SET character_set_client = utf8 */;
CREATE TABLE `texts` (
  `id` int(11) NOT NULL auto_increment,
  `mydata` text character set utf8,
  `ro` varchar(255) character set utf8 NOT NULL,
  PRIMARY KEY  (`id`),
  KEY `mydata` (`mydata`(333))
) ENGINE=MyISAM AUTO_INCREMENT=132 DEFAULT CHARSET=latin1;
/*!40101 SET character_set_client = @saved_cs_client */;

--
-- Dumping data for table `texts`
--

LOCK TABLES `texts` WRITE;
/*!40000 ALTER TABLE `texts` DISABLE KEYS */;
INSERT INTO `texts` VALUES (1,'List management','Gestionare liste'),(2,'Subjects management','Gestionare subieci'),(3,'Questionnaire management','Gestionare chestionare'),(4,'Study management','Gestionare studii'),(5,'Email management','Gestionare emailuri'),(6,'index','acas'),(7,'List name','Numele listei'),(8,'Description','Descriere'),(9,'View','Detalii'),(10,'Edit','Editeaz'),(11,'Add list','Adaug list'),(12,'List Name (ro)','Numele listei (ro)'),(13,'List Name (en)','Numele listei (en)'),(14,'Description (ro)','Descriere (ro)'),(15,'Description (en)','Descriere (en)'),(16,'Subjects included in the list','Subieci inclui n list'),(19,'Subjects','Subieci'),(18,'Send','Trimite'),(20,'Edit list','Editeaz lista'),(21,'Delete list','terge lista'),(22,'First Name','Nume'),(23,'Last Name','Prenume'),(24,'Gender','Sex'),(25,'Email','Email'),(26,'Add subject','Adaug subiect'),(27,'male','masculin'),(28,'female','feminin'),(29,'Subject belongs to the following lists','Subiectul aparine urmtoarelor liste'),(31,'Lists','Liste'),(32,'Edit subject','Editeaz subiectul'),(33,'Delete subject','terge subiectul'),(34,'Name','Nume'),(35,'Add questionnaire','Adaug chestionar'),(36,'Questionnaire title (ro)','Titlul chestionarului (ro)'),(37,'Questionnaire title (en)','Titlul chestionarului (en)'),(38,'Maximum score','Punctaj maxim'),(39,'Question no.','nrebarea nr.'),(40,'Question (ro)','ntrebare (ro)'),(41,'Question (en)','ntrebare (en)'),(42,'Choice (ro)','Variant (ro)'),(43,'Choice (en)','Variant (en)'),(44,'Score','Punctaj'),(45,'Add question','Adaug ntrebare'),(46,'Delete question','terge ntrebarea'),(47,'Rating grid','Grila de punctaj'),(48,'Minimum value','Valoarea minim'),(49,'Maximum value','Valoarea maxim'),(50,'Scoring','Punctaj'),(51,'Display type','Tip afiaj'),(52,'normal','normal'),(53,'radial','radial'),(54,'Questionnaire type','Tipul chestionarului'),(55,'360','360'),(56,'Questionnaire Name','Numele chestionarului'),(57,'Questions','ntrebri'),(58,'Choices','Variante de rspuns'),(59,'Ratings',''),(60,'Edit questionnaire','Editeaz chestionarul'),(61,'Choice','Variant'),(75,'Study name','Numele studiului'),(76,'Add study','Adaug studiu'),(85,'Add email',''),(84,'Body',''),(83,'Template name',''),(81,'The study applies to the following lists','Aces studiu se aplic urmtoarelor liste'),(80,'Questionnaires included in this study','Chestionare incluse n acest studiu'),(79,'Study Name (en)','Numele studiului (en)'),(78,'Study Name (ro)','Numele studiului (ro)'),(77,'Edit study','Editeaz studiu'),(86,'Edit email template',''),(87,'Template Name (ro)',''),(88,'Template Name (en)',''),(89,'Body (ro)',''),(90,'Body (en)',''),(91,'Studies related to this email',''),(93,'Studies related to this template',''),(94,'Edit template',''),(95,'Save','Salveaz'),(96,'masculin',''),(97,'feminin',''),(98,'Tested','Testat'),(99,'Filter subjects','Filtreaz'),(100,'All',''),(101,'Show all','Toi subiecii'),(102,'I am interested in','Sunt interesat de'),(103,'About this project',''),(104,'Public',''),(105,'Public list',''),(106,'Private list',''),(107,'Status',''),(108,'not tested',''),(109,'pending',''),(110,'active',''),(118,'Import',''),(116,'aproved',''),(117,'Value',''),(115,'Join the study','Particip la studiu'),(119,'Import subjects',''),(120,'The following subjects are included',''),(124,'[completeaza]',''),(125,'Add answer choice ','Adauga optiune de raspuns'),(126,'Remove choice ','Sterge optiunea de raspuns'),(127,'text field','Camp text'),(128,'Type','Tip'),(129,'Answers',''),(130,'Subject Name: ',''),(131,'Descarc n format .csv','');
/*!40000 ALTER TABLE `texts` ENABLE KEYS */;
UNLOCK TABLES;
/*!40103 SET TIME_ZONE=@OLD_TIME_ZONE */;

/*!40101 SET SQL_MODE=@OLD_SQL_MODE */;
/*!40014 SET FOREIGN_KEY_CHECKS=@OLD_FOREIGN_KEY_CHECKS */;
/*!40014 SET UNIQUE_CHECKS=@OLD_UNIQUE_CHECKS */;
/*!40101 SET CHARACTER_SET_CLIENT=@OLD_CHARACTER_SET_CLIENT */;
/*!40101 SET CHARACTER_SET_RESULTS=@OLD_CHARACTER_SET_RESULTS */;
/*!40101 SET COLLATION_CONNECTION=@OLD_COLLATION_CONNECTION */;
/*!40111 SET SQL_NOTES=@OLD_SQL_NOTES */;

-- Dump completed on 2012-08-30 12:08:08
