<tree id='0'><item text='index' id='index.html'><item text='dhtmlxslider initialization of dhtmlxslider' id='dhtmlxslider___initialization_of_dhtmlxslider.html'></item><item text='dhtmlxslider event handling' id='dhtmlxslider___event_handling.html'><item text='dhtmlxslider event onchange' id='dhtmlxslider___event_onchange.html'></item><item text='dhtmlxslider event onslideend' id='dhtmlxslider___event_onslideend.html'></item></item><item text='dhtmlxslider api constructor' id='dhtmlxslider___api_constructor.html'><item text='dhtmlxslider api constructor object' id='dhtmlxslider___api_constructor_object.html'></item></item><item text='dhtmlxslider api toc alpha' id='dhtmlxslider___api_toc_alpha.html'><item text='dhtmlxslider api method dhtmlxslider attachevent' id='dhtmlxslider___api_method_dhtmlxslider_attachevent.html'></item><item text='dhtmlxslider api method dhtmlxslider detachevent' id='dhtmlxslider___api_method_dhtmlxslider_detachevent.html'></item><item text='dhtmlxslider api method dhtmlxslider enabletooltip' id='dhtmlxslider___api_method_dhtmlxslider_enabletooltip.html'></item><item text='dhtmlxslider api method dhtmlxslider getvalue' id='dhtmlxslider___api_method_dhtmlxslider_getvalue.html'></item><item text='dhtmlxslider api method dhtmlxslider init' id='dhtmlxslider___api_method_dhtmlxslider_init.html'></item><item text='dhtmlxslider api method dhtmlxslider linkto' id='dhtmlxslider___api_method_dhtmlxslider_linkto.html'></item><item text='dhtmlxslider api method dhtmlxslider setimagepath' id='dhtmlxslider___api_method_dhtmlxslider_setimagepath.html'></item><item text='dhtmlxslider api method dhtmlxslider setmax' id='dhtmlxslider___api_method_dhtmlxslider_setmax.html'></item><item text='dhtmlxslider api method dhtmlxslider setmin' id='dhtmlxslider___api_method_dhtmlxslider_setmin.html'></item><item text='dhtmlxslider api method dhtmlxslider setonchangehandler' id='dhtmlxslider___api_method_dhtmlxslider_setonchangehandler.html'></item><item text='dhtmlxslider api method dhtmlxslider setstep' id='dhtmlxslider___api_method_dhtmlxslider_setstep.html'></item><item text='dhtmlxslider api method dhtmlxslider setvalue' id='dhtmlxslider___api_method_dhtmlxslider_setvalue.html'></item></item><item text='dhtmlxslider api toc categories' id='dhtmlxslider___api_toc_categories.html'></item></item></tree>